# Blender 4.3.2
# www.blender.org
o armadillo2_10000
v 0.249939 0.660275 -0.034368
v 0.236040 1.224975 -0.243570
v 0.299472 0.184314 -0.102128
v -0.231924 0.934323 0.082067
v 0.104877 1.116521 -0.265466
v 0.140877 0.862925 -0.222947
v -0.638144 1.619223 0.871522
v 0.181507 0.928403 -0.212334
v -0.410650 0.304347 0.057821
v -0.386201 0.775721 -0.057472
v 0.403075 0.051556 0.108923
v 0.529815 0.040824 0.035338
v -0.534276 0.047576 0.049678
v 0.017054 0.882617 -0.222268
v -0.215776 0.307528 0.066541
v 0.021893 1.291293 -0.302535
v -0.050226 1.310372 -0.306557
v -0.033392 0.934471 -0.214011
v 0.182927 1.349255 -0.324768
v 0.454692 0.629606 -0.097717
v 0.303240 0.274150 -0.001780
v 0.046192 0.671574 -0.474863
v 0.368164 0.587565 -0.102092
v 0.495196 0.809001 -0.082845
v 0.219404 1.545066 -0.332923
v 0.226894 0.842304 -0.181157
v 0.439144 0.378502 0.102994
v -0.228044 0.128436 -0.049859
v -0.276059 0.155507 0.036585
v -0.263015 0.021712 -0.040327
v 0.137415 1.321864 -0.311613
v 0.140627 0.784453 -0.151756
v 0.561644 1.549366 0.054385
v -0.185210 1.247774 -0.122766
v -0.290092 0.046809 0.039644
v 0.189217 1.590254 -0.335136
v 0.405177 0.332157 -0.207175
v 0.528487 0.354538 -0.041331
v -0.368489 0.865428 -0.020744
v -0.200339 0.604706 -0.072133
v 0.253057 0.763212 -0.137944
v 0.460779 0.013939 -0.016818
v -0.113738 0.894057 -0.185156
v 0.060651 0.939419 -0.236602
v 0.524467 0.063596 -0.058038
v 0.099502 0.671143 -0.408468
v -0.052303 0.850773 -0.183911
v -0.686952 1.517739 0.836585
v -0.316635 0.671347 -0.101806
v 0.297870 1.262109 -0.233950
v -0.211217 0.804273 -0.177124
v -0.282374 0.750755 -0.150529
v -0.034130 1.609235 -0.318815
v -0.308384 1.559918 0.058740
v 0.310905 0.675341 -0.124155
v -0.003606 1.362056 -0.333917
v -0.319901 0.597848 -0.061382
v -0.286167 1.601678 0.067340
v -0.209802 0.213238 -0.046424
v 0.272418 1.507143 -0.316721
v -0.240441 1.373258 -0.152087
v -0.335837 0.832200 -0.112314
v -0.472580 0.130008 0.031192
v 0.445628 1.622428 0.095340
v 0.365973 1.552369 -0.229895
v 0.138483 0.983456 -0.244666
v -0.464703 0.076112 -0.048692
v 0.528239 1.570050 0.070157
v 0.443808 0.118106 0.055498
v 0.395317 1.383512 -0.182251
v -0.580876 1.709271 0.868032
v 0.295801 0.282048 -0.159126
v 0.274458 0.392100 -0.003550
v 0.353887 0.034151 -0.004925
v 0.055559 0.730693 -0.385286
v 0.355846 1.752508 -0.077923
v 0.496657 0.869395 -0.025790
v -0.190235 0.378957 -0.032048
v -0.110589 0.978108 -0.180783
v -0.635038 1.590517 0.843826
v 0.432345 0.897860 -0.080443
v -0.174980 0.699794 -0.143843
v -0.610783 1.695896 0.861460
v 0.295496 0.056578 -0.092873
v 0.338368 0.185156 -0.216211
v -0.191939 0.393105 0.084958
v -0.452794 0.421972 0.058634
v -0.217073 1.293922 -0.144866
v 0.212760 1.021271 -0.234587
v -0.065990 1.028690 -0.222079
v 0.132340 1.473547 -0.353494
v -0.132876 0.639756 -0.064470
v -0.199303 0.467975 0.024409
v 0.502893 0.285923 -0.151942
v -0.221509 1.440191 -0.195334
v 0.526678 0.430526 0.074832
v -0.668586 1.621358 0.843141
v 0.358972 0.998310 0.055133
v -0.585904 1.696779 0.832635
v -0.170151 1.762068 -0.071649
v 0.527128 0.467149 -0.017533
v -0.188155 1.016475 0.055036
v 0.047103 1.480732 -0.353836
v -0.390572 0.143014 0.085056
v -0.631713 1.710085 0.840081
v 0.501540 0.721315 -0.082246
v 0.255299 0.956086 -0.184287
v -0.152545 1.275523 -0.221503
v -0.267483 0.932234 -0.095748
v -0.674920 1.567826 0.814694
v 0.480981 0.133683 -0.117689
v -0.624571 1.677629 0.836280
v -0.095029 0.696913 -0.101754
v 0.320846 0.419261 0.058885
v -0.283276 1.640356 0.065833
v -0.362358 0.235556 -0.127874
v 0.443194 0.206277 -0.199686
v -0.325902 0.915769 -0.026098
v -0.594619 1.726516 0.838729
v 0.015150 1.807232 -0.226303
v -0.446084 0.474195 -0.023363
v -0.630604 1.619473 0.828421
v 0.072861 0.743810 -0.206469
v -0.289951 0.249679 0.084997
v 0.024120 0.801803 -0.139740
v 0.308454 0.542051 0.036219
v 0.536172 0.532674 0.064511
v 0.224857 1.105709 -0.242465
v -0.232171 0.506933 0.092660
v -0.232443 0.518517 -0.028035
v 0.337959 1.678659 -0.207040
v -0.423613 0.559978 0.011171
v -0.628492 1.598736 0.787725
v -0.690404 1.616535 0.802212
v -0.661020 1.689272 0.805230
v -0.619140 1.723950 0.809947
v -0.252730 1.461477 -0.159841
v -0.018412 0.752467 -0.069783
v -0.710083 1.563242 0.781807
v -0.097596 1.081577 -0.204217
v -0.621724 1.661180 0.803751
v 0.377082 0.971147 -0.049768
v 0.550834 0.639342 0.022472
v -0.641658 1.529357 0.784109
v -0.195380 0.602988 0.088913
v -0.167310 0.585674 0.010885
v 0.036066 1.592780 -0.344459
v -0.441106 0.619044 0.075513
v 0.402377 1.462012 -0.188836
v -0.055046 1.137380 -0.236946
v 0.494096 0.560791 -0.041482
v 0.280565 0.374730 -0.097438
v 0.278509 1.161728 -0.201150
v 0.098240 0.688256 -0.280737
v 0.053251 1.348167 -0.333682
v -0.406980 0.671194 -0.019770
v -0.193866 1.542911 -0.242821
v -0.691182 1.499465 0.780247
v 0.113472 1.520519 0.781453
v -0.088218 1.360842 -0.308506
v -0.108131 0.637905 0.007900
v 0.103755 0.792634 -0.052575
v -0.600547 1.706368 0.794339
v -0.136179 0.682287 0.104453
v 0.047945 1.547300 -0.353320
v 0.081317 1.588229 -0.346542
v -0.284071 0.493589 -0.084577
v -0.110239 1.140029 -0.196506
v 0.366611 1.314858 -0.189021
v 0.280981 0.626495 0.077162
v 0.229677 0.700477 0.059831
v 0.178064 1.802390 -0.222021
v -0.051831 0.710300 -0.010159
v -0.343281 0.116974 -0.139383
v 0.085287 1.305516 -0.298023
v -0.088488 1.202075 -0.220848
v 0.062630 1.836168 -0.194889
v -0.087970 1.549881 -0.317370
v 0.428880 1.472215 -0.133407
v -0.099195 0.790744 -0.161074
v 0.182151 0.743282 -0.021710
v -0.675041 1.662178 0.780393
v 0.555410 0.729226 0.023574
v 0.110683 1.384334 -0.340431
v 0.123826 1.579816 -0.348856
v -0.247768 0.968272 -0.002530
v -0.659172 1.713130 0.782716
v 0.428257 1.652739 0.048095
v 0.076785 1.487000 0.770439
v -0.375471 0.025540 -0.063948
v -0.026611 1.232140 -0.268863
v 0.070206 1.627583 -0.336110
v 0.108062 1.621526 -0.336554
v -0.430730 0.726464 0.068066
v -0.200789 1.393637 -0.211376
v -0.409715 0.783127 0.024616
v -0.607083 1.640492 0.750858
v 0.481895 0.198001 -0.042681
v 0.328431 0.806629 -0.167503
v 0.126141 1.480229 0.766589
v 0.536907 0.796650 0.006789
v -0.015090 1.801897 -0.213970
v 0.201035 1.450673 -0.340781
v 0.069338 0.791292 0.016330
v -0.695965 1.648857 0.754611
v 0.344925 0.947645 -0.126906
v 0.356739 0.324407 0.059698
v -0.596923 1.693440 0.758133
v -0.677799 1.711250 0.747250
v -0.620333 1.721753 0.754846
v 0.131699 0.762624 -0.271141
v 0.328480 1.029879 -0.112561
v -0.200981 1.009247 -0.083392
v -0.097717 1.262232 -0.261622
v 0.333842 1.776565 -0.078691
v 0.045125 1.511495 0.750545
v 0.019954 1.629465 -0.324761
v -0.713765 1.505285 0.736653
v -0.151767 1.660711 -0.225108
v 0.123091 1.542967 0.734028
v -0.151836 1.092829 -0.130181
v -0.651567 1.727096 0.743845
v 0.335706 1.113665 -0.085182
v -0.164429 1.144656 -0.087441
v -0.315538 0.897027 0.066951
v 0.321428 1.159780 -0.135177
v 0.443803 0.920418 0.030418
v -0.579426 1.787594 0.755016
v -0.554799 1.803067 0.753167
v -0.582077 1.816057 0.756936
v -0.169477 1.347147 -0.235444
v -0.176808 1.094241 -0.012362
v -0.549873 1.825320 0.759284
v -0.569324 1.827862 0.745916
v -0.171205 1.197753 -0.061586
v 0.091781 1.459654 0.730984
v -0.135069 1.202003 -0.160566
v 0.350248 1.193689 -0.059155
v 0.182742 1.495179 0.721607
v 0.336190 1.347992 -0.238340
v 0.141446 1.812662 -0.220140
v 0.347735 1.222570 -0.126467
v -0.729291 1.543785 0.712364
v 0.392704 1.261246 -0.096922
v -0.721516 1.597964 0.732666
v -0.623875 1.553170 0.734047
v -0.694038 1.685748 0.744550
v -0.213522 1.252539 -0.036205
v 0.138616 1.454960 0.723034
v 0.028968 1.482590 0.724134
v -0.648518 1.498569 0.713638
v -0.248920 1.319817 -0.090487
v 0.066971 1.539030 0.727263
v 0.420233 1.340674 -0.060495
v -0.425931 0.193319 -0.022136
v 0.344015 1.127010 -0.006561
v -0.593443 1.669986 0.735000
v 0.422418 1.408267 -0.099975
v -0.605851 1.806792 0.738090
v -0.256072 1.508539 -0.168006
v -0.271475 1.402303 -0.091547
v 0.214193 1.289058 -0.289258
v 0.156175 1.630100 -0.330195
v -0.162234 1.148016 0.052432
v 0.355043 1.192264 0.007154
v 0.446675 1.428650 -0.065738
v -0.281400 1.458456 -0.103638
v 0.367734 1.411225 -0.230595
v -0.178617 1.419113 -0.255124
v -0.179933 1.194288 0.008392
v 0.519108 0.379525 -0.131693
v -0.598732 1.712922 0.733366
v 0.379534 1.233846 0.030906
v -0.612816 1.779412 0.742277
v -0.289247 1.505801 -0.097284
v -0.567585 1.800892 0.723317
v -0.243818 1.279627 0.051889
v 0.435311 1.508596 -0.104190
v 0.414902 0.058339 -0.195429
v 0.426862 1.299155 0.012954
v 0.310778 1.074865 0.069081
v 0.454361 1.502247 -0.065146
v -0.295207 1.529319 -0.037968
v 0.383875 1.499083 -0.218972
v -0.196571 1.475151 -0.242839
v -0.256413 1.298185 -0.011781
v 0.434910 1.549516 -0.093794
v -0.269403 1.581264 -0.111228
v 0.434354 1.591687 -0.083036
v -0.592688 1.748577 0.733499
v 0.245700 1.349466 -0.299130
v -0.410655 0.014955 0.065916
v -0.646619 1.756909 0.711611
v 0.456784 1.343427 -0.006722
v 0.798235 1.788695 0.732038
v -0.293722 1.347301 0.038917
v -0.590356 1.815448 0.722114
v 0.484680 1.322428 0.044057
v 0.526754 1.350559 0.009403
v 0.564691 1.346187 0.041540
v -0.263100 1.624770 -0.082684
v 0.416994 1.641772 -0.090578
v -0.227636 1.499393 -0.209790
v 0.351058 1.041010 -0.023238
v 0.083024 1.840514 -0.188887
v -0.225974 1.656664 -0.128326
v -0.340726 1.403876 0.021955
v 0.051297 0.660511 -0.341614
v 0.279221 1.034402 -0.183093
v 0.867942 1.721835 0.703580
v 0.406613 0.014919 -0.109451
v 0.399693 1.686055 -0.080088
v -0.228004 1.684416 -0.086936
v -0.621891 1.791475 0.706558
v 0.220403 1.764857 -0.239331
v 0.602257 1.429571 0.031889
v 0.376152 1.717659 -0.099282
v 0.822644 1.784898 0.729190
v -0.231969 1.549380 -0.196628
v 0.818053 1.803986 0.713472
v -0.208894 1.712407 -0.087638
v 0.418818 1.533974 -0.156658
v -0.185805 1.727644 -0.106386
v 0.014665 1.537709 0.673621
v 0.086610 1.560540 0.691947
v -0.597148 1.613544 0.698151
v -0.693410 1.703032 0.710098
v -0.329813 1.469344 0.010045
v 0.595677 1.536723 0.078910
v -0.348487 1.545185 0.059218
v -0.378551 1.462151 0.031478
v -0.208701 1.596124 -0.202180
v -0.572230 1.763009 0.713807
v -0.141477 1.787708 -0.096582
v 0.373549 1.600961 -0.209626
v 0.612731 1.500633 0.056448
v 0.300505 1.800333 -0.093904
v 0.370105 0.495793 0.113621
v -0.123197 1.808511 -0.074200
v -0.109558 1.810594 -0.098343
v 0.565238 1.470637 -0.000821
v 0.171570 1.533651 0.698457
v 0.333524 1.636038 -0.236070
v 0.263423 1.833175 -0.087019
v -0.448939 0.532681 0.130279
v -0.166317 1.626272 -0.233172
v -0.381875 1.515062 0.051337
v -0.086995 1.834964 -0.086085
v -0.333771 1.515871 0.025497
v -0.253897 0.407742 -0.108385
v 0.552172 1.516739 0.010634
v -0.707458 1.660812 0.710260
v -0.667994 1.726118 0.712231
v 0.299098 1.096336 -0.162732
v -0.069102 1.841749 -0.100183
v 0.243113 1.846375 -0.088857
v -0.302953 1.543841 0.015621
v -0.044944 1.858789 -0.093903
v 0.362414 1.639833 -0.198785
v 0.809289 1.776026 0.699144
v 0.844379 1.779002 0.710475
v 0.211897 1.861364 -0.093493
v 0.507309 1.565570 0.033941
v -0.035150 1.871018 -0.071373
v -0.016594 1.877953 -0.073022
v 0.168262 1.873482 -0.083013
v -0.290487 1.581158 0.029207
v 0.474553 1.576922 0.011683
v -0.610971 1.549658 0.691438
v -0.415967 0.291140 -0.087169
v 0.191137 1.871764 -0.079768
v 0.181839 1.867685 -0.101196
v -0.010879 1.866995 -0.107463
v 0.006352 1.885107 -0.074796
v 0.148824 1.877564 -0.103465
v 0.295909 1.710042 -0.229044
v -0.282574 1.630969 0.017995
v -0.721932 1.618478 0.679952
v -0.585029 1.671755 0.697266
v 0.008775 1.878080 -0.093657
v 0.898338 1.694597 0.698381
v -0.117146 1.690632 -0.224602
v -0.578934 1.722583 0.708057
v 0.469978 1.598634 0.050300
v 0.030108 1.882482 -0.085053
v 0.447178 0.521447 -0.097272
v -0.394762 1.548843 0.082704
v 0.446918 1.616649 0.008210
v 0.046105 1.884654 -0.094082
v 0.054202 1.880372 -0.109764
v 0.115597 1.889820 -0.085751
v 0.129050 1.888925 -0.081748
v 0.024565 1.824088 -0.207955
v 0.153577 1.881242 -0.078588
v 0.069296 1.885211 -0.099273
v 0.088685 1.885133 -0.100478
v -0.255063 1.666584 0.045774
v -0.231900 0.046935 -0.131560
v -0.336515 0.346384 -0.137443
v 0.410553 1.677758 0.004722
v 0.135541 1.557758 0.687473
v -0.237234 1.693534 -0.012889
v -0.083759 1.737386 -0.230009
v 0.386365 1.700831 0.042983
v -0.019627 1.407025 -0.338261
v -0.212555 1.709350 0.051276
v 0.381610 1.717918 0.011942
v 0.297517 1.735525 -0.212253
v -0.201369 1.736544 0.000381
v 0.887374 1.729164 0.700712
v 0.842313 1.759080 0.691651
v 0.265201 1.761233 -0.217512
v 0.160916 1.450371 0.666130
v 0.061033 1.445093 0.671683
v -0.329167 0.017027 -0.139189
v 0.350453 1.751024 0.010123
v 0.013414 1.482928 0.667212
v -0.681211 1.493205 0.669068
v 0.331767 1.778141 0.021993
v -0.173770 1.760291 0.009028
v -0.068399 1.765765 -0.217230
v -0.150832 1.787518 0.019453
v 0.311325 0.025729 -0.216259
v -0.050337 1.757338 -0.239603
v 0.309147 1.799116 0.024686
v -0.134658 1.806488 0.024108
v -0.117604 1.829323 0.026313
v 0.299502 1.819079 0.013366
v -0.047468 1.791198 -0.207886
v 0.395224 1.554733 -0.192719
v -0.270344 0.863279 -0.152975
v 0.283789 1.829837 0.037178
v 0.832904 1.805396 0.687108
v -0.593477 1.786185 0.691697
v -0.102036 1.842688 0.029655
v 0.269481 1.843878 0.011913
v -0.020617 1.783505 -0.229241
v -0.085958 1.855911 0.027288
v 0.209022 1.793519 -0.214537
v 0.247017 1.857586 0.019030
v -0.067629 1.869612 0.013289
v 0.225677 1.868274 0.012243
v 0.196294 1.779521 -0.240196
v 0.232306 1.863088 0.039212
v -0.054210 1.875643 0.021874
v -0.728205 1.576382 0.683499
v -0.039963 1.879382 0.017913
v 0.213761 1.879570 0.034878
v -0.026538 1.891498 0.018140
v 0.861423 1.701772 0.665362
v 0.186159 1.893052 0.024962
v -0.198722 1.331649 -0.194847
v -0.184992 0.867667 -0.171101
v -0.271576 1.549487 -0.137942
v 0.903342 1.717187 0.663375
v -0.012488 1.897750 0.030036
v 0.152673 1.902099 0.025336
v 0.177315 1.894582 0.011540
v 0.100926 1.901634 0.027678
v 0.860463 1.789341 0.688078
v 0.118715 1.906257 0.023232
v 0.150571 1.900487 0.006189
v 0.132408 1.905962 0.026042
v 0.161395 1.899131 0.013881
v 0.013468 1.905652 0.009596
v -0.264110 0.169150 -0.127082
v 0.013692 1.906622 0.029207
v 0.032916 1.910706 0.020764
v 0.087262 1.909950 0.028353
v -0.722487 1.536306 0.656592
v 0.043060 1.912543 0.025042
v 0.062105 1.913937 0.016255
v 0.076215 1.914035 0.027190
v 0.051400 1.823381 -0.213729
v 0.090808 1.502759 -0.352404
v -0.710381 1.660543 0.673066
v -0.703389 1.691767 0.667016
v -0.567548 1.715354 0.679327
v 0.061824 1.803216 -0.239402
v -0.578371 1.758232 0.687960
v 0.110097 1.807204 -0.234370
v -0.647869 1.766681 0.675025
v 0.395400 1.597758 -0.166292
v 0.085745 1.813569 -0.229549
v -0.242568 1.595839 -0.152462
v 0.551213 0.655938 0.113711
v -0.674109 1.732463 0.680088
v 0.540434 0.751701 0.088992
v 0.157172 1.421319 -0.346620
v -0.232695 0.276338 -0.100672
v 0.757212 1.860394 0.680923
v 0.756986 1.885926 0.683595
v 0.116955 1.437670 0.676836
v -0.069226 0.765929 0.095954
v 0.206719 1.514898 0.633026
v 0.110263 1.587080 0.654241
v -0.571872 1.740176 0.665055
v 0.290713 0.107967 -0.184225
v 0.865126 1.796984 0.660013
v 0.820858 1.790237 0.660129
v 0.771629 1.884065 0.673516
v 0.744546 1.875679 0.678709
v 0.318431 0.483272 -0.056927
v -0.444646 0.368171 -0.052900
v 0.154237 1.575269 0.631394
v -0.589467 1.575110 0.661932
v 0.185397 0.777161 0.102788
v -0.373600 0.813998 0.113934
v 0.875376 1.657394 0.662987
v 0.365572 0.152730 -0.008957
v 0.824216 1.753686 0.667003
v 0.872521 1.764913 0.665755
v -0.621795 1.768810 0.663612
v 0.779598 1.860302 0.677622
v 0.788509 1.872003 0.671409
v 0.515289 0.036290 0.130735
v 0.755694 1.883622 0.667278
v -0.006593 1.462846 -0.345977
v -0.624177 1.494210 0.636373
v -0.004147 1.538683 0.607792
v -0.381979 0.463756 -0.107713
v 0.048476 1.565180 0.637079
v -0.579711 1.642691 0.665527
v -0.685096 1.724182 0.653173
v -0.003762 0.780017 0.053287
v -0.266026 1.349365 -0.035293
v 0.767987 1.847993 0.661656
v 0.790746 1.848341 0.663857
v 0.095892 0.793797 0.097174
v 0.296301 1.213759 -0.180728
v -0.589778 1.535790 0.639905
v 0.008130 0.824689 0.137114
v 0.418070 0.260700 0.024157
v -0.566959 1.687847 0.649697
v -0.653870 1.748042 0.640795
v 0.846487 1.738000 0.657380
v -0.596720 1.757649 0.660131
v 0.052900 0.773885 -0.297555
v 0.258506 1.404758 -0.308393
v 0.848639 1.800774 0.641383
v 0.754029 1.865388 0.663588
v 0.783323 1.882480 0.651365
v 0.769622 1.885701 0.659599
v 0.131580 1.440522 0.627607
v 0.311541 1.797309 -0.057201
v -0.367489 0.531945 -0.058273
v -0.569862 1.600552 0.634579
v 0.509161 0.843102 0.058329
v 0.874516 1.790146 0.636081
v 0.803633 1.871677 0.649257
v 0.386923 1.644271 -0.154711
v -0.135961 1.392303 -0.289096
v -0.194815 1.648787 -0.176592
v -0.720419 1.601432 0.643234
v -0.556289 1.649727 0.612833
v -0.712356 1.633871 0.631426
v 0.904156 1.641660 0.637152
v 0.842963 1.668472 0.631126
v -0.024157 1.519835 -0.340716
v 0.813700 1.848442 0.647488
v 0.068198 0.843177 -0.255991
v 0.924477 1.682505 0.641144
v 0.833992 1.713214 0.637470
v 0.887022 1.749961 0.637581
v 0.822331 1.741756 0.636470
v 0.774832 1.838284 0.638449
v 0.764969 1.855255 0.642986
v 0.764114 1.875755 0.644372
v -0.288254 1.416627 -0.018334
v 0.023800 1.472288 0.618520
v -0.684044 1.505538 0.608275
v 0.109868 1.836831 -0.194544
v 0.188229 1.553970 0.614436
v -0.693990 1.690254 0.622062
v 0.888961 1.772253 0.617298
v 0.792074 1.825452 0.639156
v -0.188129 1.685991 -0.155870
v 0.801320 1.874304 0.627776
v -0.709864 1.564398 0.608669
v 0.104162 1.658611 -0.330886
v 0.300834 0.577796 -0.043634
v -0.612937 1.741217 0.629350
v 0.832125 1.789688 0.619693
v 0.826858 1.842018 0.627054
v 0.816957 1.863055 0.633081
v 0.781211 1.876835 0.632865
v 0.210363 1.395683 -0.327100
v 0.188447 1.480495 0.607758
v 0.370640 1.674987 -0.168320
v -0.288105 1.461053 -0.051723
v 0.063655 1.627500 0.615105
v 0.076653 1.826494 -0.213228
v -0.152062 1.090869 0.064285
v 0.933758 1.658965 0.594567
v 0.919637 1.699085 0.612611
v -0.576771 1.710209 0.619254
v -0.672081 1.724143 0.620724
v 0.904613 1.731197 0.606640
v -0.123151 1.042461 0.112335
v 0.805274 1.773664 0.604639
v 0.864930 1.791661 0.608807
v 0.055629 1.677972 -0.321823
v 0.136137 1.615946 0.617906
v 0.129058 1.644094 0.592858
v 0.324846 1.144665 0.072861
v 0.800805 1.805634 0.612760
v -0.106983 1.456027 -0.316048
v 0.775571 1.865961 0.620381
v 0.112138 1.407926 0.590696
v 0.177210 1.597213 0.589494
v -0.194519 1.216124 0.109445
v 0.356909 1.199838 0.083542
v 0.851368 1.618487 0.600119
v -0.257969 1.663086 0.089286
v -0.177287 1.714854 -0.143877
v 0.823124 1.686327 0.599785
v 0.811198 1.723265 0.606668
v -0.230243 1.682270 0.089513
v 0.104609 1.825081 -0.214265
v 0.779152 1.837588 0.610771
v 0.814606 1.865105 0.609125
v -0.226023 1.261690 0.110135
v -0.582911 1.458969 0.603923
v 0.005857 1.492564 0.556686
v -0.560942 1.506273 0.591330
v 0.431171 1.297872 0.112044
v 0.010490 1.662932 0.596425
v 0.084125 1.657570 0.585235
v 0.352686 1.710069 -0.167699
v 0.504520 1.307740 0.121614
v -0.643055 1.728020 0.606466
v 0.399883 1.675494 0.090592
v 0.843031 1.832278 0.596138
v 0.640919 1.448950 0.065366
v 0.831203 1.850628 0.586062
v 0.787811 1.865304 0.608660
v 0.002752 1.685432 -0.306393
v -0.144077 1.713459 -0.191411
v -0.287745 1.576010 -0.048935
v -0.549258 1.569983 0.601879
v -0.329099 1.333374 0.103658
v 0.015641 1.606664 0.590221
v 0.607742 1.365913 0.062598
v -0.362927 1.360883 0.061216
v -0.695280 1.653829 0.596178
v 0.827251 1.648514 0.585377
v -0.616904 1.719006 0.594439
v 0.639977 1.402353 0.071145
v -0.410661 1.422511 0.056800
v 0.036732 1.703826 -0.305727
v 0.320919 1.729706 -0.187638
v 0.058937 1.411546 0.580005
v -0.128786 1.748942 -0.169747
v 0.158352 1.451050 0.580097
v 0.211730 1.536948 0.573449
v 0.257433 1.464635 -0.317060
v 0.556226 1.410258 -0.006183
v 0.890133 1.612549 0.599190
v 0.191055 1.653280 0.589290
v 0.919755 1.626719 0.583021
v 0.048972 1.693067 0.569271
v -0.590866 1.692788 0.567928
v 0.921327 1.700441 0.577277
v -0.415864 1.488194 0.060472
v 0.897796 1.764526 0.579064
v -0.630043 1.444904 0.576069
v -0.531279 1.530627 0.571365
v -0.432504 1.527127 0.102803
v 0.103498 1.695770 -0.317628
v -0.698385 1.596594 0.572898
v -0.529676 1.599406 0.583068
v 0.326655 0.888786 -0.157725
v 0.285741 1.777728 -0.173286
v -0.300666 1.499043 -0.006503
v -0.117377 1.512316 -0.310008
v -0.654289 1.694771 0.571649
v 0.360475 1.710728 0.077991
v 0.851519 1.805589 0.590276
v 0.790094 1.848327 0.583740
v 0.760949 1.899431 0.597170
v 0.751378 1.885280 0.590425
v 0.748282 1.905310 0.593303
v 0.269422 1.292280 -0.267174
v -0.103338 1.833073 -0.057302
v -0.247683 1.667278 -0.056116
v -0.712468 1.539532 0.548005
v -0.248690 1.679903 0.013164
v 0.419750 1.664047 -0.043979
v -0.545467 1.671519 0.575060
v -0.522698 1.644601 0.581901
v 0.389657 1.680817 -0.121181
v 0.796030 1.726399 0.565333
v -0.100765 1.787668 -0.150712
v -0.142796 1.799424 -0.001866
v 0.780295 1.793263 0.575031
v 0.779285 1.817856 0.579929
v 0.316709 1.797696 -0.003606
v 0.810387 1.857454 0.585560
v 0.769817 1.888981 0.589494
v 0.090563 1.440100 -0.352996
v 0.361798 1.726753 -0.128982
v -0.549254 1.466925 0.564531
v 0.251148 1.852718 -0.002964
v -0.163864 1.756882 -0.110659
v -0.017965 1.545962 0.555269
v 0.212145 1.879671 0.001497
v -0.175055 0.947870 -0.151687
v 0.382831 1.721176 -0.054996
v 0.195704 1.888274 0.011191
v -0.010518 1.897943 0.005061
v -0.202633 1.698326 0.096867
v 0.100479 1.900407 0.001982
v 0.113468 1.902779 -0.001518
v 0.203169 1.622333 0.577102
v 0.125448 1.905979 0.012094
v -0.177404 1.734944 0.066337
v 0.338534 1.741235 0.075700
v 0.347404 1.460951 -0.251708
v 0.784234 1.757989 0.571621
v 0.872057 1.792619 0.567152
v -0.162427 1.767960 0.045967
v -0.198820 1.735088 -0.068286
v 0.788900 1.843529 0.562017
v 0.219666 1.851350 -0.112686
v 0.772369 1.902373 0.577860
v 0.749028 1.901750 0.575960
v 0.758901 1.908731 0.579929
v 0.312207 1.776869 0.077360
v -0.578070 1.421084 0.548009
v -0.684143 1.474067 0.555333
v -0.079425 1.787581 -0.181731
v 0.163479 1.867815 -0.110178
v -0.134727 1.794124 0.056911
v 0.298786 1.798842 0.057908
v 0.874761 1.593395 0.555478
v 0.033699 1.872818 -0.112126
v -0.106437 1.830169 0.058345
v 0.265560 1.838452 0.073822
v 0.130357 1.692915 0.561015
v 0.244068 1.804403 -0.176098
v 0.109923 1.883346 -0.101212
v 0.133326 1.882874 -0.096289
v 0.256855 1.810891 -0.141646
v 0.680508 1.485690 0.103780
v -0.092777 1.844705 0.052290
v -0.157211 1.594379 -0.255193
v 0.146698 1.427858 0.539927
v -0.071369 1.858507 0.070328
v 0.237992 1.861457 0.064662
v 0.218597 1.869976 0.064136
v -0.043628 1.876177 0.082688
v 0.205737 1.882271 0.066340
v -0.046091 1.878373 0.056351
v -0.059753 1.812316 -0.170116
v -0.033229 1.880672 0.069581
v -0.016295 1.643575 0.555601
v -0.003903 1.684407 0.554777
v -0.497740 1.657987 0.556136
v -0.014816 1.894962 0.056974
v 0.222974 1.822664 -0.152539
v 0.182763 1.893903 0.052169
v 0.186757 1.891103 0.071008
v -0.018793 1.887966 0.073018
v 0.189045 1.688564 0.546928
v -0.005761 1.897701 0.066607
v 0.167271 1.898425 0.066178
v 0.913228 1.740942 0.556511
v 0.016957 1.906342 0.056618
v 0.303979 1.666310 -0.247824
v 0.093202 1.905468 0.050452
v 0.096465 1.902439 0.065903
v 0.108228 1.904209 0.065161
v 0.856027 1.820747 0.571832
v 0.815618 1.844773 0.559806
v 0.150186 1.903567 0.060737
v 0.781414 1.864471 0.571828
v 0.783759 1.890129 0.565269
v 0.036976 1.906862 0.083615
v -0.163852 1.973659 0.576551
v -0.156452 1.969746 0.575703
v -0.152743 1.975213 0.575445
v -0.176587 1.978443 0.576545
v -0.168817 1.978615 0.577833
v -0.183985 1.983658 0.575077
v -0.172546 1.983144 0.576970
v -0.162706 1.982050 0.575352
v -0.178555 1.985386 0.575782
v 0.088305 1.904011 0.074516
v 0.117031 1.907295 0.054647
v 0.127587 1.907672 0.052221
v 0.129034 1.906148 0.074931
v 0.037539 1.910560 0.060910
v 0.047638 1.911508 0.065698
v 0.072514 1.912766 0.057739
v -0.045640 1.826861 -0.155719
v 0.306827 1.554439 -0.288343
v -0.682262 1.653388 0.564446
v 0.089132 1.701689 0.563087
v -0.562302 1.693703 0.530449
v 0.793576 1.691445 0.541517
v 0.773232 1.774932 0.544595
v 0.763790 1.861445 0.574099
v 0.749722 1.869310 0.566714
v -0.099018 1.915863 0.570250
v -0.086632 1.908216 0.569468
v 0.760380 1.901035 0.560959
v -0.107442 1.931614 0.571694
v -0.154139 1.788332 -0.061348
v -0.118272 1.934291 0.571283
v -0.130585 1.944631 0.569525
v -0.125360 1.946342 0.573555
v -0.119752 1.950195 0.572175
v -0.136586 1.952949 0.573598
v -0.142850 1.954897 0.570466
v -0.102621 1.947643 0.567934
v -0.137771 1.962222 0.574785
v -0.153739 1.963701 0.572285
v -0.148782 1.965009 0.575566
v -0.160178 1.966269 0.569816
v -0.118638 1.966417 0.567525
v -0.172538 1.971971 0.571180
v -0.142647 1.973533 0.573049
v -0.187320 1.977804 0.569883
v 0.266628 1.577313 -0.308411
v 0.241224 1.736716 -0.252013
v -0.144409 1.987436 0.565994
v -0.190391 1.985442 0.570000
v -0.182651 1.989109 0.571333
v -0.169642 1.988938 0.571387
v -0.156142 1.989608 0.567570
v 0.096045 1.407693 0.534016
v 0.033983 1.447875 0.521563
v 0.186762 1.490713 0.522330
v -0.024401 1.601786 0.549022
v -0.501548 1.612924 0.546349
v 0.178729 1.830682 -0.172571
v 0.818809 1.618935 0.555074
v 0.913069 1.613439 0.544515
v 0.218213 1.639208 0.534052
v 0.809612 1.660385 0.556148
v 0.001096 1.779967 -0.250099
v 0.171966 1.785840 -0.242783
v 0.039153 1.728237 0.547598
v 0.842024 1.837613 0.551644
v -0.051327 1.864540 0.562191
v -0.056523 1.884428 0.565378
v -0.063487 1.870887 0.544790
v -0.079152 1.888370 0.560983
v 0.748488 1.883972 0.555970
v -0.075156 1.899618 0.568088
v -0.059595 1.900198 0.563897
v 0.213820 1.813399 -0.181312
v -0.071627 1.915821 0.565112
v -0.110198 1.924209 0.567892
v -0.085843 1.930170 0.566666
v -0.092442 1.941327 0.566448
v -0.123692 1.937233 0.564487
v 0.287642 1.821473 -0.058454
v -0.141271 1.952538 0.562063
v -0.151627 1.959665 0.564604
v -0.168253 1.966446 0.560808
v -0.182016 1.971643 0.562828
v -0.130746 1.980807 0.565792
v -0.195093 1.985060 0.565060
v -0.188851 1.990631 0.565027
v -0.174020 1.993599 0.564041
v -0.159912 1.993082 0.564254
v -0.026140 1.820962 -0.178400
v -0.516292 1.481622 0.527013
v -0.498327 1.552326 0.533076
v 0.212263 1.539094 0.497406
v 0.000108 1.837619 -0.157626
v 0.214568 1.582749 0.538501
v 0.930821 1.646742 0.531442
v 0.933421 1.681291 0.543811
v 0.258139 1.837924 -0.056674
v 0.150352 1.724538 0.536641
v 0.077390 1.731130 0.540440
v 0.919931 1.711752 0.526803
v -0.070531 1.851776 -0.076952
v 0.771034 1.820280 0.545735
v 0.765100 1.844894 0.556875
v 0.750169 1.864739 0.543616
v -0.035754 1.878808 0.556433
v 0.793717 1.874908 0.551092
v -0.040031 1.893102 0.558185
v -0.047602 1.901804 0.559703
v -0.061673 1.918265 0.560979
v -0.053482 1.914531 0.557963
v 0.773983 1.900239 0.559462
v -0.100535 1.912265 0.559470
v -0.099382 1.915392 0.548607
v -0.108068 1.922333 0.557612
v -0.069768 1.927371 0.561788
v -0.117120 1.933187 0.554794
v -0.090853 1.945904 0.564006
v -0.128874 1.943546 0.557216
v -0.075174 1.941074 0.557437
v -0.090984 1.955721 0.558370
v -0.081695 1.849584 -0.053851
v 0.011748 1.833778 -0.181655
v -0.113498 1.974132 0.561099
v -0.191635 1.970771 0.555877
v -0.196409 1.978357 0.562475
v -0.196768 1.984880 0.559521
v -0.128462 1.986326 0.560450
v -0.190523 1.991053 0.556508
v -0.184081 1.993929 0.557648
v -0.157976 1.996866 0.556250
v -0.148073 1.994287 0.558764
v -0.136517 1.992833 0.556293
v -0.171860 1.997342 0.555463
v 0.034473 1.845977 -0.164071
v -0.682173 1.452203 0.497413
v 0.239340 1.851982 -0.063210
v -0.123146 1.571065 -0.294262
v -0.059003 1.862329 -0.060686
v 0.219238 1.862898 -0.072519
v 0.488573 0.454872 -0.139332
v -0.715251 1.588100 0.526886
v 0.167287 1.843925 -0.153704
v -0.694012 1.640406 0.524897
v -0.651241 1.684632 0.525790
v 0.008949 1.720675 0.547654
v 0.125946 1.740598 0.524819
v 0.893115 1.763798 0.543085
v 0.879829 1.789091 0.526636
v -0.027619 1.857002 0.549547
v 0.411660 0.450874 -0.159145
v 0.755001 1.842128 0.535910
v 0.146715 1.843996 -0.170249
v 0.756681 1.883917 0.540225
v -0.092109 1.903268 0.557381
v -0.040268 1.906932 0.551884
v -0.056829 1.926203 0.553842
v 0.165811 1.876238 -0.061065
v -0.137374 1.948713 0.550131
v -0.152882 1.958345 0.555595
v -0.099338 1.973103 0.552019
v -0.076841 1.959979 0.544727
v -0.163304 1.959948 0.549351
v -0.196841 1.972785 0.555095
v -0.199224 1.977062 0.551952
v -0.120361 1.986938 0.553752
v -0.194214 1.985827 0.549386
v -0.177758 1.997233 0.551720
v 0.180641 1.875085 -0.065752
v 0.793826 1.644382 0.526061
v -0.085824 1.592259 -0.306696
v -0.502276 1.672936 0.519285
v -0.609654 1.698750 0.517599
v -0.158408 1.479665 -0.279715
v 0.222014 1.621908 -0.309124
v 0.861682 1.817254 0.539129
v 0.246568 1.818522 0.535057
v 0.129763 1.859367 -0.155789
v 0.260661 1.848299 0.545622
v -0.045589 1.840130 0.540748
v 0.257186 1.876963 0.538296
v 0.017536 1.888140 -0.064643
v 0.268271 1.894672 0.537658
v 0.043551 1.889352 -0.076339
v 0.279566 1.876373 0.545158
v -0.075200 1.887389 0.546665
v -0.025538 1.883757 0.547189
v 0.290150 1.907588 0.546901
v 0.152099 1.883197 -0.063465
v -0.089306 1.904596 0.542107
v 0.310108 1.478729 -0.289320
v 0.774082 1.892071 0.543260
v 0.300808 1.911499 0.548299
v 0.078372 1.856834 -0.164375
v 0.309132 1.929581 0.546995
v -0.110463 1.927101 0.550207
v -0.050429 1.928279 0.546086
v 0.314596 1.930430 0.546199
v -0.057446 1.939946 0.544042
v 0.320772 1.936215 0.546075
v -0.121076 1.936674 0.547227
v 0.137645 1.889630 -0.065511
v -0.064774 1.947471 0.544735
v 0.319327 1.941394 0.547203
v -0.167453 1.689268 -0.180938
v 0.324669 1.943347 0.547441
v -0.151903 1.954302 0.545985
v -0.178329 1.963226 0.548293
v -0.085797 1.967010 0.546318
v -0.199037 1.972457 0.548891
v -0.196518 1.969407 0.548741
v -0.098597 1.978968 0.544565
v -0.107692 1.987115 0.539827
v -0.181849 1.995542 0.544414
v -0.125172 1.992986 0.546815
v -0.169026 1.999124 0.548845
v -0.152757 1.999232 0.545807
v -0.138550 1.997411 0.546295
v 0.051022 1.893400 -0.057620
v -0.520846 1.414843 0.511587
v 0.077349 1.895697 -0.070036
v 0.096581 1.854707 -0.169023
v 0.101890 1.895373 -0.073790
v -0.051495 1.563977 0.520978
v -0.051675 1.601786 0.523804
v -0.043767 1.648995 0.518097
v 0.116414 1.894527 -0.070781
v -0.470633 1.628610 0.523183
v 0.113159 1.866313 -0.144553
v -0.018256 1.720996 0.529445
v 0.176017 1.735483 0.521034
v 0.014035 1.744703 0.525147
v 0.115082 1.850654 -0.171912
v -0.083916 1.636774 -0.288700
v 0.236996 1.838431 0.538735
v 0.238789 1.858915 0.532363
v 0.811996 1.846933 0.536349
v -0.057829 1.863807 0.520257
v -0.014909 1.877778 0.534551
v -0.076002 1.888945 0.529034
v 0.287303 1.917419 0.539289
v -0.038914 1.915707 0.542940
v 0.299371 1.923507 0.544646
v 0.308173 1.914198 0.539944
v -0.102174 1.918212 0.540604
v 0.314286 1.922891 0.538821
v -0.045484 1.926168 0.541714
v 0.318063 1.928796 0.542570
v -0.127914 1.938369 0.537173
v 0.313243 1.943814 0.542571
v 0.314270 1.937375 0.546470
v 0.326708 1.937269 0.542273
v -0.136828 1.945812 0.542415
v 0.330855 1.944575 0.545828
v 0.325749 1.949215 0.545781
v 0.331055 1.949707 0.546420
v 0.340296 1.952237 0.542759
v 0.335596 1.950477 0.545686
v 0.331863 1.954320 0.545139
v 0.332518 1.959264 0.542128
v 0.336933 1.955619 0.545051
v -0.162361 1.953535 0.539128
v 0.342373 1.960655 0.543117
v 0.395972 1.246692 -0.033851
v 0.350127 1.961695 0.541558
v -0.195504 1.966475 0.543620
v -0.190370 1.962301 0.541200
v -0.197439 1.973379 0.543601
v -0.081074 1.969254 0.539359
v 0.353779 0.387569 -0.177708
v -0.191557 1.981386 0.539847
v -0.186103 1.989607 0.538761
v -0.168176 1.998992 0.539723
v -0.156884 2.000000 0.540465
v -0.021136 1.536852 0.501452
v 0.485770 1.378986 -0.025224
v 0.812384 1.570412 0.527351
v 0.213703 1.690411 0.515453
v -0.099947 1.761815 -0.187240
v 0.776541 1.722162 0.525527
v 0.753085 1.812481 0.520694
v 0.081848 1.022380 -0.252713
v -0.019362 1.828328 0.533054
v 0.256938 1.845242 0.524071
v -0.111573 1.724740 -0.209709
v -0.005822 1.856593 0.526005
v 0.797000 1.872321 0.526827
v 0.764376 1.877662 0.524232
v 0.247254 1.883080 0.526309
v 0.274529 1.877358 0.520239
v 0.286068 1.888503 0.534336
v 0.781483 1.884465 0.531637
v -0.022828 1.898303 0.532546
v 0.298390 1.906275 0.532217
v 0.170534 1.711637 -0.294636
v -0.115444 1.928559 0.535457
v -0.055855 1.943951 0.538418
v 0.298819 1.936307 0.536736
v 0.323881 1.934529 0.536814
v 0.335153 1.945744 0.537876
v -0.143365 1.946611 0.538382
v 0.310100 1.949134 0.535665
v -0.183492 1.956337 0.536715
v 0.325210 1.961652 0.534342
v -0.192014 1.960529 0.536069
v -0.065081 1.957870 0.534467
v 0.346868 1.956061 0.535884
v 0.354734 1.961910 0.537525
v -0.193937 1.967352 0.536401
v 0.338252 1.966702 0.537131
v 0.347452 1.966247 0.541428
v 0.354028 1.966913 0.540999
v 0.360045 1.967127 0.537708
v 0.361397 1.973280 0.537579
v 0.367985 1.972763 0.534871
v -0.083257 1.976663 0.528973
v 0.350529 1.972557 0.536701
v 0.363908 1.978005 0.534354
v -0.184861 1.981256 0.529989
v -0.124586 1.995843 0.536256
v -0.170973 1.996342 0.533411
v -0.136286 1.999221 0.533795
v -0.628474 1.413063 0.500191
v 0.006305 1.497337 0.499505
v 0.767080 1.555993 0.509731
v -0.483100 1.577300 0.506257
v 0.486812 1.535100 -0.018447
v 0.900366 1.598282 0.505118
v -0.033569 1.693575 0.512414
v 0.225024 1.748256 0.505809
v 0.098514 1.753536 0.518595
v 0.433899 1.639226 -0.020367
v 0.054274 1.747900 0.525178
v -0.004247 1.046558 -0.250234
v 0.756407 1.775032 0.517577
v 0.221432 1.806449 0.518940
v 0.861306 1.812393 0.510701
v 0.219164 1.834630 0.520529
v 0.834736 1.828445 0.515164
v 0.263708 1.861079 0.517941
v -0.004976 1.872970 0.518726
v 0.048070 1.405376 -0.347543
v -0.012508 1.888051 0.520934
v 0.267976 1.906347 0.530958
v -0.085436 1.898298 0.524858
v 0.310028 1.921541 0.531010
v -0.102190 1.915366 0.530035
v -0.027853 1.917538 0.517076
v -0.037947 1.928460 0.525274
v 0.281212 1.924771 0.530541
v -0.117668 1.927584 0.529273
v -0.130379 1.931869 0.524328
v -0.049581 1.941189 0.531237
v 0.292775 1.939717 0.530263
v 0.317860 1.931382 0.528953
v 0.332580 1.944807 0.531887
v -0.184394 1.949829 0.529609
v -0.170851 1.945474 0.528732
v -0.152279 1.943474 0.529489
v -0.190542 1.955280 0.531523
v 0.312766 1.958013 0.529266
v -0.191975 1.960434 0.530967
v 0.357104 1.962626 0.532040
v -0.067116 1.964348 0.525800
v 0.364416 1.967179 0.530398
v 0.372499 1.973118 0.531501
v 0.338494 1.972939 0.530105
v 0.371108 1.978036 0.533664
v 0.354785 1.981230 0.527831
v 0.335244 1.773865 -0.005667
v 0.376447 1.980068 0.530081
v -0.093672 1.983988 0.526451
v -0.178300 1.992078 0.531978
v -0.101191 1.989064 0.520491
v -0.139036 1.999086 0.526861
v -0.117331 1.994990 0.523765
v 0.256368 1.783483 -0.198550
v 0.283573 1.833282 0.002180
v -0.104956 1.843566 0.009884
v -0.721521 1.512735 0.506898
v 0.762128 1.496861 0.510401
v -0.096188 1.851304 -0.008980
v 0.804338 1.524866 0.520872
v -0.081864 1.861310 0.001523
v 0.774178 1.603595 0.503294
v 0.855787 1.551479 0.507246
v -0.049110 1.875153 0.003788
v -0.029999 1.889592 0.001631
v 0.042862 1.910355 0.002748
v 0.076985 1.911861 -0.003298
v 0.086899 1.908797 -0.006141
v 0.893127 1.756561 0.508985
v -0.044917 1.830633 0.516884
v -0.024906 1.794424 0.513746
v 0.752934 1.839969 0.504320
v 0.231158 1.792829 -0.204482
v 0.228813 1.878763 0.508520
v 0.401888 1.329741 -0.133084
v 0.781325 1.875335 0.515049
v -0.094193 1.907801 0.529165
v -0.016984 1.900484 0.514781
v 0.265242 1.916892 0.520582
v 0.305665 1.918964 0.521773
v -0.048590 1.945729 0.520758
v -0.179944 1.943483 0.525039
v -0.150904 1.934170 0.519901
v 0.284253 1.938856 0.523146
v 0.332868 1.945846 0.525139
v -0.189640 1.954746 0.526067
v 0.299496 1.949662 0.527398
v 0.348796 1.957296 0.523572
v -0.186134 1.962483 0.524078
v 0.323413 1.970099 0.524356
v 0.374997 1.972677 0.526042
v 0.340167 1.981359 0.521311
v 0.382115 1.978615 0.525630
v 0.372896 1.985277 0.526374
v 0.381961 1.984850 0.525105
v -0.168171 1.988405 0.517900
v -0.156154 1.989484 0.509865
v -0.153504 1.995662 0.519733
v -0.117183 1.995007 0.514549
v 0.016922 1.170469 -0.272938
v 0.121468 1.435860 0.469135
v -0.482392 1.492471 0.487226
v 0.190792 1.653897 -0.311698
v 0.413700 1.609806 -0.129542
v -0.066799 1.633972 0.496861
v -0.470234 1.646930 0.491724
v -0.031925 1.661982 -0.302512
v 0.224201 1.658506 -0.303894
v 0.764423 1.687673 0.490893
v 0.753686 1.733907 0.486359
v 0.171026 1.528416 -0.348574
v 0.151088 1.770991 0.496561
v -0.004337 1.763094 0.509385
v 0.066320 1.777746 0.500996
v 0.235484 1.792513 0.489276
v 0.211252 1.781484 0.502671
v -0.000492 1.814944 0.509701
v 0.212261 1.846394 0.504496
v 0.805676 1.860206 0.515261
v -0.005359 1.819550 -0.197186
v 0.183377 1.816050 -0.200880
v 0.286449 1.894855 0.520044
v 0.246862 1.900011 0.513327
v 0.293221 1.903844 0.508285
v 0.297978 1.909792 0.520477
v -0.114077 1.920856 0.521642
v 0.303830 1.917015 0.513449
v 0.309863 1.923972 0.516951
v -0.138158 1.928850 0.517409
v -0.177252 1.937994 0.520569
v -0.163068 1.934266 0.519123
v 0.320668 1.934397 0.517114
v -0.184698 1.948223 0.523994
v 0.337323 1.947834 0.516035
v -0.184801 1.952782 0.520395
v 0.290159 1.951421 0.515860
v 0.304111 1.964628 0.513829
v 0.363020 1.964338 0.517793
v -0.179775 1.968546 0.517794
v -0.070565 1.971342 0.514058
v 0.329152 1.975586 0.521741
v 0.379868 1.973979 0.520402
v -0.174432 1.975216 0.513908
v -0.177141 1.984233 0.522659
v -0.080822 1.979459 0.511325
v 0.386359 1.982837 0.522543
v 0.352018 1.986646 0.519916
v 0.361617 1.990139 0.516315
v 0.381513 1.988175 0.519046
v 0.387482 1.985465 0.519306
v -0.136928 1.996184 0.513830
v -0.567306 1.393541 0.488518
v 0.272570 1.808386 -0.113930
v 0.167819 1.479830 0.456621
v 0.239752 1.829497 -0.123641
v -0.045288 1.841949 -0.126488
v 0.773416 1.645793 0.497276
v 0.153062 1.829449 -0.194802
v -0.687559 1.656473 0.471712
v 0.916211 1.671768 0.485563
v -0.640491 1.684840 0.476090
v -0.043130 1.733115 0.495119
v 0.009912 1.871277 -0.110833
v 0.905560 1.719488 0.491444
v 0.184668 1.751907 0.496094
v -0.033702 1.771503 0.501513
v 0.117197 1.770324 0.505338
v 0.881189 1.779487 0.493096
v 0.019481 1.779446 0.503945
v 0.128613 1.877597 -0.111307
v 0.131880 1.831561 -0.198584
v 0.077961 1.878615 -0.115493
v 0.000802 1.842828 0.514455
v 0.820333 1.843647 0.497150
v 0.761686 1.862780 0.508188
v 0.791032 1.864955 0.503250
v 0.240012 1.890548 0.513156
v 0.255194 1.911610 0.512913
v -0.124886 1.917475 0.509986
v -0.114790 1.911897 0.508131
v -0.179408 1.936225 0.514099
v -0.177277 1.931616 0.514740
v -0.174046 1.932786 0.517048
v -0.172256 1.928581 0.514486
v -0.156985 1.918094 0.507424
v -0.136729 1.914246 0.504715
v 0.271184 1.936696 0.507777
v -0.037443 1.934372 0.513084
v -0.181814 1.944477 0.518588
v -0.180562 1.943639 0.513907
v -0.045693 1.946776 0.507519
v -0.178710 1.953102 0.513493
v 0.349232 1.954796 0.512331
v -0.056570 1.959435 0.506079
v 0.321745 1.975791 0.514351
v 0.379161 1.971384 0.513805
v 0.387722 1.978377 0.517462
v -0.166680 1.983222 0.511595
v 0.392449 1.983418 0.513714
v 0.339160 1.985033 0.514047
v 0.350422 1.990163 0.512458
v 0.371639 1.990108 0.515380
v 0.378348 1.991096 0.507775
v 0.388019 1.988121 0.511326
v -0.103475 1.990774 0.511209
v -0.122219 1.995420 0.510369
v 0.041300 1.837129 -0.187689
v 0.794440 1.464602 0.479814
v 0.836965 1.502386 0.494846
v 0.248821 1.579654 0.491671
v -0.571467 1.693920 0.485161
v 0.745423 1.770905 0.487762
v 0.743791 1.799094 0.503814
v -0.040791 1.818034 0.495902
v 0.199714 1.803380 0.482869
v 0.248173 1.836546 0.504726
v 0.207359 1.822252 0.498430
v -0.054567 1.854971 0.504896
v 0.004256 1.862139 0.503398
v 0.214964 1.864293 0.500079
v -0.076278 1.882646 0.507192
v 0.229380 1.891972 0.496752
v 0.282757 1.888614 0.502536
v -0.102725 1.909402 0.515447
v -0.027473 1.924591 0.500777
v 0.307232 1.919081 0.506133
v -0.173495 1.925544 0.501774
v -0.166230 1.919823 0.508806
v 0.313410 1.924115 0.504377
v -0.177405 1.930692 0.507611
v -0.177046 1.938654 0.508284
v 0.287127 1.954571 0.508069
v 0.334118 1.940699 0.504368
v -0.168914 1.958830 0.501747
v 0.356136 1.954716 0.503737
v 0.374255 1.964687 0.505207
v 0.306014 1.970807 0.502657
v 0.386576 1.970414 0.505801
v -0.162523 1.978560 0.504137
v 0.336574 1.568734 -0.255835
v 0.394279 1.978240 0.508116
v -0.089665 1.984900 0.504773
v 0.323653 1.980393 0.503528
v 0.337937 1.986912 0.506497
v 0.394087 1.984514 0.507821
v -0.138507 1.991458 0.502636
v 0.357340 1.993343 0.505281
v 0.366473 1.993608 0.505802
v -0.483977 1.433624 0.478691
v 0.049474 1.448017 0.462737
v -0.719199 1.595906 0.489755
v -0.080624 1.600123 0.462680
v -0.448936 1.605618 0.476782
v -0.524248 1.682101 0.485434
v 0.863246 1.795907 0.487499
v 0.016943 1.815013 0.485226
v 0.238973 1.818282 0.497193
v 0.009464 1.840352 0.496916
v 0.263023 1.854497 0.488448
v 0.273802 1.875662 0.499500
v 0.192982 1.688679 -0.300100
v 0.772152 1.857070 0.491331
v -0.004005 1.890009 0.489404
v -0.094504 1.890851 0.497010
v 0.151261 1.684009 -0.317530
v -0.011096 1.902592 0.491048
v -0.102247 1.900346 0.501997
v 0.249543 1.917108 0.499218
v -0.157561 1.902923 0.499032
v 0.252990 1.924765 0.495417
v 0.259535 1.932501 0.495638
v -0.101378 1.669534 -0.258782
v -0.170442 1.943941 0.502042
v 0.274688 1.946791 0.499397
v -0.043619 1.945931 0.498050
v 0.288295 1.958819 0.501551
v -0.163630 1.970418 0.500090
v -0.067754 1.970456 0.499695
v 0.392998 1.971649 0.500650
v 0.395488 1.977880 0.502566
v -0.154509 1.982455 0.500665
v 0.394220 1.983076 0.502618
v 0.383637 1.989678 0.501673
v -0.119886 1.993093 0.501289
v 0.346462 1.991156 0.501427
v 0.371747 1.993949 0.498515
v -0.662588 1.434504 0.452806
v 0.734589 1.462820 0.480111
v -0.075771 1.709367 -0.253052
v 0.733426 1.510614 0.467298
v -0.735179 1.555235 0.451962
v -0.134961 1.783669 0.080261
v 0.265383 1.739644 -0.237064
v 0.258398 1.613219 0.473185
v 0.242864 1.654171 0.480648
v -0.061424 1.673914 0.482993
v 0.233360 1.704704 0.484582
v 0.128965 1.781615 0.476068
v 0.100356 1.780150 0.486012
v 0.838561 1.816327 0.488341
v 0.009825 1.859496 0.481456
v 0.796089 1.854710 0.485814
v 0.000809 1.876462 0.496462
v 0.207104 1.865066 0.484073
v -0.087121 1.879180 0.490381
v -0.146973 1.895804 0.494007
v -0.123197 1.904124 0.497946
v -0.112176 1.894987 0.493306
v 0.239244 1.910716 0.490888
v -0.019270 1.914459 0.494207
v 0.300877 1.911105 0.502962
v 0.318086 1.919278 0.489484
v -0.168076 1.928927 0.496906
v 0.330557 1.932054 0.493983
v 0.343387 1.941855 0.495280
v 0.367481 1.955401 0.496229
v 0.380835 1.961963 0.497429
v 0.291653 1.962964 0.494355
v 0.388216 1.964906 0.497317
v -0.153989 1.974761 0.494049
v 0.317109 1.978254 0.493576
v 0.393799 1.977566 0.497200
v -0.082462 1.980035 0.491983
v 0.387790 1.984217 0.495380
v -0.146019 1.981232 0.493671
v -0.139455 1.986712 0.495676
v -0.098107 1.988071 0.495991
v 0.333079 1.985957 0.495841
v -0.118891 1.989309 0.491058
v -0.109012 1.990685 0.495779
v 0.347581 1.991257 0.492003
v 0.363022 1.994162 0.493332
v 0.039762 1.790887 -0.249051
v -0.728064 1.499682 0.457147
v -0.463824 1.538439 0.470487
v 0.906930 1.586583 0.449819
v 0.089128 1.797305 -0.246727
v 0.747620 1.639370 0.465469
v -0.606411 1.690463 0.465350
v 0.236865 1.757607 0.469272
v -0.047435 1.755773 0.467797
v 0.886099 1.757067 0.478830
v 0.171070 1.784109 0.469758
v -0.031762 1.786180 0.477872
v 0.043290 1.797266 0.477093
v -0.057290 1.841649 0.479600
v -0.068196 1.860397 0.486702
v 0.283123 1.873571 0.479351
v -0.166963 1.922140 0.494324
v -0.141088 1.884067 0.487306
v 0.221474 1.895075 0.478184
v -0.129523 1.896799 0.492543
v 0.293409 1.894215 0.488100
v -0.158170 1.913294 0.483783
v -0.029471 1.929170 0.486418
v -0.159026 1.938843 0.487850
v 0.412105 0.677589 -0.134301
v -0.155116 1.950210 0.485224
v -0.051565 1.954773 0.489768
v 0.264197 1.941463 0.486248
v 0.278637 1.953276 0.489800
v 0.353873 1.944964 0.491526
v 0.358460 1.937895 0.481803
v 0.375660 1.953621 0.490619
v -0.154450 1.962357 0.487997
v 0.388655 1.961005 0.491406
v -0.068900 1.970021 0.487383
v 0.391460 1.967356 0.491337
v 0.303541 1.971034 0.491840
v 0.387342 1.977068 0.488745
v -0.135984 1.980178 0.485907
v 0.377352 1.990724 0.492611
v 0.370820 1.993507 0.492032
v -0.514046 1.387848 0.460864
v -0.626463 1.404858 0.449341
v 0.734055 1.578424 0.456367
v -0.050518 1.562557 0.469424
v 0.913278 1.633258 0.469736
v -0.073012 1.696542 0.456220
v 0.226672 1.494905 -0.330425
v 0.078373 1.800912 0.469857
v 0.751395 1.820510 0.468650
v 0.244541 1.816667 0.474104
v 0.125409 1.717596 -0.303721
v 0.199826 1.832830 0.475868
v -0.142028 1.868242 0.480195
v -0.103813 1.883661 0.486679
v 0.217657 1.885074 0.485575
v -0.119185 1.880691 0.483293
v 0.324644 1.919834 0.484250
v -0.162135 1.927611 0.490062
v 0.250750 1.928118 0.484212
v 0.341359 1.931912 0.485257
v 0.382578 1.951164 0.484374
v -0.051289 1.953174 0.480590
v 0.288701 1.961322 0.485621
v 0.382974 1.956462 0.490328
v 0.389979 1.961181 0.486613
v 0.306544 1.972318 0.482807
v 0.385634 1.968859 0.482773
v -0.139903 1.970390 0.480732
v -0.097857 1.985243 0.485544
v 0.328426 1.982563 0.484204
v 0.378053 1.984346 0.484712
v -0.123219 1.984347 0.483621
v 0.371575 1.990301 0.486464
v 0.343835 1.987865 0.482626
v 0.355331 1.991336 0.485738
v 0.362677 1.989893 0.483412
v -0.289523 1.599749 -0.008547
v 0.449938 1.588892 -0.030137
v -0.006082 1.523910 0.443654
v 0.079412 1.725639 -0.300599
v 0.881039 1.501626 0.435566
v 0.219413 1.559925 0.436189
v -0.718595 1.623257 0.463849
v -0.112643 1.801675 0.088855
v -0.089338 1.644869 0.451022
v -0.493061 1.662850 0.454730
v 0.869910 1.768659 0.459101
v 0.839798 1.810952 0.464706
v 0.281011 1.809451 0.086446
v 0.768258 1.834253 0.465060
v 0.022030 1.842126 0.462147
v 0.307243 1.814319 -0.017983
v 0.200014 1.853600 0.467203
v -0.127991 1.822294 -0.005192
v -0.121504 1.862779 0.475449
v -0.100923 1.866386 0.476695
v 0.002637 1.880366 0.475357
v 0.211144 1.883774 0.470613
v -0.005447 1.896704 0.475341
v 0.306816 1.901953 0.481459
v -0.015166 1.910514 0.486119
v 0.229358 1.905492 0.478516
v 0.238554 1.916963 0.475230
v 0.342122 1.918665 0.472814
v -0.149488 1.916316 0.473883
v -0.035160 1.935346 0.475724
v 0.375679 1.940451 0.478648
v 0.268689 1.946215 0.475184
v 0.382685 1.947263 0.476967
v 0.387279 1.956486 0.485206
v 0.385529 1.954959 0.480340
v 0.287820 1.959951 0.476826
v 0.387756 1.961292 0.482220
v -0.061528 1.961169 0.477471
v -0.070316 1.966767 0.475847
v -0.064362 1.868631 -0.009016
v -0.081940 1.974874 0.478535
v -0.091557 1.978253 0.476500
v -0.104892 1.983577 0.479894
v 0.346314 1.985694 0.477300
v 0.366687 1.983891 0.477852
v 0.409474 0.854297 -0.139768
v -0.446054 1.439858 0.451136
v -0.015214 1.895399 -0.007022
v 0.180088 1.888522 -0.016201
v 0.828885 1.454985 0.444628
v 0.129478 1.904345 -0.000701
v 0.029317 1.908433 0.002418
v 0.065000 1.911635 -0.004595
v -0.427813 1.578594 0.457487
v 0.900646 1.668371 0.455301
v 0.249979 1.687447 0.452577
v -0.061163 1.729154 0.456675
v 0.742919 1.707922 0.452310
v 0.890328 1.730816 0.464976
v 0.756843 1.800740 0.454532
v 0.109883 1.810873 0.459142
v -0.049838 1.820272 0.469212
v 0.820336 1.829213 0.463292
v 0.806097 1.844858 0.468823
v 0.785886 1.847610 0.469870
v 0.006093 1.874168 0.461997
v -0.149833 1.889137 0.474018
v -0.021223 1.918580 0.463590
v 0.324219 1.902032 0.469152
v -0.141055 1.936596 0.469087
v 0.250254 1.929687 0.470887
v 0.360768 1.924952 0.471021
v 0.372490 1.929976 0.472031
v 0.376234 1.931774 0.471222
v -0.142981 1.952027 0.474768
v -0.049182 1.947415 0.469516
v -0.137643 1.959821 0.473596
v 0.381146 1.958766 0.475266
v 0.299470 1.965526 0.471808
v -0.126480 1.975586 0.476109
v 0.313585 1.972509 0.471650
v 0.375546 1.976171 0.477530
v 0.166936 1.058540 -0.254778
v -0.113609 1.976625 0.471643
v -0.098683 1.976172 0.471582
v 0.331780 1.979955 0.473464
v 0.350152 1.980910 0.471509
v 0.752124 1.415799 0.439979
v 0.518997 0.644667 -0.045422
v 0.262917 1.654900 0.449738
v -0.544394 1.679529 0.444494
v -0.579802 1.682568 0.439874
v 0.258388 1.739130 0.442303
v 0.746334 1.753917 0.454770
v -0.053935 1.796656 0.460262
v 0.138128 1.810854 0.446869
v 0.037784 1.831432 0.450795
v 0.079417 1.819799 0.449732
v 0.353762 1.730056 0.054777
v 0.194047 1.820677 0.457658
v 0.276521 1.844739 0.463172
v -0.138196 1.860857 0.462536
v -0.087604 1.847868 0.468300
v -0.186404 1.739497 0.038295
v 0.205663 1.872747 0.454338
v 0.226774 1.904780 0.464192
v -0.008112 1.898918 0.450682
v -0.034284 1.932468 0.465317
v 0.378045 1.934208 0.467961
v 0.380243 1.939149 0.473144
v 0.379691 1.938952 0.468561
v 0.380585 1.945641 0.470872
v 0.273159 1.948406 0.467351
v 0.364132 1.955080 0.461466
v -0.063443 1.956064 0.465627
v 0.286932 1.956478 0.465766
v -0.080566 1.968108 0.469271
v 0.367671 1.965596 0.467831
v 0.362225 1.975779 0.470335
v -0.103189 1.969094 0.464167
v 0.335187 1.975992 0.466603
v -0.573702 1.383432 0.438480
v -0.427166 1.529090 0.450216
v 0.700303 1.462459 0.446257
v -0.700775 1.471337 0.420834
v -0.123166 1.816878 0.042917
v 0.260629 1.585801 0.443539
v -0.048216 1.577907 0.411391
v 0.272812 1.634305 -0.284219
v 0.257990 1.851375 0.038125
v 0.186167 1.158118 -0.268132
v 0.898417 1.702128 0.453432
v -0.206795 1.689088 -0.126588
v 0.253922 1.789465 0.450921
v -0.024468 1.887113 0.054858
v 0.260982 1.828087 0.464354
v 0.197483 1.887944 0.054981
v -0.103130 1.835207 0.463230
v -0.076366 1.830453 0.463102
v 0.016485 1.858922 0.444103
v 0.293658 1.856142 0.458185
v -0.139075 1.880171 0.463946
v -0.000114 1.883003 0.443621
v 0.317153 1.886496 0.462494
v 0.217121 1.892658 0.458526
v 0.334401 1.893626 0.459158
v -0.138578 1.893896 0.461882
v -0.134458 1.908138 0.457597
v 0.349673 1.910138 0.464378
v 0.246027 1.924884 0.463518
v 0.361375 1.911318 0.463001
v 0.366745 1.918475 0.466081
v 0.376642 1.931342 0.466239
v 0.376169 1.930062 0.462948
v -0.124728 1.934676 0.454450
v 0.319696 1.780290 -0.118127
v 0.259571 1.936109 0.457931
v -0.130768 1.948556 0.463976
v -0.044083 1.938677 0.459691
v 0.376176 1.937119 0.463665
v -0.052192 1.945388 0.461345
v 0.278043 1.948689 0.458330
v 0.368069 1.944136 0.460364
v 0.375440 1.949298 0.467199
v -0.120990 1.963985 0.465170
v -0.077499 1.960663 0.462282
v 0.301724 1.963421 0.464332
v -0.090824 1.964150 0.461438
v 0.358148 1.962618 0.461294
v -0.109782 1.967019 0.463009
v 0.316137 1.967556 0.461595
v 0.349438 1.968288 0.461602
v 0.335790 1.968388 0.459149
v 0.080816 1.911678 0.053641
v -0.089980 1.810732 -0.119260
v -0.064710 1.826738 -0.129406
v 0.194477 1.527249 0.435831
v 0.057670 1.851481 -0.169153
v 0.182059 1.860039 -0.121297
v 0.900347 1.636879 0.422022
v 0.149131 1.867844 -0.130042
v 0.733554 1.672074 0.445504
v -0.671165 1.663256 0.429662
v 0.873295 1.732086 0.434411
v -0.089010 1.798233 0.441691
v 0.849570 1.792876 0.448337
v 0.173772 1.807603 0.442341
v -0.128891 1.835775 0.455661
v 0.796211 1.828911 0.452620
v -0.126632 1.874046 0.451919
v 0.229423 1.902502 0.444279
v 0.346880 1.894072 0.456678
v 0.374335 1.927371 0.458941
v -0.023675 1.916488 0.449959
v -0.128667 1.920061 0.454571
v -0.035571 1.929073 0.454225
v -0.119566 1.947942 0.456089
v -0.056923 1.943583 0.454487
v -0.068822 1.951645 0.456842
v -0.085036 1.952705 0.452305
v 0.293222 1.954569 0.455803
v -0.111873 1.955400 0.456326
v -0.104708 1.955651 0.454557
v -0.096765 1.956415 0.454340
v 0.320064 1.963166 0.455381
v 0.339820 1.959874 0.453463
v 0.699998 1.413294 0.425865
v 0.025225 1.472788 0.412420
v 0.707077 1.516038 0.426780
v -0.698580 1.636614 0.417462
v -0.059779 1.764671 0.421058
v 0.192346 1.831155 0.428105
v 0.198426 1.847039 0.445696
v 0.283227 1.810785 0.444976
v 0.814499 1.820183 0.443778
v 0.321187 1.405839 -0.268403
v 0.302685 1.836420 0.444708
v 0.323078 1.868955 0.450826
v -0.124822 1.902334 0.448194
v 0.339197 1.868387 0.447830
v 0.360707 1.895512 0.444500
v -0.498810 0.061770 0.143760
v 0.366640 1.913034 0.449815
v 0.368454 1.924886 0.454061
v -0.117626 1.915945 0.444498
v 0.364287 1.931793 0.453756
v 0.371201 1.930540 0.457268
v 0.353463 1.942562 0.449622
v -0.113024 1.938052 0.447568
v 0.267710 1.938158 0.448847
v 0.278862 1.944900 0.449989
v 0.351520 1.953992 0.453702
v 0.304729 1.953535 0.448751
v 0.317540 1.954046 0.447044
v 0.330841 1.954501 0.447884
v -0.415261 1.473032 0.431697
v -0.416393 1.577588 0.410699
v -0.721690 1.591513 0.412759
v -0.438645 1.618175 0.423469
v 0.771025 1.770194 0.425105
v 0.098604 1.825806 0.433880
v -0.111333 1.826551 0.442435
v -0.117843 1.850489 0.446966
v 0.319620 1.851161 0.445162
v -0.109153 1.870937 0.434062
v 0.356393 1.881281 0.443637
v -0.015773 1.910500 0.456066
v 0.244101 1.920333 0.453251
v -0.035252 1.922737 0.444482
v 0.255037 1.926279 0.443217
v 0.357439 1.924005 0.447100
v -0.111832 1.925369 0.442374
v -0.045894 1.932700 0.448661
v 0.350454 1.932516 0.444330
v -0.064886 1.939619 0.446575
v -0.107024 1.942748 0.446983
v -0.082232 1.940981 0.443800
v -0.094925 1.937833 0.441045
v -0.086521 1.842211 0.078506
v 0.290483 1.945086 0.443775
v 0.340462 1.946619 0.445158
v 0.322964 1.949007 0.443088
v 0.090357 1.433723 0.402170
v 0.154997 1.465002 0.388335
v 0.910409 1.547768 0.426067
v 0.312801 1.620449 -0.262764
v 0.262198 1.613293 0.413908
v 0.878469 1.683930 0.420527
v -0.511250 1.659266 0.408042
v 0.747628 1.727667 0.424263
v -0.065985 1.733967 0.419452
v 0.280582 1.766621 0.432012
v -0.126024 1.639410 -0.260089
v 0.784514 1.797944 0.432273
v 0.828483 1.803719 0.435187
v 0.329801 1.833694 0.436568
v 0.029017 1.848907 0.418328
v 0.213665 1.873831 0.425093
v 0.221444 1.888846 0.434538
v 0.350562 1.917497 0.440874
v 0.244451 1.916117 0.441152
v -0.033088 1.912519 0.434259
v -0.102220 1.924169 0.436525
v -0.050064 1.925129 0.438465
v 0.340673 1.928036 0.436438
v -0.101152 1.931846 0.438977
v -0.060685 1.924441 0.434631
v 0.265226 1.929817 0.438062
v 0.275404 1.936497 0.440150
v 0.340661 1.935138 0.439189
v 0.329921 1.941326 0.439059
v 0.302386 1.942035 0.437261
v -0.450453 1.408185 0.396628
v -0.644496 1.428683 0.385967
v 0.660786 1.448840 0.410557
v 0.265151 1.687679 -0.265370
v -0.404199 1.527638 0.396885
v 0.701544 1.568249 0.416562
v 0.711052 1.645796 0.421722
v -0.474047 1.647439 0.421667
v 0.268491 1.664480 0.416348
v 0.713276 1.699352 0.416349
v -0.100795 1.641304 0.415030
v -0.617920 1.666233 0.418323
v 0.265519 1.700890 0.404143
v 0.850771 1.767758 0.424599
v 0.302547 1.786581 0.429969
v 0.254888 1.839540 0.095156
v 0.151401 1.817399 0.420893
v 0.128064 1.825110 0.411416
v -0.092113 1.824661 0.422552
v 0.055085 1.838200 0.420574
v 0.341269 1.851053 0.431696
v -0.101471 1.848359 0.429269
v 0.003622 1.873557 0.430558
v 0.349888 1.869589 0.433573
v -0.108974 1.885764 0.433722
v -0.011610 1.888871 0.429282
v 0.339838 1.893064 0.429464
v -0.023571 1.900279 0.428839
v 0.345293 1.905127 0.434740
v -0.023104 1.759286 -0.250324
v -0.101042 1.912206 0.432309
v 0.253653 1.918423 0.432516
v -0.041581 1.921482 0.438830
v -0.078948 1.928372 0.434813
v 0.273356 1.923932 0.427154
v 0.286975 1.934892 0.433556
v 0.314923 1.939210 0.434664
v -0.511806 1.382723 0.384528
v 0.153460 1.777099 -0.258010
v 0.791680 1.406375 0.403505
v 0.400242 1.700337 -0.032256
v -0.719475 1.536992 0.403870
v 0.362838 1.749390 -0.015884
v 0.695790 1.613806 0.404112
v -0.156223 1.774900 -0.024984
v 0.067773 1.891173 -0.083534
v -0.085948 1.703715 0.406205
v 0.266542 1.749649 0.404603
v -0.077110 1.860650 -0.020881
v 0.076598 1.834438 0.414498
v 0.015632 1.859750 0.423765
v 0.205485 1.857094 0.414380
v 0.334977 1.871072 0.424924
v -0.093011 1.882523 0.421683
v 0.242345 1.906855 0.428539
v -0.043613 1.911312 0.428847
v 0.333418 1.922468 0.430836
v -0.093469 1.908388 0.427400
v -0.049691 1.904407 0.421931
v -0.093616 1.920515 0.431794
v -0.081960 1.910840 0.424360
v 0.330418 1.908420 0.425376
v 0.323651 1.925750 0.428108
v 0.144814 1.899692 -0.007174
v 0.282114 1.921564 0.423285
v 0.299015 1.931930 0.429085
v 0.020906 1.905495 -0.006600
v 0.864022 1.462470 0.388522
v 0.200503 1.522280 0.390936
v -0.586535 1.665311 0.404137
v 0.289997 1.775144 0.407740
v 0.305123 1.820833 0.406840
v -0.073779 1.814124 0.407958
v 0.818563 1.780317 0.413071
v 0.172110 1.821280 0.398924
v 0.326277 1.833594 0.420710
v 0.100218 1.836473 0.403933
v 0.324458 1.853956 0.417395
v -0.007636 1.875253 0.409751
v 0.242577 1.898914 0.419065
v 0.324458 1.896122 0.420353
v -0.068694 1.911128 0.423942
v 0.258382 1.908710 0.419229
v 0.325468 1.918446 0.425591
v 0.270432 1.912084 0.418390
v 0.304598 1.920269 0.421842
v -0.583527 1.395990 0.364474
v -0.000180 1.553428 -0.345617
v 0.226446 1.570324 0.392926
v 0.916744 1.596444 0.393125
v -0.039974 1.703087 -0.280594
v 0.682682 1.676308 0.398268
v -0.090420 1.861703 0.417601
v 0.042835 1.845326 0.405944
v 0.001648 1.863780 0.397709
v 0.318841 1.874095 0.414287
v -0.035745 1.896022 0.417996
v -0.025201 1.884947 0.409402
v 0.312288 1.912540 0.419432
v -0.078387 1.896323 0.417331
v -0.064240 1.898205 0.416216
v 0.293158 1.912635 0.417138
v -0.394720 1.465754 0.379138
v -0.029910 1.528948 0.385124
v 0.089041 1.891142 -0.085826
v -0.546031 1.660040 0.387383
v 0.720055 1.713055 0.387591
v 0.851765 1.730176 0.408891
v 0.779462 1.740060 0.402445
v -0.055140 1.788270 0.401853
v 0.201409 1.841113 0.391168
v -0.073184 1.844407 0.404482
v -0.075103 1.878318 0.410363
v 0.230019 1.884230 0.413473
v 0.305807 1.885514 0.409766
v 0.238672 1.875402 0.399238
v -0.048823 1.892497 0.413127
v 0.304114 1.904953 0.415025
v 0.256802 1.899546 0.412750
v 0.285154 1.896279 0.408887
v 0.741164 1.381805 0.384032
v 0.893554 1.490704 0.355496
v 0.667388 1.498925 0.386034
v 0.673068 1.542846 0.382018
v 0.920235 1.534932 0.370804
v -0.111998 1.594166 0.380562
v 0.279597 1.626239 0.375302
v -0.647998 1.642485 0.392635
v 0.255523 1.734850 0.374740
v -0.067403 1.745607 0.389374
v 0.809112 1.754993 0.403283
v 0.143066 1.828447 0.380951
v 0.301477 1.864259 0.405191
v 0.064305 1.846133 0.387625
v 0.034955 1.849459 0.385777
v -0.063003 1.865117 0.401269
v 0.018149 1.853892 0.393661
v 0.217403 1.864568 0.402316
v -0.044846 1.879321 0.402993
v 0.269783 1.885154 0.402287
v 0.637178 1.415657 0.364709
v 0.230745 1.697888 -0.279974
v -0.693418 1.460104 0.377288
v 0.619296 1.497695 0.357983
v -0.458166 1.622303 0.378333
v -0.681697 1.624632 0.382274
v 0.883014 1.667756 0.362311
v 0.278239 1.683430 0.367443
v -0.606167 1.640933 0.370901
v -0.105011 1.672749 0.375448
v -0.117045 1.796206 -0.121397
v 0.856985 1.692264 0.390252
v 0.831414 1.715757 0.389503
v 0.757447 1.721467 0.376622
v -0.049878 1.769532 0.386374
v -0.053855 1.822603 0.390326
v 0.279907 1.820383 0.391588
v 0.281028 1.852280 0.395390
v -0.020871 1.864983 0.388119
v 0.281611 1.875632 0.400232
v 0.687409 1.378907 0.367104
v 0.001302 1.861346 -0.128183
v -0.690033 1.541403 0.348430
v 0.673869 1.584715 0.378098
v -0.115494 1.639792 0.378798
v 0.104085 1.876795 -0.119309
v 0.196727 1.885004 0.077703
v 0.242326 1.774665 0.358502
v 0.273009 1.788693 0.387053
v 0.112949 1.837948 0.384458
v -0.043732 1.849576 0.386707
v 0.263593 1.869869 0.394963
v -0.036714 1.868912 0.393968
v 0.229136 1.857809 0.387893
v 0.024460 1.451851 0.367155
v -0.054437 1.572052 0.366518
v 0.242989 1.604103 0.360868
v 0.143800 1.207842 -0.265150
v 0.662909 1.630403 0.380169
v -0.498474 1.635035 0.355741
v -0.095161 1.706039 0.364826
v -0.040324 1.796813 0.377728
v 0.258951 1.829514 0.382819
v 0.092622 1.847055 0.377086
v 0.249869 1.861107 0.389504
v 0.828375 1.419082 0.349158
v -0.383881 1.527758 0.351953
v -0.002209 1.733196 -0.280159
v -0.424369 1.579418 0.354401
v -0.694166 1.591642 0.365695
v 0.901746 1.639001 0.368851
v 0.801368 1.720118 0.361590
v 0.251471 1.801057 0.374006
v 0.239078 1.841847 0.379483
v 0.008824 1.851678 0.377280
v 0.662842 1.662252 0.364037
v -0.571095 1.644926 0.360853
v 0.694906 1.690866 0.353247
v 0.840078 1.701201 0.349879
v -0.032244 1.829756 0.374058
v 0.121111 1.841259 0.364362
v 0.219316 1.835280 0.372176
v 0.025576 1.848947 0.365954
v 0.044214 1.853373 0.367831
v 0.776168 1.383230 0.342997
v 0.116134 1.422170 0.355417
v 0.055101 1.413794 0.345445
v 0.340464 1.514193 -0.262618
v -0.030702 1.476388 0.350736
v 0.029132 1.732141 -0.288916
v -0.264913 1.657768 -0.014293
v -0.652288 1.616486 0.346648
v -0.069719 1.744980 0.360150
v -0.046466 1.773235 0.357500
v -0.028156 1.812072 0.364053
v 0.172506 1.824415 0.358245
v -0.015861 1.846139 0.371005
v 0.104609 1.848598 0.355930
v 0.071981 1.854263 0.357468
v -0.526119 1.390904 0.319524
v -0.428214 1.377525 0.345129
v -0.616704 1.435493 0.336831
v 0.278363 1.835928 -0.021096
v -0.112968 1.831976 -0.022394
v 0.914741 1.603073 0.338174
v 0.222775 1.870312 -0.015386
v -0.040298 1.882013 -0.009699
v 0.641581 1.619950 0.352257
v 0.206088 1.879176 -0.016902
v -0.000772 1.898764 -0.015959
v 0.097426 1.901420 -0.013568
v 0.110143 1.899801 -0.021291
v 0.223053 1.807023 0.354360
v 0.193792 1.823029 0.359816
v 0.043748 1.906765 -0.020612
v 0.148203 1.833282 0.356856
v 0.045001 1.854596 0.347999
v -0.086095 1.298223 0.353453
v -0.030429 1.272081 0.355515
v -0.024791 1.355861 0.357671
v 0.021828 1.333173 0.352207
v -0.076303 1.360292 0.362212
v -0.109273 1.398174 0.346779
v 0.162555 1.894810 0.084717
v -0.368622 1.394213 0.335262
v -0.344924 1.465240 0.338989
v 0.198100 1.483362 0.350703
v 0.238136 1.553968 0.339053
v -0.141836 1.631228 0.336103
v -0.090062 1.566890 0.344377
v 0.302237 1.651538 0.340266
v -0.536173 1.638647 0.344380
v -0.113851 1.682088 0.332922
v 0.254184 1.742961 0.332019
v 0.181769 1.749995 -0.270825
v 0.004719 1.220289 0.328190
v 0.041984 1.279887 0.340917
v 0.136729 1.313461 0.340752
v 0.231447 1.358964 0.347324
v 0.119621 1.779646 -0.262342
v 0.868797 1.454159 0.294154
v -0.666629 1.482180 0.337773
v 0.005232 1.900238 0.077500
v 0.627090 1.571493 0.342760
v -0.139191 1.554597 0.342243
v 0.404917 0.757095 -0.155062
v 0.896602 1.633693 0.327304
v 0.276252 1.705313 0.334748
v 0.741689 1.706777 0.331123
v -0.034543 1.788599 0.341119
v -0.008678 1.827601 0.349108
v 0.169220 1.825482 0.335841
v 0.126089 1.839798 0.333926
v 0.212705 1.275085 0.347538
v -0.152316 1.330783 0.334144
v 0.172139 1.407064 0.333503
v 0.286892 1.335383 0.333765
v 0.101452 1.901005 0.079460
v -0.169415 1.376951 0.329261
v 0.716042 1.368934 0.320522
v -0.028235 1.433239 0.333194
v -0.076084 1.460843 0.331493
v 0.927818 1.553590 0.310053
v 0.329874 1.769317 0.051511
v -0.183360 1.581890 0.329943
v -0.667421 1.586737 0.327578
v -0.475365 1.607892 0.325946
v 0.316031 1.609869 0.339529
v -0.613586 1.620052 0.335340
v 0.666460 1.653592 0.330051
v -0.073640 1.748232 0.321560
v -0.006434 1.821000 0.317536
v 0.012411 1.839725 0.346937
v 0.146857 1.833931 0.324070
v 0.144008 1.225116 0.318370
v 0.301400 1.270730 0.307870
v 0.072601 1.359832 0.328564
v -0.073800 1.862865 0.038315
v 0.016667 1.382286 0.328756
v 0.298361 1.385294 0.326996
v -0.063881 1.868186 0.053289
v -0.480970 1.366139 0.309363
v 0.209007 1.881675 0.050682
v 0.622972 1.402330 0.315522
v -0.018073 1.894926 0.043047
v 0.584575 1.451666 0.290165
v -0.004195 1.900392 0.047378
v 0.147804 1.904221 0.046377
v -0.089734 1.512427 0.333367
v -0.180642 1.524755 0.334026
v 0.276672 1.592195 0.320011
v 0.801265 1.705907 0.322459
v 0.218225 1.788809 0.329481
v 0.191997 1.810097 0.323099
v 0.039061 1.853040 0.320782
v -0.072374 1.221232 0.326156
v -0.153321 1.272412 0.302604
v -0.135313 1.771082 -0.135659
v 0.295415 1.790394 -0.133222
v 0.249473 1.435600 0.321385
v 0.198566 1.854515 -0.127797
v -0.127890 1.470691 0.326834
v 0.016335 1.857417 -0.137831
v 0.030924 1.864608 -0.129125
v 0.052384 1.871835 -0.127707
v -0.350146 1.539721 0.327180
v 0.637008 1.608027 0.310941
v -0.434106 1.588457 0.293855
v -0.578696 1.609402 0.315888
v 0.865135 1.672183 0.319279
v -0.098953 1.714181 0.319677
v -0.025154 1.799029 0.316576
v 0.104394 1.850538 0.319168
v 0.086824 1.853048 0.332560
v 0.061457 1.856611 0.322425
v 0.213301 1.211579 0.319718
v -0.407214 1.352860 0.298591
v -0.181209 1.457259 0.318785
v 0.075428 1.908968 0.074363
v -0.316209 1.417339 0.314730
v -0.587385 1.444524 0.303998
v 0.243100 1.495852 0.327411
v 0.914961 1.514762 0.306408
v -0.644569 1.543048 0.312809
v 0.266608 1.540394 0.307299
v -0.376397 1.577410 0.288471
v 0.511884 1.440026 -0.031442
v 0.695969 1.677060 0.321554
v -0.051092 1.775706 0.309613
v 0.020373 1.838568 0.323334
v 0.344217 1.351864 0.304102
v -0.549629 1.413123 0.284390
v 0.115401 1.903889 0.081879
v 0.326200 1.783607 -0.034532
v -0.136266 1.801320 -0.027502
v -0.612677 1.488876 0.304099
v -0.294369 1.472720 0.302740
v 0.604529 1.512687 0.297820
v -0.218684 1.500271 0.308108
v 0.236593 1.854247 -0.024824
v 0.256857 1.846714 -0.023599
v -0.216720 1.559623 0.309361
v -0.040150 1.878210 -0.028790
v -0.026659 1.889436 -0.017813
v 0.314077 1.557660 0.306653
v 0.159691 1.891808 -0.026703
v 0.353172 1.598932 0.302525
v 0.133659 1.900792 -0.019404
v -0.524921 1.602967 0.302904
v 0.308250 1.662097 0.307670
v 0.229450 1.772446 0.306626
v 0.166247 1.825239 0.310857
v -0.033628 1.180692 0.297020
v 0.653428 1.362035 0.296035
v 0.811391 1.410463 0.287517
v -0.312293 1.513021 0.300508
v -0.329950 1.560598 0.285619
v -0.619789 1.589690 0.311636
v -0.172346 1.633855 0.292905
v -0.137853 1.671276 0.285216
v 0.819485 1.686588 0.302853
v 0.196085 1.803871 0.293926
v -0.344920 1.355248 0.289273
v 0.338303 1.435882 0.293628
v -0.224332 1.437595 0.296327
v 0.287627 1.484726 0.309478
v 0.362966 1.545820 0.302068
v -0.155091 1.542038 -0.276906
v -0.118338 1.696605 0.293997
v 0.124575 1.842691 0.299798
v 0.081149 1.856552 0.300530
v 0.057801 1.187618 0.287925
v -0.199016 1.338898 0.288560
v 0.751965 1.381555 0.289304
v -0.283478 1.397137 0.285145
v -0.221892 1.588627 0.283110
v 0.905337 1.594112 0.278695
v 0.668407 1.621297 0.271411
v 0.881154 1.643568 0.277491
v 0.284693 1.700887 0.294216
v 0.773708 1.688056 0.294204
v 0.259477 1.730967 0.295019
v 0.030610 1.850785 0.292987
v 0.071731 1.869463 0.280527
v -0.089285 1.169446 0.241729
v 0.207925 1.725939 -0.268922
v 0.359020 1.288437 0.255388
v 0.340403 1.486277 0.285741
v 0.068289 1.771561 -0.270376
v -0.575557 1.554765 0.285866
v 0.336126 1.635207 0.280402
v 0.700862 1.659351 0.288660
v 0.843930 1.671180 0.286653
v -0.089084 1.738716 0.281265
v 0.004833 1.834756 0.290632
v 0.334078 1.753371 -0.143276
v 0.103835 1.852260 0.290546
v 0.053529 1.857013 0.299596
v 0.286106 1.201360 0.269374
v -0.136050 1.223204 0.271490
v -0.214047 1.386451 0.287928
v 0.580165 1.379163 0.281745
v 0.219508 1.839525 -0.132413
v -0.275307 1.534432 0.277361
v -0.021913 1.853220 -0.128142
v -0.008425 1.850013 -0.142985
v 0.180426 1.850942 -0.138996
v 0.090741 1.870384 -0.136628
v 0.126936 1.871583 -0.129011
v -0.490200 1.582793 0.265384
v 0.734172 1.679127 0.288420
v -0.025556 1.804476 0.286105
v 0.121931 1.171700 0.287296
v 0.204874 1.155368 0.262757
v 0.496210 1.486997 -0.032740
v 0.380923 1.355092 0.254209
v -0.432764 1.348000 0.255949
v 0.367415 1.395138 0.279887
v 0.752342 1.404458 0.236128
v -0.278057 1.623981 -0.036628
v 0.394482 1.499864 0.267713
v -0.214183 1.722548 -0.032727
v -0.181993 1.753185 -0.034687
v 0.355936 1.758598 -0.040497
v -0.068402 1.758233 0.280122
v 0.174504 1.822955 0.275920
v 0.148107 1.835406 0.286689
v -0.406153 0.044398 0.188567
v 0.031567 1.103178 0.267887
v 0.117029 1.109328 0.274659
v -0.058397 1.862351 -0.032982
v 0.217805 1.868052 -0.031256
v 0.195981 1.876424 -0.032704
v 0.122121 1.902164 -0.020783
v 0.014196 1.900687 -0.024521
v 0.066130 1.906731 -0.028601
v 0.084635 1.906407 -0.024429
v 0.395667 1.564571 0.258209
v -0.213263 1.622101 0.259895
v 0.296112 1.680797 0.271510
v 0.270982 1.713340 0.261742
v 0.202086 1.802091 0.270670
v 0.611638 1.331064 0.238143
v -0.500565 1.369765 0.234044
v 0.689479 1.358693 0.251362
v 0.535178 1.433973 0.268857
v 0.819962 1.435981 0.247294
v -0.556567 1.480075 0.252645
v -0.170105 1.665043 0.243689
v 0.808812 1.660065 0.270267
v 0.241070 1.765720 0.261759
v 0.231859 1.796875 0.257220
v -0.063581 1.783765 0.263613
v 0.126229 1.857339 0.274121
v 0.152030 1.847356 0.269125
v 0.025607 1.862999 0.277304
v 0.046065 1.870589 0.275850
v 0.094181 1.865438 0.277173
v -0.051220 1.876986 0.038066
v 0.400437 1.449810 0.256940
v 0.595390 1.529735 0.240400
v 0.905093 1.537364 0.266159
v -0.032424 1.883350 0.037965
v 0.643343 1.578695 0.256012
v -0.125058 1.709161 0.254831
v -0.014407 1.841123 0.271834
v 0.139860 1.873337 0.266362
v 0.003566 1.859854 0.276778
v 0.107016 1.876216 0.273120
v 0.017652 1.879526 0.272175
v 0.055106 1.884611 0.274469
v 0.073468 1.891819 0.271136
v 0.153205 1.070088 0.245887
v -0.216399 1.309582 0.228429
v -0.244953 1.357477 0.253884
v -0.308189 1.340701 0.244626
v 0.494906 1.409291 0.254280
v 0.883096 1.495641 0.252784
v 0.538832 1.505483 0.256312
v -0.538342 1.534415 0.249806
v -0.301342 1.571125 0.242053
v 0.715386 1.634786 0.250274
v 0.755787 1.663396 0.267938
v 0.834273 1.640818 0.244095
v -0.110711 1.736065 0.252891
v -0.054363 1.805812 0.264311
v 0.198459 1.825011 0.261014
v 0.174287 1.848058 0.265586
v -0.014426 1.866387 0.267191
v -0.001798 1.884591 0.261583
v 0.127082 1.885162 0.267045
v 0.040938 1.890447 0.263560
v 0.092998 1.886242 0.270309
v 0.011955 1.894166 0.256258
v 0.023718 1.892768 0.263547
v 0.116834 1.894164 0.263284
v -0.019726 1.129559 0.241683
v -0.186938 1.254166 0.223387
v 0.376658 1.604802 0.244202
v -0.399472 1.590836 0.237333
v 0.178883 1.895666 0.037941
v 0.025443 1.909702 0.035480
v 0.077738 1.913233 0.040840
v -0.036996 1.825517 0.269226
v -0.048890 1.845845 0.258242
v 0.155131 1.868266 0.262501
v 0.182371 1.870955 0.254361
v 0.060236 1.914389 0.034842
v 0.143354 1.888655 0.256290
v 0.057664 1.898198 0.263382
v 0.086378 1.897586 0.263445
v 0.099932 1.898275 0.256314
v 0.073245 1.903110 0.258156
v -0.362556 1.331485 0.233754
v 0.508300 1.345605 0.236456
v -0.035988 1.734153 -0.262709
v -0.540416 1.414957 0.232403
v 0.624852 1.547993 0.215559
v 0.009805 1.762169 -0.269409
v -0.344158 1.590281 0.207274
v -0.256452 1.577193 0.244236
v 0.319736 1.677963 0.224492
v 0.272581 1.750079 0.244165
v -0.093384 1.774962 0.255386
v -0.073910 1.828636 0.245666
v 0.220532 1.845800 0.245110
v 0.201543 1.855937 0.255140
v -0.035112 1.861853 0.251982
v -0.012647 1.883419 0.250856
v 0.158457 1.882127 0.247992
v 0.043517 1.900201 0.244764
v 0.117620 1.901749 0.248831
v 0.131173 1.898151 0.252239
v 0.056230 1.905029 0.247274
v 0.052230 1.044091 0.243829
v 0.307716 1.774554 -0.148658
v 0.404245 1.402701 0.250651
v 0.492597 1.505954 0.234106
v 0.843582 1.475122 0.224846
v 0.434147 1.484796 0.243832
v 0.422474 1.537354 0.228949
v 0.562203 1.537934 0.208220
v 0.402843 1.599351 0.201647
v -0.228998 1.702547 -0.049797
v -0.455959 1.585435 0.222660
v 0.872102 1.598084 0.227528
v -0.248543 1.613809 0.218618
v 0.346243 1.641981 0.214387
v 0.774946 1.633904 0.244792
v 0.068388 1.871717 -0.130191
v -0.163474 1.694440 0.233304
v 0.292048 1.706257 0.236901
v 0.237780 1.836282 0.236245
v 0.003217 1.893646 0.244605
v 0.031575 1.899380 0.246801
v 0.083344 1.904958 0.251508
v 0.201808 1.100120 0.224867
v -0.090193 1.849168 -0.028709
v 0.256932 1.131662 0.198609
v -0.146612 1.197878 0.207441
v 0.146541 1.893284 -0.034336
v 0.096920 1.897572 -0.035842
v 0.122580 1.898992 -0.033979
v 0.454072 1.434970 0.246783
v 0.858835 1.537067 0.217034
v -0.122222 1.771773 0.227628
v 0.262143 1.781452 0.245561
v -0.094056 1.805722 0.234285
v 0.256863 1.808267 0.243807
v 0.209004 1.865176 0.234053
v 0.084736 1.202784 -0.272085
v 0.196315 1.873866 0.230956
v -0.013373 1.883388 0.236566
v 0.140008 1.897579 0.240114
v 0.100470 1.901819 0.243073
v 0.067514 1.906312 0.242034
v 0.091376 0.977275 0.230179
v 0.320495 1.187753 0.180660
v 0.691336 1.366058 0.202297
v 0.443983 1.375231 0.231751
v -0.546116 1.465089 0.207570
v -0.504824 1.564078 0.210793
v -0.061267 1.504380 -0.325990
v -0.207759 1.659152 0.213049
v -0.145608 1.739067 0.228463
v 0.286635 1.777668 0.233477
v 0.272685 1.801668 0.227792
v -0.043208 1.858411 0.232219
v -0.344492 0.068580 0.108189
v 0.019468 1.898459 0.236409
v 0.084135 1.905202 0.238998
v 0.112208 1.902370 0.235346
v 0.125004 1.901888 0.236967
v 0.057021 1.903226 0.230966
v -0.266413 1.337613 0.209806
v 0.796538 1.465221 0.210568
v -0.284897 1.587579 0.201208
v 0.692345 1.580194 0.211152
v 0.300676 1.768912 0.209828
v -0.073539 1.825764 0.222748
v -0.064087 1.841829 0.230097
v -0.019685 1.872003 0.227158
v 0.180547 1.881664 0.231429
v 0.152193 1.890899 0.231565
v -0.000749 1.888330 0.227523
v 0.142246 1.895274 0.225243
v 0.101763 1.900324 0.230680
v 0.210020 1.018923 0.180469
v 0.730622 1.601282 0.216205
v 0.815946 1.591698 0.203638
v 0.315508 1.730679 0.223505
v 0.252333 1.825437 0.216015
v 0.223079 1.846338 0.216997
v 0.032006 1.894766 0.224893
v 0.086132 1.901228 0.226232
v 0.072236 1.904734 0.230057
v 0.361961 1.247877 0.196177
v -0.369602 1.326572 0.180647
v 0.472385 1.322519 0.192479
v -0.533131 1.518038 0.200497
v 0.468758 1.544983 0.203811
v 0.522038 1.548717 0.195277
v -0.168704 1.729974 0.204129
v -0.107469 1.787040 0.206016
v 0.206516 1.862493 0.211163
v 0.161855 1.882867 0.220054
v 0.012486 1.892436 0.223588
v 0.046726 1.896054 0.224677
v 0.101151 1.893634 0.215718
v 0.128611 1.897200 0.218701
v 0.112704 1.899971 0.224376
v 0.040344 0.901958 0.202859
v -0.006406 0.991263 0.198912
v -0.030954 1.070516 0.200342
v 0.539829 1.311304 0.184503
v 0.413541 1.326088 0.199988
v -0.318426 1.324715 0.189493
v -0.425918 1.346586 0.194481
v -0.073997 1.677222 -0.274668
v 0.442113 1.572740 0.187064
v -0.033339 1.861979 0.207764
v 0.186179 1.872271 0.210111
v 0.070777 1.899391 0.219380
v 0.116039 1.893354 0.209250
v 0.142852 0.896240 0.185661
v 0.145730 1.751690 -0.280563
v 0.394807 1.287040 0.165031
v 0.039929 1.761068 -0.277119
v -0.400408 1.587737 0.180790
v 0.767178 1.567221 0.193172
v -0.183622 1.716113 0.180176
v 0.353876 1.705552 0.182695
v 0.319575 1.741390 0.194004
v 0.278068 1.790996 0.198431
v -0.086800 1.814631 0.203617
v -0.054194 1.848851 0.206054
v -0.020983 1.878820 0.206158
v 0.140346 1.885074 0.206680
v -0.002114 1.888484 0.205658
v 0.012921 1.893156 0.202670
v 0.056426 1.892292 0.213183
v 0.084632 1.895654 0.210062
v 0.083616 0.826582 0.171303
v -0.090888 1.127968 0.176593
v 0.243632 1.845477 -0.040444
v -0.133963 1.801609 -0.053216
v -0.525553 1.427897 0.184824
v 0.164921 1.885067 -0.036614
v -0.001226 1.895660 -0.028658
v -0.448598 1.567891 0.177607
v 0.082360 1.903029 -0.036514
v 0.050713 1.905531 -0.029048
v 0.378636 1.634363 0.175124
v -0.237293 1.643404 0.191105
v -0.211539 1.699418 0.180819
v -0.153263 1.741456 -0.150859
v 0.235760 1.834670 0.183163
v 0.158476 1.877369 0.199868
v 0.027659 1.895790 0.191448
v 0.043566 1.890210 0.201186
v -0.428940 0.611628 0.176023
v -0.342610 0.563840 0.177038
v -0.078985 1.809877 -0.151109
v 0.199814 0.954379 0.182324
v 0.198653 1.841508 -0.144708
v 0.150315 1.857756 -0.151149
v 0.044542 1.861079 -0.147714
v 0.660914 1.342372 0.156126
v 0.745105 1.454052 0.192992
v 0.766964 1.509753 0.187522
v 0.811047 1.526751 0.189268
v 0.654603 1.552614 0.179142
v 0.356228 1.672614 0.194056
v 0.264324 1.811318 0.198347
v 0.221333 1.854577 0.183836
v -0.021766 1.882371 0.188341
v 0.133607 1.890975 0.195551
v 0.062808 1.894012 0.201751
v 0.072900 1.900051 0.193803
v 0.057655 1.247471 -0.285437
v 0.417426 0.643009 0.190808
v -0.391154 0.708172 0.162064
v -0.280848 0.661467 0.188147
v 0.498955 0.667245 0.173816
v 0.340223 0.723443 0.180666
v -0.294513 0.803609 0.172336
v 0.423350 0.783772 0.175466
v -0.455204 1.373952 0.156683
v 0.551134 1.559945 0.149540
v 0.127902 1.265660 -0.286593
v -0.126169 1.774585 0.182937
v -0.096661 1.803674 0.179413
v -0.078494 1.830216 0.188640
v -0.045339 1.858539 0.183249
v 0.188224 1.876981 0.180466
v -0.004538 1.890448 0.192781
v 0.101894 1.899870 0.192976
v -0.214272 0.729123 0.183436
v -0.144013 0.782171 0.158390
v -0.023838 1.876275 -0.058904
v -0.025832 0.919850 0.174139
v 0.716113 1.443268 0.156247
v 0.486131 1.568280 0.156193
v -0.322531 1.589611 0.160713
v -0.260578 1.623108 0.162171
v 0.257684 1.821501 0.178421
v -0.077882 1.831766 0.167118
v 0.170121 1.883619 0.170195
v -0.013270 1.888192 0.176843
v 0.009825 1.894805 0.182653
v 0.088555 1.902657 0.184918
v -0.001038 1.884829 -0.055525
v 0.036614 1.888831 -0.059474
v 0.470074 0.545879 0.174022
v 0.324809 0.807839 0.166933
v 0.089042 1.896377 -0.054988
v -0.064882 1.000455 0.174286
v 0.107430 1.894680 -0.059872
v -0.253319 1.311615 0.149373
v 0.707559 1.519116 0.166767
v -0.502334 1.535776 0.178538
v 0.598171 1.545287 0.163348
v -0.358651 1.589602 0.145589
v -0.151940 1.741073 0.172458
v 0.297409 1.765545 0.170388
v -0.062514 1.848060 0.172717
v 0.144589 1.890311 0.176006
v 0.149856 1.883741 0.186739
v 0.026429 1.897132 0.176814
v 0.047875 1.894099 0.179178
v 0.128147 1.898518 0.179980
v 0.091465 1.904686 0.165647
v 0.117502 1.899408 0.188087
v 0.507672 0.474847 0.145769
v -0.157672 1.177523 0.145918
v 0.044152 1.912774 0.043025
v -0.516354 1.473511 0.169516
v -0.252496 1.658033 0.164679
v 0.381480 1.677847 0.149659
v 0.206662 1.868148 0.168176
v 0.062247 1.902384 0.163964
v 0.080737 1.904960 0.164190
v 0.105046 1.763466 -0.278421
v -0.383038 0.467596 0.162170
v -0.262588 0.562940 0.143312
v 0.301006 0.658634 0.142905
v -0.195664 0.650263 0.148768
v 0.225258 1.857599 -0.048448
v -0.038571 1.869959 -0.047647
v 0.493893 0.779057 0.137594
v 0.180044 1.877005 -0.040626
v -0.024136 1.881406 -0.040919
v 0.029577 1.902093 -0.030963
v 0.055504 1.900957 -0.041368
v -0.185362 0.884371 0.147960
v -0.085255 1.075065 0.151767
v 0.590398 1.321414 0.128309
v -0.486152 1.499457 0.150981
v 0.315791 1.749614 0.155783
v 0.282435 1.795053 0.153711
v -0.028722 1.879204 0.168591
v -0.017122 1.887517 0.158756
v 0.031329 1.898093 0.163259
v 0.117615 1.902051 0.162846
v 0.136842 1.896938 0.159930
v -0.304758 0.471816 0.153669
v 0.540326 0.576760 0.127057
v 0.350712 0.572179 0.141077
v -0.025065 1.833442 -0.151071
v 0.070044 1.863297 -0.150103
v 0.279658 0.903091 0.160972
v -0.103220 0.948960 0.155741
v 0.288620 0.980415 0.140468
v -0.395026 1.341049 0.122330
v 0.414387 1.617389 0.147101
v -0.228502 1.682930 0.151797
v 0.347347 1.706097 0.150985
v -0.155796 1.737476 0.139259
v -0.132035 1.759149 0.155532
v 0.230845 1.849858 0.149832
v -0.040756 1.863653 0.161169
v 0.198088 1.875985 0.148061
v 0.150417 1.888319 0.157111
v 0.180249 1.883997 0.150152
v -0.000996 1.894254 0.153248
v 0.013938 1.898508 0.155826
v 0.226988 0.822798 0.152803
v 0.262334 1.058287 0.137050
v 0.684053 1.399569 0.104094
v -0.486505 1.426376 0.147093
v 0.621771 1.534221 0.109943
v -0.280974 1.593950 0.144408
v 0.409819 1.655839 0.142863
v -0.197086 1.709706 0.142583
v 0.246911 1.828966 0.137096
v 0.243921 1.830927 0.160030
v 0.165738 1.885715 0.148477
v 0.028165 1.901083 0.145827
v 0.100332 1.904735 0.156875
v 0.067320 1.905589 0.147007
v 0.087869 1.906062 0.152530
v -0.359906 0.382674 0.133335
v 0.256091 0.715977 0.132347
v 0.463246 0.856347 0.112109
v -0.081430 0.866240 0.151402
v 0.384429 0.912123 0.115288
v -0.249947 0.889830 0.125936
v 0.300619 1.128405 0.121978
v 0.362975 1.227007 0.140726
v -0.412568 1.568544 0.129488
v 0.327170 1.728631 0.140225
v -0.109395 1.785172 0.140841
v -0.082717 1.826559 0.147590
v -0.066883 1.843487 0.143096
v -0.028906 1.880029 0.151694
v 0.052806 1.900975 0.141926
v 0.138704 1.897390 0.146225
v 0.151133 1.884909 -0.048085
v 0.023558 1.894533 -0.044795
v 0.113680 1.893340 -0.044934
v 0.135507 1.893186 -0.042229
v -0.457414 1.530251 0.136635
v 0.447033 1.601859 0.134063
v -0.137917 1.764961 0.114655
v -0.089160 1.809575 0.135788
v 0.267474 1.813599 0.142883
v 0.040054 1.898446 0.148699
v 0.124847 1.902582 0.133731
v -0.273376 0.372553 0.132925
v -0.127080 1.121271 0.114053
v 0.636178 1.353883 0.102639
v 0.490097 1.581232 0.105270
v -0.273406 1.640075 0.132448
v -0.254056 1.669461 0.128098
v 0.357023 1.710081 0.116199
v 0.302478 1.761935 0.123430
v -0.050973 1.853905 0.129192
v 0.215587 1.864412 0.147873
v -0.036520 1.871352 0.141726
v -0.027782 1.880385 0.132300
v -0.015940 1.888259 0.141125
v 0.151980 1.889534 0.140956
v 0.173174 1.887370 0.131632
v 0.139521 1.898592 0.133749
v 0.085248 1.906821 0.142102
v 0.112096 1.904827 0.131158
v -0.153982 0.978266 0.121606
v -0.436635 1.394249 0.103529
v 0.666860 1.527022 0.124861
v 0.527535 1.571140 0.115649
v -0.315386 1.581211 0.111490
v -0.071741 1.836459 0.118492
v 0.152119 1.891758 0.125476
v 0.038869 1.900634 0.130397
v 0.064577 1.905804 0.120129
v 0.089662 1.907302 0.128512
v -0.176424 1.718752 0.111261
v 0.224201 1.861803 0.127367
v -0.015110 1.888013 0.126561
v 0.005684 1.895798 0.122582
v 0.022888 1.900619 0.122514
v 0.051330 1.900861 0.125043
v -0.454311 1.475211 0.103240
v 0.569897 1.559021 0.104605
v -0.359994 1.574166 0.103018
v -0.275553 1.603836 0.108166
v -0.096407 1.807455 0.109935
v -0.038535 1.865444 0.116924
v 0.208257 1.873329 0.125595
v 0.187859 1.884122 0.122739
v 0.168563 1.888613 0.117422
v 0.130812 1.902196 0.119784
v 0.106410 1.905318 0.110849
v 0.073340 1.899436 -0.046072
v 0.328810 1.735292 0.103908
v -0.114248 1.792500 0.116219
v 0.259083 1.816466 0.117455
v 0.243963 1.838045 0.112638
v 0.143173 1.897675 0.115695
v 0.293243 1.787151 0.100035
v 0.235788 1.856971 0.092628
v -0.022328 1.877764 0.115756
v -0.010123 1.883284 0.101116
v 0.048614 1.898471 0.111328
v 0.091042 1.906939 0.113660
v 0.272493 1.799416 0.106055
v -0.072248 1.846778 0.100814
v -0.049102 1.866886 0.100604
v 0.212329 1.868630 0.106912
v 0.191304 1.881585 0.106492
v 0.007625 1.892199 0.102447
v 0.166172 1.886626 0.102901
v 0.035087 1.897456 0.108009
v -0.162751 1.747394 0.090381
v -0.024790 1.876044 0.100236
v 0.045091 1.899348 0.099225
v 0.065992 1.904018 0.107928
v 0.119390 1.902372 0.104371
v 0.136174 1.898875 0.102825
v 0.205108 1.866913 -0.055401
v 0.125466 1.892088 -0.058180
v -0.098484 1.820367 0.090704
v 0.065277 1.895496 -0.055175
v 0.150936 1.893838 0.092505
v 0.030784 1.901614 0.093159
v 0.064533 1.901905 0.096688
v 0.081347 1.903457 0.100826
v 0.108312 1.901247 0.097333
v 0.211221 1.867628 0.088835
v 0.179702 1.888918 0.085879
v -0.004947 1.894170 0.085978
v 0.020314 1.902688 0.086520
v 0.130804 1.902774 0.085771
v 0.053953 1.906726 0.086146
v 0.078090 1.904009 0.085665
v 0.095497 1.900859 0.095256
v -0.020837 1.881678 0.086091
v 0.131384 1.906785 0.064607
v 0.304640 1.968133 0.508008
v 0.295970 1.962558 0.506963
v 0.379049 1.982915 0.527919
v 0.375482 1.983006 0.529096
v 0.082878 1.911771 0.011106
v 0.185739 1.890467 0.001827
v 0.103672 1.906154 0.124696
v -0.185319 1.962589 0.544495
v -0.180431 1.959456 0.541728
v -0.178912 1.948106 0.529941
v 0.382087 1.981913 0.526194
v 0.379251 1.979434 0.528182
v 0.197039 1.885060 -0.006321
v 0.139325 1.905998 0.057019
v 0.249815 1.923431 0.446739
v 0.327176 1.934056 0.433783
v 0.267287 1.940220 0.497371
v 0.272656 1.942295 0.503044
v 0.264571 1.933818 0.501681
v -0.015478 1.891280 -0.027077
v 0.002093 1.890061 -0.042809
v -0.050304 1.953509 0.500942
v -0.110870 1.980603 0.553670
v 0.322815 1.939873 0.436469
v 0.282708 1.940813 0.441836
v 0.288868 1.940075 0.438434
v 0.310382 1.953361 0.447259
v 0.303220 1.947677 0.442776
v 0.360370 1.958733 0.460590
v 0.357342 1.953902 0.456596
v -0.150689 1.937679 0.478755
v -0.153658 1.930399 0.480427
v 0.303914 1.871138 0.460333
v 0.315504 1.970727 0.466685
v 0.307595 1.967786 0.467230
v 0.296406 1.943526 0.440047
v 0.378498 1.938457 0.466499
v 0.341849 1.917825 0.434495
v -0.016079 1.903575 0.440938
v 0.369815 1.987296 0.482119
v 0.367851 1.990416 0.485199
v 0.297439 1.949043 0.445922
v 0.346576 1.927304 0.440160
v 0.333218 1.974786 0.525186
v 0.330813 1.971486 0.527538
v 0.368103 1.931584 0.455830
v 0.358606 1.949436 0.455535
v -0.118850 1.936755 0.450757
v -0.122175 1.941851 0.455070
v 0.363166 1.923703 0.450549
v -0.143681 1.905154 0.467088
v 0.262606 1.938399 0.491108
v -0.120219 1.926487 0.448741
v 0.359429 1.901576 0.458501
v -0.092678 1.986168 0.499510
v -0.085657 1.982659 0.498599
v 0.380183 1.941595 0.469360
v -0.128381 1.941915 0.459628
v -0.127628 1.928098 0.455344
v 0.102083 1.889489 -0.089498
v 0.390453 1.970832 0.503168
v 0.390941 1.974396 0.507552
v 0.342945 1.975178 0.465485
v 0.342462 1.978982 0.469104
v 0.356522 1.978920 0.470969
v 0.349467 1.974977 0.466428
v 0.365383 1.970864 0.468941
v 0.362547 1.964051 0.464146
v 0.365746 1.949857 0.460728
v 0.359543 1.937747 0.452392
v -0.185244 1.950253 0.522018
v 0.322722 1.976317 0.472236
v 0.297013 1.966339 0.480173
v 0.302810 1.968902 0.476722
v 0.366251 1.960399 0.464856
v 0.387492 1.974575 0.511730
v 0.330196 1.981477 0.478313
v 0.320643 1.977596 0.477654
v 0.317283 1.977587 0.483327
v 0.310813 1.973151 0.477158
v 0.340868 1.925004 0.478817
v -0.159417 1.932454 0.487383
v 0.360858 1.929374 0.450905
v 0.391277 1.978027 0.512536
v -0.154327 1.968981 0.490943
v -0.147830 1.972329 0.487720
v 0.282547 1.956758 0.486988
v 0.273717 1.950096 0.482825
v 0.256090 1.931867 0.489777
v -0.154365 1.993336 0.515258
v -0.146948 1.991106 0.506508
v 0.117973 1.906966 0.040067
v 0.337466 1.985900 0.483257
v -0.103817 1.988288 0.489997
v -0.149372 1.977898 0.492980
v -0.143412 1.976019 0.487300
v -0.160090 1.966667 0.494905
v -0.143120 1.984512 0.495286
v -0.140948 1.980435 0.489415
v 0.387374 1.967108 0.501030
v 0.346639 1.976996 0.529523
v -0.011379 1.896656 0.503801
v -0.074781 1.970694 0.527589
v -0.075737 1.973868 0.520856
v 0.294847 1.960015 0.510307
v 0.288085 1.957181 0.505368
v -0.159470 1.983827 0.506331
v -0.154846 1.985327 0.503874
v -0.161531 1.985986 0.509880
v 0.128343 1.907125 0.037745
v -0.054625 1.958259 0.497480
v -0.061864 1.965207 0.502216
v -0.157107 1.945373 0.486507
v -0.137286 1.921367 0.510721
v -0.128777 1.925556 0.517245
v -0.081205 1.978089 0.520054
v -0.089467 1.981196 0.527747
v -0.149789 1.985618 0.500739
v -0.146328 1.988277 0.501844
v -0.158989 1.972338 0.496703
v 0.383442 1.966058 0.501543
v -0.178891 1.931980 0.512880
v 0.338724 1.949430 0.540209
v 0.343542 1.954231 0.539787
v 0.337925 1.950822 0.544696
v 0.339143 1.954152 0.544434
v 0.280915 1.950686 0.504322
v 0.279855 1.947001 0.507635
v 0.385041 1.978477 0.522107
v 0.384841 1.981080 0.524037
v 0.341977 1.956486 0.543016
v 0.374858 1.990734 0.511691
v 0.368889 1.991910 0.510797
v 0.367114 1.990325 0.515922
v 0.364062 1.992347 0.510934
v 0.359724 1.992344 0.510870
v 0.356324 1.990761 0.514191
v 0.312716 1.970628 0.513828
v 0.301820 1.957311 0.520906
v 0.256338 1.899180 0.524805
v 0.370960 1.952591 0.465258
v -0.118122 1.932565 0.540941
v -0.112623 1.928349 0.542902
v -0.162754 1.996234 0.527057
v -0.164578 1.993816 0.523454
v 0.325501 1.975627 0.518834
v 0.381872 1.976223 0.523136
v 0.339822 1.977381 0.525914
v 0.390830 1.981226 0.515631
v -0.183233 1.946398 0.521547
v -0.181374 1.946206 0.527533
v -0.184837 1.948669 0.526768
v 0.357621 1.970467 0.539436
v 0.352642 1.969874 0.539590
v 0.294977 1.951655 0.521063
v -0.187887 1.951957 0.527855
v 0.276560 1.926033 0.525670
v -0.172062 1.983303 0.516698
v -0.188023 1.952712 0.530738
v -0.053140 1.943370 0.534908
v -0.121084 1.923467 0.519118
v 0.376506 1.976398 0.528517
v -0.060363 1.951293 0.536294
v -0.174796 1.994788 0.533266
v 0.297801 1.930136 0.539796
v 0.304109 1.933824 0.542401
v -0.145627 1.998626 0.545740
v -0.145519 1.999542 0.540644
v -0.155496 1.999798 0.543155
v 0.357164 1.967018 0.539828
v -0.170843 1.958424 0.543214
v -0.100203 1.977125 0.548673
v -0.124858 1.938285 0.542486
v -0.132783 1.989771 0.558870
v -0.129372 1.990679 0.555301
v -0.125222 1.986914 0.557723
v -0.088131 1.965894 0.549144
v -0.090501 1.969096 0.548476
v -0.130869 1.993252 0.551433
v -0.091160 1.972025 0.546148
v -0.130402 1.944297 0.563492
v -0.127075 1.940714 0.567036
v -0.152212 1.959208 0.560500
v -0.046597 1.918898 0.549442
v -0.137407 1.995344 0.551459
v -0.154112 1.993859 0.561600
v -0.158761 1.994918 0.560919
v -0.157733 1.991535 0.565876
v -0.125571 1.975113 0.566662
v -0.114945 1.970299 0.564248
v -0.102465 1.960342 0.562839
v -0.091234 1.950846 0.561655
v -0.104638 1.957855 0.565264
v -0.095675 1.943805 0.566901
v -0.098016 1.948763 0.566100
v -0.082147 1.941917 0.561444
v -0.135900 1.948600 0.565923
v -0.136673 1.949641 0.570109
v -0.151732 1.991966 0.563449
v -0.132152 1.971279 0.570591
v -0.109208 1.956610 0.567525
v -0.127614 1.944925 0.572308
v -0.095195 1.939328 0.567603
v -0.133139 1.948304 0.572086
v 0.186570 1.880170 0.163696
v -0.057948 1.955602 0.523175
v 0.049479 1.897230 0.157558
v -0.048840 1.943121 0.526683
v -0.017663 1.871987 -0.089151
v 0.325739 1.935896 0.539763
v 0.330675 1.941089 0.540187
v 0.072128 1.909665 -0.016306
v 0.147666 1.896641 -0.021525
v 0.273252 1.941973 0.449750
v 0.271022 1.937421 0.444506
v 0.004052 1.901628 -0.004166
v 0.137291 1.906228 0.044555
v -0.131796 1.997255 0.540983
v 0.040953 1.898662 -0.042308
v 0.289582 1.927664 0.535030
v 0.295512 1.938541 0.533035
v 0.111218 1.903153 0.016530
v -0.061242 1.961588 0.516348
v -0.068962 1.968353 0.519748
v 0.156950 1.901773 0.038755
v 0.279074 1.930393 0.431401
v 0.381556 1.972239 0.480446
v 0.030710 1.909896 0.051860
v 0.043890 1.912079 0.054308
v 0.248043 1.885004 0.404297
v -0.117256 1.971139 0.468192
v -0.041887 1.927544 0.445350
v 0.263836 1.916640 0.423994
v 0.383585 1.965100 0.479250
v 0.269228 1.929329 0.434667
v 0.262789 1.924781 0.433227
v 0.314061 1.922664 0.424380
v -0.059073 1.915819 0.428435
v -0.070604 1.920385 0.429922
v -0.083834 1.923242 0.431295
v 0.299493 1.954442 0.452064
v 0.309508 1.960197 0.454860
v 0.304586 1.960790 0.458081
v 0.265996 1.933703 0.443151
v 0.261452 1.932849 0.446653
v 0.291665 1.949859 0.449619
v 0.377526 1.932768 0.469505
v -0.104367 1.937037 0.442719
v -0.102012 1.940000 0.443768
v 0.269905 1.932946 0.438848
v 0.285179 1.949322 0.452653
v 0.326794 1.973643 0.522651
v 0.318323 1.965170 0.457857
v -0.088394 1.958908 0.456960
v -0.094202 1.960594 0.457728
v 0.328969 1.940615 0.543931
v -0.130083 1.961589 0.469353
v -0.115303 1.960101 0.460278
v -0.119790 1.955181 0.459765
v -0.134636 1.925526 0.460935
v -0.132501 1.936162 0.461364
v 0.234966 1.910250 0.450180
v -0.054292 1.944688 0.458162
v 0.338283 1.984507 0.478539
v 0.345121 1.987096 0.479908
v -0.114129 1.966522 0.463850
v -0.111726 1.971753 0.466867
v -0.108056 1.973741 0.468168
v -0.133553 1.954892 0.468506
v -0.142057 1.945777 0.472204
v -0.135551 1.943028 0.465919
v -0.106313 1.977491 0.472054
v 0.294578 1.963590 0.474670
v 0.286821 1.958140 0.471408
v -0.026617 1.924299 0.463056
v 0.378420 1.935654 0.472668
v 0.386971 1.964829 0.482372
v 0.279199 1.953504 0.472291
v -0.145807 1.993852 0.511185
v 0.349975 1.989997 0.484261
v 0.355713 1.993232 0.493152
v 0.352542 1.991833 0.488527
v 0.345641 1.989707 0.486769
v 0.338341 1.987431 0.488133
v 0.360250 1.949904 0.493635
v 0.363234 1.947547 0.489410
v 0.317630 1.910800 0.480785
v 0.352344 1.976631 0.532727
v 0.344895 1.972965 0.533561
v -0.156655 1.934811 0.519882
v -0.151303 1.927485 0.514075
v -0.073852 1.967349 0.532746
v -0.072833 1.964358 0.536336
v -0.157988 1.981090 0.502284
v -0.158691 1.976645 0.499163
v -0.164694 1.980962 0.507977
v 0.374604 1.959600 0.497512
v 0.345831 1.948632 0.504037
v 0.371459 1.954702 0.493428
v 0.339804 1.942213 0.499573
v 0.331734 1.935823 0.498403
v 0.324860 1.926362 0.491786
v 0.355241 1.960797 0.520871
v -0.118250 1.931501 0.564670
v -0.177837 1.972192 0.567345
v -0.170413 1.969368 0.566742
v -0.175716 1.969355 0.562007
v 0.325891 1.930814 0.497446
v 0.307679 1.915356 0.497431
v 0.315241 1.922374 0.497779
v 0.241498 1.904228 0.501634
v 0.340927 1.950911 0.536708
v 0.336559 1.952887 0.545417
v -0.113519 1.928463 0.557891
v 0.380750 1.990925 0.504404
v 0.383621 1.989753 0.509458
v 0.374922 1.992773 0.502983
v 0.372252 1.992591 0.506538
v -0.163633 1.974458 0.502229
v 0.371992 1.981454 0.531225
v 0.320349 1.979465 0.498934
v -0.144829 1.925480 0.513201
v -0.144610 1.932193 0.519104
v 0.334727 1.945918 0.534581
v 0.330542 1.983608 0.505150
v 0.349003 1.963904 0.542379
v 0.320990 1.972695 0.519079
v 0.314792 1.968059 0.519570
v 0.274443 1.916238 0.530237
v -0.146677 1.996243 0.517693
v -0.070932 1.960076 0.539221
v -0.077388 1.964639 0.541022
v 0.373658 1.979357 0.532174
v 0.342542 1.952491 0.519265
v -0.152672 1.950268 0.538498
v -0.157781 1.948776 0.534383
v -0.126105 1.997303 0.528377
v -0.127067 1.997607 0.524740
v -0.137568 1.999418 0.530078
v 0.357432 1.975927 0.535396
v 0.349185 1.956419 0.517402
v -0.190678 1.954737 0.528865
v -0.191929 1.957696 0.531138
v 0.300195 1.943682 0.532790
v -0.173367 1.955064 0.538000
v -0.167098 1.950042 0.533949
v -0.081572 1.972820 0.534401
v 0.349192 1.959312 0.539592
v 0.361251 1.970492 0.538265
v 0.364293 1.970011 0.536387
v 0.352467 1.961321 0.539607
v 0.305308 1.943586 0.536595
v -0.181396 1.984549 0.575920
v 0.322464 1.931534 0.504194
v 0.328323 1.983420 0.499778
v -0.114454 1.987368 0.547515
v -0.123307 1.990620 0.550308
v -0.137693 1.998773 0.540024
v -0.109314 1.982986 0.549405
v 0.352049 1.963955 0.541659
v 0.356213 1.962117 0.534789
v 0.354572 1.963983 0.539769
v -0.070112 1.953634 0.544318
v 0.357123 1.964218 0.537706
v 0.333857 1.952513 0.545605
v -0.132700 1.946423 0.554058
v -0.125604 1.941033 0.552226
v -0.082520 1.964885 0.545467
v -0.171274 1.998303 0.552513
v -0.175209 1.997388 0.554071
v -0.084229 1.967607 0.544284
v -0.160669 1.962741 0.558379
v -0.165884 1.963100 0.554490
v -0.173445 1.965412 0.554955
v -0.135467 1.987713 0.562562
v -0.140326 1.991048 0.560830
v -0.151052 1.988981 0.566804
v -0.146139 1.991728 0.562016
v -0.137381 1.984352 0.566013
v -0.131519 1.950186 0.573668
v -0.129934 1.965138 0.571779
v -0.140979 1.968291 0.574323
v -0.144354 1.964169 0.575604
v -0.132030 1.954380 0.574533
v -0.123072 1.947767 0.573466
v -0.184021 1.986499 0.573836
v -0.185737 1.981129 0.573508
v -0.187106 1.984705 0.573014
v 0.362530 1.967234 0.534585
v 0.359184 1.964831 0.534836
v -0.180195 1.974929 0.570989
v 0.061938 1.911740 0.067065
v 0.049647 1.909803 0.077563
v 0.051085 1.913717 0.034841
v 0.039187 1.912214 0.034896
v 0.144638 1.902995 0.077783
v -0.011131 1.898172 0.017849
v 0.053987 1.913730 0.022893
v 0.046958 1.912137 0.014395
v 0.009190 1.897969 0.090596
v 0.119689 1.907038 0.067277
v 0.074390 1.907189 0.115045
v -0.000132 1.893803 0.166203
v 0.014769 1.897175 0.168564
v 0.052447 1.910266 -0.005976
v 0.342807 1.989606 0.503551
v 0.335770 1.986868 0.501114
v 0.340444 1.989125 0.498214
v 0.169216 1.898188 0.028494
v 0.207903 1.883702 0.022441
v -0.042311 1.936672 0.522534
v -0.043612 1.934833 0.528343
v 0.143368 1.904686 0.034894
v 0.076654 1.903213 0.178318
v 0.040215 1.909865 0.071699
v 0.381230 1.951542 0.473103
v 0.377816 1.953562 0.470600
v 0.058148 1.913337 0.050988
v -0.045229 1.947294 0.502811
v -0.050854 1.953100 0.506925
v 0.232525 1.911249 0.469767
v 0.196696 1.888928 0.037821
v 0.378329 1.967947 0.476184
v -0.048037 1.930169 0.444390
v 0.308711 1.941046 0.435839
v 0.301426 1.937199 0.432977
v 0.294912 1.938436 0.435103
v -0.070983 1.959240 0.464086
v -0.066044 1.953791 0.460724
v -0.071871 1.962550 0.467676
v 0.371559 1.970654 0.472375
v 0.373645 1.962939 0.470960
v 0.270262 1.947017 0.470455
v 0.262600 1.940397 0.466496
v 0.257749 1.924857 0.437476
v 0.260610 1.928670 0.440593
v -0.089138 1.896046 0.510378
v 0.326491 1.972232 0.464047
v 0.340786 1.940567 0.441902
v -0.054338 1.935902 0.447228
v 0.335482 1.943702 0.441877
v -0.115617 1.952015 0.456054
v -0.116820 1.943700 0.452381
v 0.269602 1.944461 0.493191
v 0.365723 1.960442 0.505000
v 0.359741 1.959949 0.510547
v 0.368378 1.964513 0.510958
v 0.327377 1.969380 0.460626
v 0.335914 1.972947 0.463274
v -0.101752 1.973341 0.468103
v -0.094551 1.970370 0.466562
v -0.060221 1.949440 0.459307
v -0.056407 1.949327 0.462748
v 0.258369 1.937236 0.472152
v 0.254075 1.932661 0.464413
v 0.362734 1.955862 0.499943
v 0.368714 1.976769 0.473719
v -0.089972 1.972400 0.470142
v 0.372646 1.957314 0.468275
v 0.379348 1.972857 0.517359
v 0.384007 1.976205 0.519354
v 0.385257 1.960539 0.479212
v 0.278364 1.953547 0.476402
v 0.379761 1.946885 0.482327
v 0.382737 1.948617 0.480469
v -0.026293 1.925359 0.476082
v -0.032395 1.932455 0.480076
v 0.351927 1.989119 0.481882
v 0.359471 1.991176 0.485026
v 0.384612 1.952654 0.482055
v 0.385052 1.953807 0.484893
v 0.381943 1.958985 0.493592
v 0.385199 1.961302 0.494413
v -0.020698 1.918792 0.480008
v -0.040285 1.941966 0.487827
v -0.196423 1.979617 0.546331
v 0.367717 1.992612 0.489310
v 0.364011 1.992495 0.488153
v 0.367770 1.994034 0.492367
v 0.359107 1.992942 0.489127
v -0.132129 1.986042 0.490411
v 0.348914 1.947747 0.499033
v 0.355430 1.950106 0.497151
v -0.163781 1.934434 0.492894
v 0.382587 1.953892 0.487737
v -0.137236 1.983723 0.490558
v 0.377822 1.958318 0.494603
v -0.111634 1.992656 0.503987
v -0.106855 1.991522 0.503969
v 0.385124 1.963628 0.497662
v -0.060468 1.963891 0.494946
v -0.068358 1.970629 0.493376
v 0.276463 1.950166 0.494685
v -0.087931 1.982199 0.520232
v -0.114942 1.928905 0.568492
v -0.121860 1.935933 0.568465
v -0.109613 1.992862 0.512281
v 0.362062 1.993775 0.505744
v 0.359696 1.994065 0.499574
v 0.353252 1.992939 0.498657
v 0.351897 1.992543 0.503302
v 0.346885 1.991442 0.497152
v -0.119892 1.995400 0.512332
v 0.395535 1.980255 0.502784
v 0.395162 1.977862 0.500339
v 0.306289 1.954168 0.528303
v 0.386137 1.989118 0.506493
v -0.085128 1.982448 0.507226
v -0.080122 1.979385 0.501147
v 0.368276 1.978375 0.534119
v 0.367789 1.981540 0.530989
v 0.281403 1.953037 0.500570
v -0.074699 1.975531 0.496174
v -0.073956 1.975222 0.504721
v -0.175651 1.984438 0.576471
v -0.171417 1.985892 0.574889
v 0.376545 1.989090 0.517540
v 0.380476 1.989642 0.513516
v 0.355110 1.959160 0.514729
v 0.309257 1.961306 0.522685
v -0.038311 1.938223 0.504416
v -0.037218 1.931599 0.518348
v 0.391518 1.986534 0.509184
v 0.384998 1.988477 0.515079
v 0.385005 1.987116 0.519503
v 0.372755 1.969921 0.519385
v 0.372081 1.968379 0.515406
v 0.317927 1.964088 0.526835
v -0.192966 1.983792 0.544175
v -0.152240 1.998070 0.526984
v -0.160404 1.997584 0.529272
v -0.153358 1.999387 0.533156
v -0.096820 1.986266 0.524053
v -0.176841 1.944049 0.526880
v -0.174193 1.940987 0.524345
v -0.159969 1.940569 0.524950
v -0.165851 1.939582 0.523600
v -0.170989 1.997899 0.537318
v 0.359977 1.979637 0.531693
v 0.289893 1.940334 0.527530
v 0.295894 1.944176 0.529445
v -0.161397 1.945339 0.529721
v -0.193408 1.963265 0.536429
v -0.192712 1.960803 0.533883
v -0.162918 1.999795 0.540724
v -0.065558 1.954071 0.539555
v -0.060834 1.947965 0.540486
v -0.191410 1.957891 0.533917
v -0.138986 1.946271 0.541200
v -0.157739 1.957191 0.547296
v -0.163161 1.957365 0.544560
v -0.196808 1.968897 0.542709
v -0.102988 1.982856 0.542987
v -0.091014 1.977815 0.537706
v -0.089902 1.974445 0.541956
v -0.195363 1.966300 0.540049
v -0.193436 1.964452 0.542520
v -0.188345 1.991223 0.547130
v -0.189636 1.988554 0.543708
v -0.187031 1.993097 0.551212
v -0.192434 1.989159 0.553366
v 0.327076 1.943792 0.547008
v 0.325247 1.945940 0.547017
v -0.196762 1.974945 0.558457
v -0.083101 1.947894 0.558263
v -0.075826 1.950378 0.551221
v -0.187431 1.992842 0.557114
v -0.066117 1.933356 0.556181
v -0.069392 1.943887 0.551182
v -0.169932 1.961489 0.548777
v -0.197699 1.981320 0.560785
v -0.198436 1.977548 0.557221
v -0.111798 1.949350 0.570105
v -0.168511 1.982856 0.576564
v -0.155557 1.966931 0.574376
v -0.153271 1.968151 0.575927
v -0.119529 1.958271 0.570196
v -0.124735 1.940013 0.570946
v -0.121438 1.940096 0.572735
v -0.077378 1.926428 0.564891
v -0.086590 1.918367 0.568602
v -0.128750 1.956712 0.573509
v -0.158600 1.968380 0.573817
v -0.154854 1.972049 0.576315
v 0.066137 1.907730 0.082440
v 0.378317 1.985421 0.525927
v -0.056030 1.927330 0.438246
v -0.187173 1.959644 0.539292
v 0.015257 1.899725 0.139669
v -0.137557 1.939808 0.531457
v -0.148271 1.945371 0.533661
v 0.329795 1.940404 0.536966
v 0.060720 1.909311 -0.016283
v -0.033496 1.930961 0.507591
v 0.057244 1.894978 0.190552
v -0.175390 1.964500 0.510984
v -0.179092 1.961555 0.515346
v 0.276657 1.940888 0.445412
v 0.367267 1.927326 0.471443
v -0.047325 1.947096 0.513190
v -0.041636 1.940907 0.510346
v -0.042331 1.939577 0.516694
v 0.288275 1.933999 0.530457
v -0.107675 1.974202 0.557173
v -0.117727 1.981709 0.557668
v 0.311874 1.925764 0.524206
v 0.318819 1.933190 0.523128
v -0.087903 1.939514 0.442176
v -0.081055 1.935974 0.440193
v 0.284826 1.929569 0.429130
v 0.293466 1.933816 0.431221
v 0.394370 1.983984 0.505303
v 0.389979 1.987066 0.505123
v 0.280938 1.935798 0.436609
v 0.309598 1.947532 0.441601
v -0.177816 1.972186 0.516467
v 0.002970 1.903330 0.036375
v 0.018445 1.907722 0.044140
v 0.279803 1.906922 0.414275
v 0.268670 1.901395 0.411734
v 0.284087 1.945239 0.447173
v 0.320486 1.951373 0.444744
v 0.315327 1.946791 0.440704
v 0.356799 1.907071 0.442117
v 0.364686 1.987152 0.480400
v 0.389309 1.961254 0.484642
v 0.390010 1.961122 0.488643
v 0.390570 1.963732 0.491545
v 0.324731 1.974400 0.467662
v 0.333709 1.978253 0.469870
v 0.312337 1.958397 0.451938
v 0.318282 1.959003 0.451547
v 0.273752 1.931355 0.434635
v 0.278743 1.947235 0.454119
v 0.285263 1.951942 0.457357
v 0.325077 1.955792 0.448467
v -0.011290 1.906188 0.466379
v -0.017092 1.914304 0.471880
v -0.192853 1.975264 0.537978
v -0.189775 1.974278 0.533234
v -0.188678 1.981785 0.535690
v 0.272397 1.943601 0.453990
v 0.298818 1.883360 0.471726
v -0.109315 1.980916 0.476124
v 0.329932 1.912701 0.474361
v 0.261654 1.922874 0.509978
v 0.376803 1.980868 0.481040
v 0.384235 1.951642 0.478784
v 0.382915 1.952291 0.476136
v 0.251046 1.929313 0.461097
v 0.353435 1.919473 0.469196
v -0.086969 1.976570 0.476800
v 0.356852 1.986061 0.477838
v -0.080803 1.971519 0.473602
v -0.049701 1.950147 0.475267
v -0.042268 1.942541 0.473336
v -0.042796 1.944035 0.478045
v 0.372519 1.984156 0.480699
v 0.374560 1.987499 0.484909
v 0.381408 1.942884 0.475127
v -0.101724 1.980354 0.475763
v 0.355638 1.941812 0.486951
v 0.348258 1.938908 0.488132
v 0.348868 1.943670 0.493228
v 0.342242 1.937563 0.490749
v 0.243096 1.918699 0.485973
v 0.251032 1.925553 0.490356
v -0.097192 1.986769 0.490061
v 0.354803 1.988139 0.480376
v 0.388230 1.958461 0.488202
v 0.389000 1.959020 0.485682
v 0.385753 1.958606 0.490998
v -0.057532 1.958738 0.480044
v 0.367173 1.994605 0.496367
v 0.368984 1.994138 0.501680
v 0.364397 1.994449 0.500003
v -0.103430 1.989544 0.495048
v 0.285275 1.958448 0.492227
v 0.289988 1.962178 0.490191
v -0.047115 1.950130 0.494169
v -0.037331 1.938552 0.493163
v 0.374656 1.992834 0.495679
v 0.370715 1.994082 0.494622
v -0.154290 1.979375 0.497734
v 0.297640 1.967184 0.493323
v -0.178286 1.934242 0.508555
v -0.150952 1.982441 0.498041
v 0.258709 1.924989 0.503402
v 0.382008 1.946783 0.473989
v -0.191327 1.961230 0.538127
v 0.328162 1.939891 0.533922
v 0.335829 1.944929 0.511046
v 0.343509 1.951601 0.513797
v -0.052921 1.953249 0.513889
v -0.162672 1.925962 0.512731
v -0.108850 1.922963 0.535489
v -0.189879 1.961375 0.528094
v -0.191084 1.957918 0.528218
v 0.388089 1.986997 0.515743
v 0.390092 1.984531 0.516457
v -0.190077 1.965932 0.530243
v -0.192824 1.963387 0.533142
v 0.366961 1.987719 0.521510
v 0.388439 1.982449 0.518732
v 0.377744 1.987220 0.522680
v 0.372372 1.988271 0.520466
v 0.369613 1.968822 0.522732
v 0.377383 1.973114 0.522928
v -0.105580 1.988823 0.530748
v -0.099338 1.985367 0.532316
v 0.282643 1.931756 0.527252
v -0.193373 1.985375 0.567232
v -0.192946 1.987646 0.565361
v -0.189907 1.988436 0.568155
v -0.168122 1.991883 0.522585
v -0.172084 1.990241 0.523574
v -0.193686 1.981930 0.567037
v -0.178621 1.987992 0.527672
v -0.147268 1.999964 0.537292
v -0.149554 1.999927 0.534856
v 0.379070 1.975864 0.526092
v -0.095353 1.981901 0.535297
v 0.325303 1.939161 0.526654
v 0.321340 1.933286 0.533376
v 0.326110 1.939244 0.530475
v -0.116429 1.991952 0.537890
v -0.117821 1.990660 0.544287
v -0.193173 1.963844 0.538688
v -0.188855 1.986056 0.539322
v -0.198854 1.972672 0.546364
v -0.198040 1.970869 0.548591
v 0.334273 1.955294 0.545104
v 0.332200 1.956840 0.544044
v -0.122138 1.981992 0.560637
v -0.183539 1.994953 0.551690
v -0.180982 1.995525 0.554791
v -0.062673 1.925656 0.558525
v -0.072299 1.933586 0.560272
v -0.180859 1.968157 0.556340
v -0.198435 1.974649 0.554007
v -0.196422 1.970736 0.552318
v -0.198287 1.972431 0.551756
v -0.186881 1.971638 0.559948
v -0.156909 1.965147 0.571340
v -0.153118 1.961655 0.568631
v -0.079313 1.935692 0.562955
v -0.166151 1.985774 0.573628
v -0.143791 1.980479 0.570096
v -0.148061 1.974688 0.574293
v -0.149325 1.980983 0.571705
v -0.136585 1.977917 0.569276
v -0.151665 1.964145 0.574313
v -0.157068 1.978935 0.575235
v -0.159082 1.986373 0.571335
v -0.187001 1.987777 0.571100
v -0.153869 1.984661 0.571127
v -0.150923 1.970483 0.575974
v -0.196231 1.982286 0.564333
v -0.196230 1.984913 0.562921
v 0.024205 1.908755 0.016360
v 0.166189 1.899406 0.050630
v 0.001347 1.902133 0.012481
v 0.073365 1.905533 0.155937
v -0.174328 1.956496 0.508255
v 0.333003 1.930844 0.433904
v 0.334997 1.937369 0.438164
v 0.378689 1.947867 0.469289
v -0.064315 1.966418 0.510278
v -0.095767 1.964778 0.555568
v -0.101244 1.963554 0.560202
v -0.100393 1.896229 0.428934
v 0.289967 1.929289 0.428029
v 0.389766 1.986429 0.502071
v -0.172408 1.967808 0.508431
v 0.355199 1.958251 0.457596
v -0.145558 1.927863 0.471598
v 0.354311 1.965204 0.461189
v 0.350249 1.960878 0.457224
v 0.319057 1.932554 0.430940
v 0.291715 1.923698 0.423841
v 0.307191 1.935574 0.431500
v 0.310992 1.931269 0.428894
v -0.073180 1.956581 0.459957
v 0.335364 1.957854 0.450956
v 0.339752 1.953468 0.449206
v -0.110926 1.900713 0.437022
v 0.346433 1.934532 0.442122
v 0.352125 1.926454 0.444124
v 0.345223 1.956917 0.453207
v -0.059958 1.941827 0.450671
v -0.063044 1.947768 0.455486
v 0.264189 1.937784 0.452925
v 0.257058 1.931261 0.450242
v -0.051642 1.938012 0.451200
v -0.109782 1.949000 0.451698
v -0.112848 1.947153 0.452083
v 0.252307 1.927666 0.451671
v 0.344032 1.964108 0.457368
v -0.083940 1.962453 0.461687
v -0.081400 1.957894 0.458014
v -0.108354 1.956165 0.455666
v 0.289648 1.955670 0.460816
v 0.294286 1.959860 0.464545
v -0.141226 1.917963 0.465545
v 0.333590 1.945037 0.541915
v -0.126336 1.994460 0.505996
v -0.128912 1.996243 0.512651
v 0.355655 1.972761 0.466243
v 0.359886 1.968989 0.465406
v -0.132260 1.972770 0.477332
v -0.138667 1.964679 0.476631
v -0.130381 1.967320 0.472583
v -0.113561 1.984234 0.481076
v -0.117561 1.980787 0.477127
v 0.269444 1.943261 0.458132
v 0.378556 1.942190 0.467258
v -0.091642 1.942352 0.565772
v 0.343148 1.969684 0.461139
v 0.339258 1.983086 0.475144
v 0.305949 1.968954 0.471638
v 0.300412 1.964482 0.467779
v 0.293228 1.961182 0.469042
v 0.282478 1.952664 0.462094
v -0.136998 1.949912 0.469169
v 0.391372 1.983973 0.499336
v -0.075981 1.973276 0.482986
v -0.070228 1.969129 0.481376
v 0.340901 1.981299 0.472080
v -0.140490 1.955979 0.474076
v 0.352627 1.927453 0.475229
v 0.359137 1.930985 0.475752
v -0.124519 1.979906 0.478995
v -0.108588 1.918103 0.438435
v -0.175115 1.935054 0.518554
v -0.178953 1.936936 0.517349
v 0.348101 1.983891 0.474676
v 0.297417 1.967094 0.484581
v 0.288185 1.960794 0.481346
v 0.349423 1.934172 0.482676
v -0.065031 1.965822 0.482553
v 0.279020 1.954282 0.480932
v 0.367303 1.939349 0.480240
v 0.367995 1.946793 0.486719
v -0.060296 1.962492 0.485174
v 0.374794 1.990568 0.488971
v 0.373595 1.992638 0.492102
v 0.339667 1.988663 0.493306
v 0.330966 1.984675 0.490308
v 0.322272 1.980549 0.488917
v 0.312945 1.976194 0.488248
v 0.378295 1.987759 0.488698
v -0.096141 1.987882 0.507579
v -0.100706 1.989600 0.503871
v 0.388337 1.962911 0.494423
v 0.273896 1.929464 0.519733
v 0.277877 1.938350 0.515423
v -0.128268 1.992865 0.501845
v -0.137576 1.993969 0.507770
v 0.394448 1.980845 0.499883
v 0.390355 1.965616 0.494771
v -0.146918 1.909156 0.501220
v -0.147198 1.917741 0.506734
v 0.305101 1.948790 0.532461
v 0.311591 1.953373 0.533007
v -0.168869 1.972075 0.506280
v -0.068794 1.971036 0.507014
v 0.393746 1.980968 0.511620
v 0.394120 1.983838 0.510814
v -0.174286 1.948840 0.507357
v 0.387212 1.981177 0.520837
v -0.175203 1.987334 0.574039
v -0.090220 1.984370 0.515421
v -0.093563 1.986535 0.511811
v -0.101968 1.990089 0.515116
v -0.074953 1.975249 0.512760
v -0.177599 1.945871 0.510529
v -0.168348 1.976599 0.508292
v 0.391149 1.985909 0.512862
v -0.110284 1.992663 0.522239
v 0.387090 1.984157 0.521263
v -0.170741 1.979515 0.512683
v -0.180298 1.940430 0.519539
v -0.170449 1.936666 0.520662
v -0.111816 1.922786 0.528405
v -0.180204 1.978510 0.522287
v -0.182335 1.974720 0.523410
v -0.185912 1.971611 0.527146
v 0.356926 1.973360 0.537528
v 0.325128 1.982228 0.494410
v 0.287537 1.946115 0.519232
v -0.180419 1.994567 0.538427
v -0.184408 1.992678 0.541140
v -0.181198 1.983475 0.526571
v -0.176816 1.980214 0.519350
v 0.337837 1.960925 0.542735
v 0.335220 1.963455 0.539260
v 0.316810 1.954445 0.535528
v 0.365140 1.973398 0.536357
v 0.310014 1.974706 0.492728
v 0.362665 1.975663 0.536183
v -0.176893 1.996693 0.539462
v -0.181232 1.981121 0.576033
v -0.178276 1.982267 0.576779
v -0.182504 1.987779 0.531953
v -0.174842 1.981031 0.577358
v -0.156164 1.954083 0.542614
v -0.176315 1.997812 0.542963
v -0.196068 1.967929 0.546347
v -0.197407 1.970359 0.545529
v 0.328756 1.960379 0.538394
v -0.148138 1.951024 0.542642
v -0.114736 1.931327 0.547830
v -0.106283 1.922801 0.546980
v 0.335555 1.958080 0.544097
v 0.334249 1.947813 0.545900
v 0.331053 1.947503 0.546527
v 0.336215 1.948171 0.543987
v 0.328218 1.946890 0.546441
v -0.083995 1.957044 0.552356
v 0.292607 1.945877 0.525191
v 0.332831 1.945662 0.528980
v -0.105165 1.923382 0.571445
v -0.174817 1.974993 0.574294
v -0.180484 1.987414 0.573951
v -0.138220 1.957518 0.574797
v -0.142561 1.958553 0.574610
v -0.139140 1.953187 0.572446
v -0.171838 1.978199 0.577650
v -0.181780 1.977987 0.573864
v 0.092574 1.905863 0.035394
v 0.096380 1.903097 0.012699
v -0.183214 1.949062 0.519167
v -0.180943 1.948853 0.516216
v -0.182216 1.953271 0.517589
v 0.313083 1.973070 0.508820
v 0.322150 1.978221 0.508495
v -0.000936 1.894442 0.138029
v 0.064141 1.905795 0.134264
v 0.075028 1.907437 0.127027
v -0.177033 1.951405 0.533347
v -0.183981 1.952556 0.532863
v 0.103170 1.905414 0.141710
v -0.056943 1.952310 0.527969
v -0.066090 1.961249 0.530562
v -0.028920 1.923460 0.509212
v -0.033031 1.926922 0.515193
v -0.100720 1.955729 0.454068
v -0.099787 1.962812 0.459226
v -0.103985 1.963082 0.459631
v 0.314387 1.928681 0.517353
v 0.386409 1.973009 0.485576
v 0.381823 1.977205 0.483196
v 0.325866 1.945948 0.441335
v 0.319807 1.945443 0.439926
v 0.107400 1.903485 0.044283
v 0.302772 1.928319 0.426555
v 0.308181 1.965393 0.462812
v -0.055856 1.951952 0.468040
v -0.055677 1.954867 0.474023
v -0.061862 1.958816 0.472041
v -0.088713 1.916472 0.428422
v -0.034305 1.930310 0.459394
v -0.039112 1.935964 0.462617
v -0.001845 1.889571 0.456677
v 0.335301 1.950523 0.446072
v -0.024842 1.911248 0.440013
v 0.330803 1.947995 0.443489
v 0.326167 1.951599 0.445304
v 0.346670 1.939107 0.444016
v 0.351680 1.937028 0.446513
v 0.346502 1.944367 0.446454
v -0.072156 1.934490 0.440637
v -0.075432 1.941165 0.445190
v -0.056576 1.932870 0.443087
v -0.063490 1.932074 0.440307
v 0.346068 1.949918 0.449149
v 0.352368 1.948569 0.451331
v 0.298165 1.959634 0.460547
v 0.365503 1.938829 0.456837
v 0.369906 1.937207 0.458911
v -0.155898 1.956131 0.487308
v -0.149016 1.951036 0.479719
v -0.106962 1.968833 0.463949
v -0.097417 1.967107 0.462914
v -0.125906 1.955670 0.463857
v -0.124470 1.948111 0.459313
v 0.267578 1.927658 0.513081
v -0.100735 1.946698 0.447796
v -0.106028 1.948451 0.450201
v 0.382900 1.980863 0.486500
v -0.045136 1.942041 0.464699
v -0.050501 1.946131 0.464808
v -0.065994 1.964481 0.477034
v -0.042099 1.940804 0.468281
v 0.361268 1.944480 0.455731
v 0.371083 1.960546 0.500824
v 0.243896 1.923296 0.469258
v -0.034007 1.933394 0.470483
v -0.028648 1.927602 0.469799
v -0.149095 1.944309 0.478227
v 0.375209 1.947298 0.484923
v 0.379540 1.952197 0.487613
v 0.387874 1.958515 0.483175
v 0.386527 1.955625 0.482608
v 0.356180 1.934487 0.449133
v 0.354376 1.930326 0.446685
v 0.392888 1.972871 0.494527
v 0.391225 1.977218 0.493307
v 0.385360 1.955937 0.487769
v 0.379883 1.955856 0.491189
v 0.336817 1.937220 0.494964
v 0.334998 1.932225 0.490316
v 0.332099 1.927503 0.487027
v 0.332989 1.922376 0.480992
v -0.157899 1.928586 0.514653
v -0.023739 1.908880 0.520077
v 0.391701 1.980962 0.496450
v 0.377979 1.963781 0.501204
v -0.175970 1.932528 0.505260
v 0.325960 1.939827 0.521569
v 0.334635 1.946841 0.520363
v 0.338183 1.969469 0.533924
v 0.380985 1.967793 0.505364
v -0.189099 1.958620 0.536566
v -0.181252 1.944238 0.515775
v 0.312041 1.925344 0.511861
v 0.339229 1.957896 0.544438
v 0.330124 1.981856 0.510244
v -0.032600 1.922951 0.520821
v -0.166283 1.930131 0.515921
v 0.371861 1.947417 0.464055
v 0.344625 1.987731 0.513496
v 0.338963 1.986167 0.510898
v -0.127924 1.997599 0.521373
v -0.129248 1.997373 0.518062
v -0.139232 1.998116 0.521812
v 0.332070 1.981328 0.514381
v -0.173780 1.941463 0.505411
v -0.144826 1.936811 0.523866
v -0.152453 1.939828 0.525177
v -0.169114 1.933437 0.518243
v -0.172774 1.934228 0.502833
v 0.340648 1.951778 0.524433
v -0.036395 1.919922 0.533624
v -0.030755 1.915136 0.527915
v -0.056527 1.949579 0.532038
v 0.343305 1.966820 0.539507
v 0.343657 1.969777 0.536659
v -0.188118 1.955492 0.533903
v 0.366657 1.975664 0.535178
v 0.369757 1.975352 0.534537
v 0.366882 1.969898 0.533412
v 0.370512 1.972537 0.533136
v -0.141266 1.948689 0.544600
v -0.136986 1.946926 0.545041
v -0.194626 1.969615 0.551913
v -0.193943 1.967585 0.548610
v -0.190518 1.965829 0.547764
v -0.145274 1.952111 0.547990
v -0.052775 1.936045 0.542066
v -0.054522 1.935075 0.544963
v -0.057128 1.942910 0.541155
v -0.060379 1.943527 0.544030
v -0.032161 1.900164 0.547463
v 0.320768 1.930930 0.539661
v 0.322334 1.942450 0.547641
v -0.185646 1.967139 0.552116
v 0.316704 1.942673 0.545573
v 0.316612 1.939477 0.546811
v 0.321679 1.944979 0.546650
v -0.131667 1.943493 0.544205
v -0.129076 1.943062 0.548890
v 0.322575 1.933145 0.542310
v -0.194189 1.974705 0.560564
v -0.194758 1.972075 0.556299
v -0.145172 1.953738 0.553038
v -0.113865 1.930616 0.551026
v -0.119297 1.935675 0.551180
v -0.122986 1.938632 0.555506
v -0.141818 1.953277 0.566740
v -0.185512 1.990327 0.568417
v -0.178807 1.991314 0.568307
v -0.148966 1.959771 0.571392
v -0.147526 1.957389 0.567262
v -0.166474 1.979677 0.577372
v -0.176563 1.989476 0.571327
v -0.170668 1.980657 0.577752
v -0.147048 1.969297 0.575343
v -0.145779 1.959253 0.573436
v 0.010864 1.903439 0.067704
v 0.026254 1.907169 0.070112
v -0.106939 1.929864 0.440954
v -0.113891 1.930412 0.445218
v 0.296548 1.964637 0.502562
v 0.139536 1.903482 0.010119
v 0.056181 1.912434 0.007065
v 0.067200 1.914619 0.027781
v 0.067206 1.913202 0.006541
v 0.315626 1.976066 0.503722
v 0.115310 1.904791 0.120387
v 0.163389 1.895359 -0.005008
v 0.120152 1.902614 0.147007
v 0.104077 1.902946 0.174355
v 0.082723 1.908669 0.065043
v -0.124915 1.994537 0.542075
v -0.131146 1.995432 0.546215
v -0.123015 1.932407 0.531300
v -0.121416 1.933572 0.536213
v 0.006743 1.903733 0.051702
v 0.066605 1.913942 0.045911
v -0.087456 1.932343 0.437160
v -0.067318 1.946613 0.452276
v -0.075991 1.952590 0.454880
v -0.094356 1.928398 0.435455
v -0.098205 1.933539 0.438858
v -0.039729 1.934052 0.457264
v -0.078317 1.963941 0.465436
v 0.377378 1.935038 0.465721
v 0.379017 1.936732 0.468129
v 0.266955 1.943161 0.463317
v -0.106781 1.934536 0.442667
v 0.390803 1.963517 0.488337
v 0.389673 1.964406 0.486075
v -0.044684 1.935729 0.454050
v -0.109945 1.941136 0.447314
v -0.050048 1.940611 0.456336
v -0.096175 1.948137 0.448244
v 0.332514 1.961420 0.453208
v 0.338025 1.964608 0.456351
v -0.107142 1.962476 0.459448
v -0.110672 1.962132 0.460001
v -0.120476 1.994234 0.505308
v 0.327415 1.965915 0.457177
v -0.137992 1.975833 0.483373
v -0.131504 1.977908 0.480968
v 0.326384 1.961441 0.453160
v -0.090419 1.984462 0.492784
v 0.274811 1.948265 0.462858
v 0.238239 1.916306 0.460387
v -0.048548 1.942473 0.460709
v -0.086009 1.966611 0.465366
v 0.384423 1.956405 0.478202
v 0.385896 1.987336 0.498439
v -0.188432 1.958166 0.524811
v -0.187431 1.954081 0.523022
v -0.187284 1.951320 0.524913
v 0.379205 1.936170 0.470520
v 0.383869 1.974634 0.515410
v 0.382931 1.971357 0.510213
v 0.386572 1.958068 0.480721
v -0.156569 1.926862 0.483236
v -0.090040 1.982867 0.487541
v -0.082510 1.977826 0.484598
v -0.130150 1.982336 0.484652
v -0.179388 1.942163 0.511862
v 0.279563 1.952498 0.467022
v 0.388844 1.968374 0.486715
v -0.024091 1.922347 0.490010
v -0.052037 1.954793 0.484941
v -0.042431 1.944146 0.482350
v -0.060809 1.963657 0.489417
v 0.380030 1.990565 0.496985
v -0.139052 1.989185 0.498941
v -0.130354 1.988266 0.492831
v 0.390205 1.972481 0.490283
v 0.289567 1.960905 0.497645
v 0.282812 1.955724 0.495860
v -0.165456 1.941937 0.495826
v -0.169000 1.936867 0.499376
v 0.390474 1.967759 0.498916
v -0.036419 1.936861 0.499049
v -0.029062 1.928153 0.493698
v -0.129297 1.990555 0.496713
v 0.377150 1.992269 0.499919
v 0.297759 1.966530 0.498292
v 0.304919 1.971355 0.496689
v 0.343396 1.949315 0.508491
v 0.352336 1.955088 0.508609
v 0.357055 1.962544 0.526691
v 0.362866 1.965496 0.524613
v -0.115060 1.993235 0.503331
v 0.394794 1.975255 0.501953
v 0.394052 1.974163 0.498627
v 0.392510 1.969471 0.496386
v -0.133530 1.906263 0.498833
v -0.123564 1.929336 0.525612
v -0.120848 1.935385 0.559783
v 0.344956 1.989361 0.508998
v 0.349067 1.991309 0.506576
v 0.354670 1.992204 0.509268
v 0.312001 1.975106 0.498242
v 0.288970 1.953667 0.511688
v 0.281641 1.945284 0.512182
v -0.179966 1.947355 0.513772
v 0.345365 1.958336 0.540717
v 0.376794 1.968353 0.509889
v 0.346798 1.961202 0.542446
v 0.344923 1.963865 0.542345
v -0.075784 1.975386 0.489492
v 0.359319 1.986050 0.522474
v 0.352956 1.984525 0.523158
v 0.364180 1.983690 0.527110
v -0.110068 1.992961 0.517551
v -0.117845 1.995325 0.520181
v 0.369758 1.969567 0.527714
v -0.178757 1.940888 0.523118
v -0.181057 1.943221 0.522029
v -0.182411 1.945517 0.524646
v -0.194739 1.977498 0.541780
v 0.384905 1.985719 0.522330
v 0.381879 1.986701 0.522761
v 0.384789 1.983985 0.523848
v 0.296702 1.957951 0.515120
v -0.190315 1.990967 0.560870
v -0.193501 1.988151 0.562432
v -0.193971 1.988300 0.558418
v -0.182919 1.991367 0.536197
v 0.347059 1.981043 0.525155
v 0.369710 1.970361 0.531052
v 0.340068 1.963981 0.540619
v -0.135119 1.942003 0.536717
v -0.129059 1.935383 0.530624
v -0.189751 1.981821 0.570455
v -0.192539 1.978136 0.566185
v -0.195928 1.970729 0.540008
v -0.185512 1.986854 0.534902
v 0.328081 1.954084 0.543970
v -0.057119 1.934500 0.548055
v -0.061780 1.937525 0.549860
v -0.052265 1.926066 0.549827
v -0.134003 1.943600 0.540740
v 0.360050 1.964608 0.531125
v 0.353840 1.960557 0.528499
v 0.329159 1.952937 0.545244
v 0.328842 1.949687 0.546247
v 0.313863 1.934381 0.546648
v -0.151929 1.956106 0.550109
v -0.147970 1.997387 0.551400
v -0.154977 1.998311 0.550679
v -0.163964 1.998285 0.552482
v -0.166653 1.997182 0.556310
v -0.196340 1.985258 0.554958
v -0.198483 1.981026 0.555757
v -0.126397 1.940579 0.561023
v -0.158549 1.959571 0.552184
v -0.146642 1.955447 0.558313
v -0.147135 1.956469 0.562973
v -0.139594 1.951151 0.556554
v 0.316888 1.933414 0.546053
v -0.151680 1.995829 0.557119
v -0.190201 1.974752 0.563588
v -0.186105 1.992559 0.561766
v -0.185118 1.974529 0.566512
v -0.134963 1.948171 0.559796
v -0.182029 1.992293 0.565209
v 0.075160 1.913818 0.016443
v 0.038725 1.908201 -0.008681
v -0.141803 1.938410 0.527200
v 0.030748 1.905880 -0.015291
v 0.062450 1.900404 0.179667
v -0.120497 1.976151 0.473521
v -0.123939 1.970804 0.471083
v -0.040337 1.931182 0.451595
v -0.037416 1.927871 0.449561
v -0.075334 1.947046 0.449883
v -0.069426 1.926940 0.434951
v -0.083643 1.945952 0.447233
v -0.090719 1.945881 0.446575
v -0.030344 1.923478 0.451795
v -0.092060 1.954213 0.452663
v 0.373439 1.933722 0.459969
v 0.372645 1.941096 0.462268
v -0.148483 1.956846 0.480881
v 0.339808 1.910088 0.467407
v -0.090187 1.938035 0.566494
v -0.085934 1.936998 0.565096
v 0.393697 1.974554 0.504523
v -0.067240 1.962263 0.471310
v -0.074275 1.966986 0.472192
v 0.375939 1.943978 0.465607
v 0.256845 1.935636 0.478481
v 0.265437 1.943385 0.480391
v -0.185275 1.956884 0.521326
v 0.332137 1.967935 0.531999
v 0.325238 1.966387 0.529621
v -0.075622 1.970564 0.476990
v -0.094112 1.981641 0.480442
v -0.089351 1.980146 0.481707
v 0.364231 1.980438 0.474184
v 0.359092 1.983125 0.475094
v -0.094501 1.977583 0.474342
v -0.086500 1.973715 0.472996
v 0.380280 1.939090 0.470621
v -0.177174 1.934117 0.515993
v 0.370783 1.980723 0.477246
v 0.378977 1.939689 0.475840
v 0.380358 1.943940 0.478113
v 0.376434 1.935912 0.474820
v 0.372587 1.934337 0.475127
v 0.245411 1.924149 0.477245
v 0.257617 1.935330 0.484932
v 0.250467 1.929377 0.477624
v 0.381033 1.942488 0.472273
v -0.114560 1.991894 0.497909
v -0.119700 1.991634 0.496885
v -0.112394 1.989733 0.491975
v -0.097486 1.981430 0.478373
v -0.101603 1.984894 0.482783
v -0.111141 1.986466 0.484586
v -0.120819 1.987134 0.487069
v -0.108025 1.987547 0.487328
v -0.180387 1.940324 0.513917
v -0.178962 1.937511 0.511288
v 0.305226 1.972116 0.487880
v 0.296975 1.966960 0.488806
v -0.147505 1.966386 0.484136
v -0.145531 1.961164 0.480121
v 0.271501 1.947628 0.487902
v -0.197753 1.980934 0.550846
v -0.198799 1.975735 0.547400
v 0.371312 1.992412 0.489651
v 0.383280 1.984327 0.490049
v 0.388061 1.980817 0.492120
v 0.382535 1.987686 0.493864
v 0.367441 1.933311 0.475432
v -0.166396 1.965720 0.501004
v -0.162119 1.960675 0.494762
v -0.161759 1.953879 0.492719
v -0.164017 1.948641 0.494600
v -0.169734 1.950495 0.501773
v 0.329227 1.941523 0.516376
v 0.332483 1.965139 0.535470
v -0.163438 1.989254 0.514848
v -0.166471 1.986299 0.514140
v 0.395328 1.977919 0.504834
v 0.395367 1.980902 0.505563
v 0.395309 1.981677 0.508283
v -0.179293 1.933516 0.511237
v -0.022514 1.912823 0.509436
v 0.356190 1.988322 0.518587
v 0.351549 1.988438 0.516859
v 0.345779 1.986278 0.517202
v 0.339260 1.983556 0.517152
v 0.347387 1.984611 0.520856
v 0.330743 1.978747 0.518133
v -0.182253 1.958612 0.518654
v -0.180754 1.940211 0.516396
v -0.182795 1.966438 0.521172
v 0.332957 1.977711 0.521585
v 0.316990 1.929534 0.510833
v -0.134962 1.931171 0.521021
v 0.326315 1.937196 0.510845
v 0.318787 1.959655 0.532026
v -0.172725 1.986797 0.520526
v 0.373790 1.972767 0.529089
v 0.348283 1.969057 0.539486
v -0.046541 1.934109 0.534803
v -0.049888 1.935226 0.539010
v 0.317687 1.928191 0.535746
v -0.121501 1.995839 0.529721
v -0.130872 1.998077 0.535210
v 0.350744 1.966709 0.541602
v 0.352174 1.959559 0.536682
v 0.340186 1.951306 0.529885
v 0.347462 1.956438 0.529411
v 0.305716 1.939582 0.539938
v 0.308862 1.935771 0.544719
v -0.113571 1.992829 0.529124
v 0.374524 1.976325 0.531045
v 0.372161 1.975502 0.533110
v 0.319719 1.953477 0.538564
v 0.311697 1.946944 0.538784
v 0.352894 1.959730 0.533008
v 0.323688 1.953089 0.541947
v 0.320564 1.947598 0.544444
v 0.311064 1.934755 0.546372
v 0.313314 1.939883 0.545263
v 0.319823 1.938754 0.547173
v 0.323305 1.940306 0.547146
v -0.161228 1.999269 0.547801
v -0.164329 1.999752 0.544760
v -0.170706 1.999329 0.545478
v -0.175282 1.998377 0.546534
v -0.179747 1.996873 0.548111
v -0.174402 1.998494 0.549853
v -0.199522 1.974163 0.549686
v 0.331139 1.951894 0.545923
v 0.333235 1.949787 0.546251
v 0.319547 1.932415 0.544347
v 0.324066 1.936258 0.544377
v -0.040530 1.926425 0.533223
v -0.176825 1.995576 0.557923
v -0.180294 1.993836 0.561041
v 0.325893 1.939961 0.546120
v -0.172386 1.995953 0.558980
v -0.143642 1.996133 0.552908
v -0.155844 1.962714 0.566358
v -0.157160 1.962457 0.562531
v -0.166036 1.969159 0.570838
v -0.163781 1.966284 0.565483
v -0.165677 1.995312 0.560775
v -0.129355 1.984024 0.563095
v -0.122869 1.978673 0.563575
v -0.142494 1.994011 0.557213
v -0.165916 1.993340 0.564638
v -0.162359 1.989082 0.569749
v -0.164470 1.991327 0.567626
v -0.167979 1.972367 0.574339
v -0.162398 1.969993 0.573951
v -0.114134 1.941459 0.572148
v -0.104930 1.940069 0.569919
v 0.317101 1.936631 0.546616
v -0.159360 1.971592 0.576124
v -0.170304 1.975506 0.576702
v -0.162939 1.977353 0.576846
v -0.166849 1.976548 0.577571
v -0.158306 1.974551 0.576565
v -0.171616 1.991435 0.568151
v -0.096407 1.930401 0.569309
v -0.117194 1.939271 0.572966
v -0.113554 1.932500 0.572238
v 0.339279 1.950226 0.533162
v 0.298965 1.965176 0.505830
v 0.377604 1.984007 0.527718
v -0.181999 1.950356 0.517436
v 0.316669 1.975645 0.507269
v -0.184507 1.960445 0.541634
v -0.180202 1.950750 0.532110
v 0.380175 1.981507 0.527687
v 0.339609 1.988636 0.500771
v -0.060198 1.956364 0.527444
v -0.044524 1.938020 0.525584
v -0.142634 1.941292 0.530739
v 0.328855 1.939088 0.538891
v -0.101734 1.960913 0.457887
v -0.176238 1.960949 0.511419
v 0.273186 1.939968 0.446573
v 0.331702 1.933811 0.435022
v 0.268110 1.938983 0.500556
v -0.129399 1.995949 0.543005
v 0.379659 1.951331 0.471309
v -0.120672 1.931614 0.532851
v -0.044043 1.942936 0.513650
v 0.291380 1.934214 0.532662
v -0.064806 1.965622 0.515395
v -0.049367 1.952150 0.503523
v -0.112748 1.979411 0.556305
v -0.102069 1.967728 0.558004
v 0.315349 1.929839 0.521451
v -0.085897 1.935770 0.439568
v 0.280278 1.928332 0.429061
v 0.391489 1.986006 0.504095
v 0.383230 1.974479 0.483025
v 0.322779 1.943719 0.439155
v 0.284196 1.939038 0.438980
v 0.307652 1.949510 0.443803
v -0.175243 1.968157 0.511830
v 0.357702 1.956746 0.458120
v -0.120345 1.972626 0.470585
v -0.149990 1.932163 0.476936
v 0.353148 1.961153 0.458383
v -0.072890 1.948788 0.452285
v 0.381198 1.968517 0.478590
v 0.323000 1.935422 0.433564
v 0.310599 1.968071 0.465441
v -0.057784 1.955230 0.471285
v 0.306007 1.937964 0.433302
v 0.314876 1.929700 0.428440
v 0.296708 1.936518 0.432990
v -0.069704 1.956708 0.461887
v -0.037680 1.933575 0.459930
v -0.073505 1.962033 0.465834
v 0.293435 1.940662 0.437717
v 0.374773 1.967179 0.473256
v 0.378251 1.936702 0.466544
v 0.307361 1.932097 0.429114
v -0.088646 1.928695 0.434883
v 0.281006 1.942289 0.444714
v 0.304573 1.958585 0.455050
v 0.266111 1.943289 0.466576
v -0.087992 1.943926 0.445288
v 0.336518 1.953937 0.448583
v 0.318315 1.948101 0.441894
v 0.311348 1.945089 0.439257
v 0.262601 1.931811 0.443524
v 0.367833 1.988411 0.482558
v 0.295994 1.951106 0.449180
v 0.390122 1.963129 0.486316
v 0.390727 1.962957 0.489611
v 0.328588 1.975121 0.467171
v 0.313199 1.956686 0.450049
v -0.101450 1.936655 0.441515
v 0.327857 1.948694 0.443497
v 0.348386 1.937244 0.444303
v 0.344619 1.941225 0.443939
v 0.344746 1.931914 0.440099
v -0.075885 1.937198 0.442025
v 0.283184 1.949739 0.454857
v 0.268998 1.934842 0.442237
v -0.053050 1.933102 0.444867
v -0.058907 1.931123 0.440663
v -0.041519 1.933729 0.454291
v -0.068611 1.931567 0.438849
v -0.107325 1.937544 0.444228
v 0.343605 1.953241 0.450311
v -0.077965 1.945215 0.447720
v 0.323638 1.953202 0.446342
v -0.063330 1.945287 0.452636
v 0.348366 1.947367 0.448752
v 0.337216 1.940423 0.440535
v 0.260724 1.934062 0.450054
v -0.055357 1.938492 0.449440
v -0.111111 1.945855 0.450458
v -0.048627 1.938066 0.453791
v -0.093066 1.949085 0.448824
v -0.190512 1.977294 0.535720
v 0.330417 1.973391 0.525210
v 0.313176 1.961170 0.454704
v 0.346586 1.960748 0.455987
v 0.303876 1.962058 0.460384
v 0.367922 1.936146 0.457349
v 0.274709 1.944447 0.452787
v 0.335251 1.961730 0.453702
v -0.084833 1.959895 0.458812
v -0.108570 1.960464 0.458404
v -0.091574 1.958037 0.455734
v 0.356147 1.950599 0.454379
v 0.372005 1.937492 0.460383
v -0.114908 1.947695 0.453392
v -0.119336 1.940653 0.452600
v 0.293648 1.958162 0.461807
v 0.266498 1.941180 0.493952
v 0.335493 1.929036 0.434133
v 0.331299 1.942361 0.542016
v 0.364524 1.961689 0.508928
v -0.125408 1.995142 0.508292
v -0.151296 1.954842 0.482728
v 0.324079 1.969021 0.460835
v 0.330420 1.969525 0.460368
v -0.105907 1.964990 0.461068
v 0.356644 1.969194 0.464303
v -0.134297 1.975402 0.480578
v 0.324010 1.962177 0.453941
v -0.097155 1.963622 0.459976
v -0.132693 1.964717 0.472588
v -0.077164 1.955942 0.457660
v -0.116770 1.956101 0.458693
v -0.089203 1.984349 0.496443
v -0.113297 1.982117 0.478006
v 0.270165 1.944782 0.461316
v 0.379162 1.940754 0.467535
v -0.123234 1.953094 0.460840
v -0.125016 1.943728 0.457791
v 0.268772 1.941756 0.455106
v 0.277800 1.932503 0.434129
v -0.131544 1.931338 0.459439
v -0.089044 1.938857 0.565803
v 0.391816 1.973232 0.505041
v 0.340673 1.976035 0.466102
v -0.050879 1.942406 0.458174
v 0.341542 1.966452 0.458385
v 0.340919 1.985015 0.477789
v -0.099221 1.949775 0.449664
v -0.102994 1.944717 0.447012
v 0.353902 1.975919 0.468058
v -0.114377 1.970025 0.466309
v -0.098006 1.970557 0.465954
v -0.108985 1.971931 0.466550
v 0.380535 1.979738 0.483436
v -0.128752 1.970128 0.473347
v 0.362578 1.968015 0.466083
v 0.304735 1.967161 0.468742
v -0.047743 1.943496 0.463565
v 0.328117 1.959757 0.451722
v -0.082701 1.964472 0.464210
v -0.057227 1.947908 0.459820
v -0.129529 1.957463 0.467012
v -0.064948 1.961873 0.473310
v -0.070873 1.963757 0.470204
v 0.295773 1.961760 0.467001
v 0.285980 1.953581 0.460056
v -0.041691 1.939313 0.465189
v 0.361668 1.948214 0.457267
v -0.138060 1.946066 0.468878
v 0.377828 1.944491 0.467310
v 0.361917 1.940717 0.454987
v 0.383918 1.953490 0.477617
v 0.259858 1.938591 0.476954
v 0.389022 1.986054 0.500017
v -0.187206 1.956532 0.523009
v -0.186888 1.951882 0.523245
v 0.320931 1.973817 0.468637
v 0.329731 1.968799 0.529781
v 0.366657 1.959170 0.501923
v -0.073906 1.971097 0.480544
v 0.345131 1.973482 0.464421
v -0.090245 1.979596 0.479575
v 0.338036 1.981007 0.472379
v 0.359708 1.981030 0.473355
v 0.360228 1.985561 0.477761
v 0.368569 1.973163 0.471716
v -0.090180 1.974627 0.472489
v -0.084422 1.973714 0.474148
v -0.105753 1.975178 0.469593
v 0.298370 1.966560 0.477445
v -0.044527 1.944469 0.472460
v 0.362792 1.960881 0.462875
v -0.076994 1.969720 0.474008
v 0.370931 1.960031 0.467985
v 0.291431 1.960987 0.471750
v -0.136831 1.953508 0.470281
v -0.039573 1.939890 0.473874
v 0.378458 1.934788 0.470938
v 0.379644 1.937242 0.469840
v 0.299007 1.946620 0.442669
v -0.120890 1.979153 0.476457
v -0.117527 1.932381 0.448292
v 0.333879 1.947301 0.443661
v -0.177338 1.935267 0.517294
v 0.343744 1.981524 0.471921
v 0.373258 1.981966 0.479417
v 0.382876 1.974865 0.517426
v 0.372291 1.986303 0.482351
v 0.384855 1.973607 0.512565
v 0.380318 1.942090 0.476422
v -0.105835 1.979808 0.474687
v 0.324611 1.978602 0.476045
v 0.316249 1.976245 0.479369
v 0.306536 1.970457 0.475134
v 0.385362 1.963286 0.480071
v 0.294472 1.965043 0.482292
v 0.385452 1.958431 0.479213
v 0.275716 1.951331 0.473323
v 0.381009 1.946219 0.480201
v -0.090162 1.969782 0.467279
v -0.146602 1.946891 0.476489
v 0.374524 1.934181 0.474407
v 0.351013 1.938234 0.485755
v 0.346383 1.939956 0.490475
v 0.347948 1.929277 0.478950
v 0.249687 1.926744 0.456099
v 0.254895 1.933496 0.480327
v 0.380645 1.941182 0.470861
v -0.115245 1.990944 0.494901
v -0.097876 1.980050 0.476250
v -0.097483 1.982870 0.480618
v -0.114950 1.986024 0.483975
v -0.092542 1.984853 0.489881
v 0.355726 1.989613 0.482451
v -0.087393 1.980371 0.484423
v -0.106927 1.986486 0.484918
v 0.390028 1.975674 0.510694
v -0.128540 1.980200 0.481420
v -0.179604 1.939823 0.512298
v -0.067205 1.966897 0.480763
v 0.281735 1.954751 0.470441
v 0.299992 1.968885 0.486984
v -0.150013 1.969114 0.487511
v 0.278784 1.951160 0.464027
v 0.388639 1.965875 0.485125
v 0.378050 1.937097 0.474614
v 0.378480 1.949008 0.485182
v -0.145015 1.958160 0.478475
v 0.389253 1.959380 0.487454
v 0.278155 1.953576 0.483347
v 0.387141 1.957424 0.482113
v 0.270213 1.947205 0.483570
v 0.384007 1.950878 0.480454
v 0.385496 1.953964 0.483204
v 0.384338 1.959711 0.493122
v 0.258052 1.936587 0.467309
v 0.281584 1.956107 0.479565
v 0.259061 1.935687 0.488660
v 0.370193 1.944539 0.483959
v -0.148937 1.992727 0.510612
v -0.045866 1.947935 0.481867
v -0.038267 1.939416 0.483460
v -0.061354 1.962921 0.483026
v -0.058047 1.960817 0.486790
v -0.197824 1.978670 0.548076
v -0.108238 1.951473 0.452696
v 0.358702 1.934083 0.450788
v 0.354285 1.934356 0.447680
v 0.366617 1.994563 0.499166
v 0.349123 1.988866 0.481942
v 0.373449 1.991956 0.490104
v 0.366765 1.992035 0.487770
v 0.368796 1.993112 0.490314
v 0.361379 1.992467 0.487634
v 0.355821 1.992831 0.490182
v 0.349737 1.990759 0.486632
v 0.384966 1.981990 0.489595
v 0.340536 1.987852 0.486147
v 0.336314 1.986998 0.490425
v 0.382916 1.988636 0.496532
v -0.101085 1.988211 0.491093
v -0.108148 1.988522 0.489515
v -0.133576 1.987972 0.494002
v 0.391662 1.974159 0.492709
v 0.285564 1.958258 0.495149
v 0.317570 1.978239 0.486894
v -0.146703 1.975391 0.489082
v 0.388721 1.971231 0.487700
v 0.351320 1.947471 0.496500
v 0.364649 1.934535 0.477011
v -0.165852 1.937389 0.495785
v 0.285837 1.959135 0.489820
v 0.369049 1.932316 0.474431
v 0.384358 1.954303 0.486727
v 0.359561 1.952289 0.497172
v -0.162996 1.964205 0.496822
v 0.388724 1.959466 0.484218
v -0.140540 1.983020 0.491862
v 0.359815 1.946333 0.489696
v 0.379864 1.957894 0.493339
v 0.380614 1.954083 0.489024
v 0.389451 1.968468 0.501153
v -0.041776 1.943887 0.491640
v 0.338011 1.935701 0.491944
v -0.033865 1.934085 0.495394
v -0.113320 1.963228 0.461449
v 0.348038 1.975521 0.532042
v -0.154659 1.930465 0.516277
v -0.071173 1.964678 0.533422
v -0.073211 1.971102 0.523071
v 0.293193 1.960265 0.507612
v 0.375954 1.988721 0.487422
v -0.126848 1.988605 0.491803
v 0.372979 1.993340 0.494154
v 0.377061 1.992103 0.497470
v 0.368267 1.994456 0.494407
v -0.107208 1.991263 0.500766
v -0.096173 1.987837 0.503232
v -0.157162 1.978964 0.499674
v -0.157598 1.983708 0.504526
v -0.161611 1.983649 0.507785
v 0.294727 1.965445 0.490706
v 0.386606 1.957595 0.488956
v 0.390550 1.979765 0.494080
v 0.386162 1.962456 0.495476
v 0.300304 1.968556 0.496283
v 0.374705 1.961435 0.499800
v 0.347237 1.951061 0.506858
v -0.058794 1.962427 0.498008
v -0.063223 1.966216 0.492595
v -0.050904 1.954369 0.497428
v -0.160407 1.957102 0.491980
v 0.367362 1.949773 0.489934
v 0.335954 1.938623 0.497962
v -0.161366 1.949414 0.491613
v 0.272614 1.947544 0.492069
v -0.166332 1.947232 0.497301
v 0.273386 1.932429 0.515938
v 0.329616 1.942657 0.519466
v -0.132878 1.984157 0.488387
v -0.085700 1.980357 0.522554
v 0.334142 1.967500 0.533719
v 0.358081 1.962872 0.524170
v -0.118537 1.932161 0.567442
v -0.174608 1.970433 0.565608
v -0.162285 1.932356 0.490826
v -0.105813 1.991447 0.506588
v 0.362177 1.994263 0.501772
v 0.356218 1.993518 0.497139
v 0.350845 1.992482 0.499663
v 0.342345 1.989884 0.495968
v -0.115247 1.993771 0.506474
v -0.116026 1.993073 0.501818
v -0.124909 1.993030 0.501458
v -0.131807 1.992570 0.502191
v 0.392844 1.981965 0.498635
v -0.146581 1.986240 0.499460
v -0.151819 1.984838 0.501101
v 0.395314 1.979826 0.500968
v 0.394774 1.975722 0.500269
v -0.157845 1.969369 0.494101
v 0.389904 1.963992 0.493503
v 0.381028 1.966039 0.502675
v 0.385235 1.965557 0.500166
v 0.393377 1.972092 0.496522
v 0.344881 1.946381 0.500989
v -0.177296 1.929167 0.512167
v -0.151425 1.980018 0.496160
v 0.374838 1.957974 0.495494
v 0.382192 1.950366 0.474461
v -0.189316 1.959726 0.537966
v 0.341540 1.951640 0.538764
v 0.338150 1.952528 0.544864
v 0.307466 1.951826 0.531557
v -0.132337 1.940408 0.462376
v -0.117879 1.931811 0.561377
v -0.169460 1.968441 0.505360
v 0.381424 1.986648 0.490765
v 0.345837 1.990281 0.506410
v 0.383550 1.990029 0.506601
v 0.377597 1.992077 0.502365
v 0.372041 1.993305 0.503725
v 0.352111 1.992208 0.506526
v -0.083175 1.981391 0.502145
v -0.160360 1.974532 0.499183
v -0.162945 1.987384 0.512290
v 0.395541 1.979843 0.504588
v 0.395449 1.982062 0.506424
v 0.369547 1.980636 0.532233
v 0.394820 1.975789 0.503920
v 0.315784 1.976846 0.500326
v -0.064886 1.967669 0.506276
v 0.394784 1.982049 0.510253
v 0.283424 1.953787 0.503527
v -0.172829 1.952152 0.505864
v 0.283167 1.948539 0.510351
v -0.180764 1.947127 0.515334
v 0.385884 1.980130 0.522404
v -0.017760 1.908085 0.503066
v 0.381644 1.943890 0.473767
v 0.330916 1.942132 0.535029
v -0.140887 1.977281 0.486539
v -0.076199 1.976771 0.500507
v -0.152244 1.942388 0.481049
v 0.343881 1.956524 0.541179
v 0.340195 1.956215 0.544192
v -0.174081 1.986118 0.575186
v 0.377394 1.989839 0.514264
v 0.372003 1.991799 0.509521
v 0.366382 1.991652 0.512485
v 0.361982 1.992932 0.509359
v 0.357120 1.991884 0.511676
v -0.089232 1.984369 0.511540
v -0.097041 1.988202 0.511608
v 0.380547 1.969284 0.508290
v 0.309955 1.970656 0.510221
v -0.072456 1.973963 0.508145
v 0.355940 1.958346 0.511337
v -0.179142 1.945439 0.512123
v 0.305598 1.957621 0.523871
v 0.327696 1.981260 0.508254
v 0.340988 1.948689 0.510798
v -0.037797 1.936866 0.507201
v 0.277707 1.946587 0.505064
v -0.040000 1.940904 0.502112
v -0.056998 1.956507 0.517766
v 0.369483 1.950285 0.463437
v 0.346976 1.962959 0.542761
v -0.073078 1.974189 0.493067
v 0.286995 1.948266 0.449888
v -0.030196 1.926192 0.458240
v -0.167270 1.974486 0.505851
v -0.189799 1.959246 0.526870
v 0.389891 1.986003 0.515031
v 0.392654 1.985485 0.511036
v 0.343494 1.988209 0.511042
v -0.191046 1.963373 0.530451
v -0.125537 1.996909 0.517522
v -0.132183 1.997382 0.517433
v -0.160368 1.994483 0.521649
v 0.356237 1.986348 0.521493
v 0.363634 1.985895 0.523730
v -0.112577 1.993827 0.516785
v -0.107192 1.991905 0.518236
v 0.387767 1.982645 0.520176
v 0.375657 1.988152 0.520550
v -0.168080 1.978825 0.509522
v 0.386156 1.987623 0.516890
v 0.383292 1.989343 0.512713
v 0.354977 1.989489 0.516379
v 0.343726 1.986096 0.516134
v 0.347974 1.986521 0.518245
v 0.324110 1.974059 0.520039
v 0.383915 1.977046 0.521630
v 0.373136 1.970496 0.521517
v 0.333423 1.983068 0.511785
v 0.374377 1.970300 0.517495
v 0.333626 1.980953 0.516828
v 0.313976 1.964671 0.522889
v 0.367380 1.967933 0.525047
v 0.316211 1.970702 0.517424
v -0.183144 1.956246 0.519034
v -0.181015 1.941472 0.515434
v -0.181474 1.962066 0.518455
v -0.175382 1.945533 0.508026
v 0.335439 1.976698 0.524325
v -0.050453 1.951395 0.511216
v 0.392119 1.980061 0.513450
v -0.147297 1.936816 0.523067
v -0.180177 1.941322 0.521515
v -0.183975 1.948433 0.520836
v -0.040490 1.935879 0.519288
v -0.182186 1.944879 0.522699
v -0.171312 1.934965 0.519203
v -0.180204 1.939110 0.517655
v -0.169259 1.931453 0.516879
v -0.171917 1.937334 0.502648
v -0.063013 1.950435 0.458582
v 0.373635 1.944256 0.464096
v 0.373968 1.954683 0.468196
v -0.182941 1.946625 0.526480
v 0.280092 1.952893 0.497086
v -0.194827 1.980495 0.544267
v -0.153358 1.997415 0.524863
v -0.148642 1.998665 0.527683
v -0.100924 1.987032 0.529342
v 0.383991 1.986589 0.521695
v 0.385752 1.984892 0.522563
v 0.368901 1.988858 0.519407
v 0.379440 1.986539 0.523956
v 0.329231 1.977382 0.519252
v -0.077269 1.975916 0.517842
v -0.073718 1.963371 0.538692
v -0.180317 1.975706 0.521083
v 0.330315 1.941178 0.512720
v -0.183745 1.971409 0.524104
v 0.320900 1.963464 0.529740
v 0.355659 1.971326 0.538902
v 0.373777 1.981507 0.530930
v 0.297996 1.956009 0.518870
v 0.339261 1.950529 0.521291
v -0.186826 1.950681 0.526593
v -0.176711 1.941861 0.524945
v 0.272245 1.924542 0.522308
v -0.160636 1.938672 0.523084
v -0.170346 1.939242 0.523008
v -0.153079 1.948489 0.535716
v -0.054130 1.948522 0.528839
v -0.192075 1.987405 0.567101
v 0.326094 1.982540 0.491063
v 0.353272 1.986227 0.477739
v -0.192692 1.989233 0.560806
v 0.389268 1.987705 0.506836
v 0.282243 1.943412 0.515433
v 0.294440 1.964000 0.499633
v -0.142941 1.994857 0.512120
v 0.389791 1.982709 0.517184
v -0.182472 1.993241 0.538557
v -0.170375 1.985441 0.516901
v -0.123767 1.996843 0.524424
v -0.130701 1.998345 0.525442
v -0.165314 1.997489 0.531958
v 0.348991 1.983304 0.523316
v -0.167498 1.990701 0.520106
v 0.364240 1.981730 0.530006
v -0.091573 1.984416 0.519563
v -0.179805 1.980665 0.522958
v 0.356422 1.977381 0.533436
v -0.173399 1.980820 0.516198
v 0.353157 1.958931 0.517702
v 0.371304 1.970752 0.529368
v 0.337772 1.962946 0.540891
v 0.315984 1.955823 0.533733
v 0.342609 1.964928 0.540875
v 0.345040 1.968698 0.538520
v -0.191565 1.956716 0.529324
v -0.189067 1.952951 0.529037
v -0.133650 1.938999 0.532859
v 0.286888 1.935646 0.528292
v 0.297626 1.942478 0.531917
v -0.140672 1.935657 0.524080
v -0.158317 1.942199 0.526763
v -0.178798 1.946010 0.528235
v -0.049763 1.937562 0.536297
v -0.172517 1.952171 0.535050
v -0.192157 1.980682 0.568069
v -0.076558 1.970305 0.531637
v -0.193317 1.962736 0.534733
v -0.054255 1.954773 0.476777
v 0.347086 1.959586 0.541012
v -0.186883 1.953526 0.532642
v -0.174920 1.988595 0.524479
v -0.126808 1.997341 0.531443
v -0.144675 1.999937 0.534078
v -0.155913 1.999816 0.536622
v 0.378266 1.977226 0.527787
v 0.363834 1.971373 0.537100
v 0.342170 1.970785 0.534702
v 0.309126 1.973881 0.496029
v -0.094874 1.982879 0.532322
v 0.368144 1.976399 0.534869
v 0.365245 1.975132 0.535843
v -0.062433 1.951484 0.538741
v 0.369132 1.970788 0.532498
v -0.194704 1.974259 0.539815
v 0.344627 1.978456 0.527002
v 0.350570 1.968621 0.540400
v -0.188656 1.970585 0.530240
v 0.351309 1.959775 0.538614
v -0.177931 1.995579 0.537699
v -0.125242 1.932424 0.529034
v 0.345286 1.953780 0.516842
v -0.192222 1.958756 0.532990
v 0.303375 1.945225 0.533962
v -0.162365 1.948234 0.532757
v 0.342715 1.953228 0.528045
v -0.139369 1.947613 0.543926
v 0.323012 1.937212 0.523987
v 0.379825 1.975114 0.524180
v 0.325079 1.937473 0.532574
v 0.302763 1.934769 0.540803
v 0.305079 1.932544 0.543917
v -0.173722 1.931727 0.502956
v -0.180249 1.982569 0.576533
v 0.321216 1.928419 0.499818
v -0.181265 1.986576 0.529260
v 0.331843 1.984890 0.501949
v -0.176487 1.982515 0.577034
v -0.159076 1.956248 0.544657
v -0.183661 1.988859 0.534298
v -0.111910 1.991270 0.532610
v -0.118384 1.989582 0.547501
v 0.373482 1.977067 0.532392
v -0.133654 1.998268 0.538718
v -0.142589 1.999081 0.541920
v -0.149538 1.999854 0.540383
v -0.175216 1.997673 0.540445
v -0.196870 1.968902 0.544618
v 0.358738 1.969394 0.539456
v -0.109433 1.984640 0.547002
v 0.359020 1.975145 0.536478
v -0.087073 1.974975 0.537845
v -0.196336 1.968420 0.540724
v -0.194899 1.968280 0.549125
v 0.316107 1.951630 0.537702
v -0.192842 1.965886 0.546407
v 0.350727 1.964844 0.542150
v 0.353937 1.960386 0.534770
v 0.353128 1.963008 0.540469
v -0.068719 1.956355 0.540668
v 0.324080 1.955763 0.539641
v 0.324034 1.951567 0.543530
v 0.332216 1.963328 0.537565
v -0.192810 1.962865 0.537796
v -0.194050 1.964530 0.540018
v 0.356197 1.964941 0.539313
v -0.144505 1.950499 0.545083
v -0.174851 1.957779 0.541053
v 0.311149 1.937188 0.545448
v -0.054844 1.938535 0.542387
v -0.050015 1.932697 0.541644
v -0.059690 1.938673 0.547239
v 0.375162 1.975198 0.529472
v -0.136173 1.944062 0.539402
v -0.144322 1.964086 0.480503
v 0.371022 1.974348 0.533722
v 0.307645 1.943231 0.538757
v -0.054722 1.931730 0.547871
v -0.187490 1.985211 0.536370
v 0.321723 1.940246 0.547452
v -0.096213 1.980846 0.538614
v -0.160881 1.999686 0.545341
v -0.166883 1.999705 0.543881
v -0.177270 1.997794 0.545749
v -0.173829 1.998807 0.547371
v -0.107339 1.980514 0.550907
v 0.357070 1.962608 0.528579
v -0.187460 1.991018 0.543989
v -0.198190 1.971239 0.546533
v -0.189287 1.991305 0.550485
v -0.190646 1.986362 0.542649
v -0.199356 1.974065 0.547454
v -0.187120 1.965177 0.548116
v 0.337640 1.959074 0.543987
v 0.333969 1.957042 0.544380
v 0.330013 1.955052 0.544362
v 0.332857 1.951510 0.545943
v 0.334863 1.953522 0.545487
v 0.329397 1.951553 0.545880
v 0.315366 1.940850 0.545896
v 0.332896 1.948046 0.546391
v 0.336314 1.948784 0.545002
v 0.329247 1.947900 0.546455
v 0.327099 1.945831 0.546847
v 0.319279 1.944890 0.545586
v 0.323206 1.944705 0.547294
v -0.128571 1.941766 0.545269
v -0.129182 1.943706 0.551780
v -0.134096 1.944780 0.543486
v 0.322029 1.933715 0.543706
v 0.311728 1.933324 0.546739
v 0.323020 1.933195 0.540643
v -0.195266 1.973865 0.558655
v 0.336167 1.947536 0.542053
v -0.144409 1.989726 0.502766
v -0.147258 1.954028 0.550382
v -0.054172 1.949150 0.465259
v -0.080612 1.951367 0.553999
v -0.129320 1.989413 0.557314
v -0.169448 1.993544 0.526589
v -0.087279 1.966804 0.547842
v -0.149302 1.998133 0.549441
v -0.160349 1.998641 0.550580
v -0.167321 1.998028 0.553759
v -0.174204 1.998193 0.551944
v -0.128189 1.991651 0.552625
v -0.121591 1.983637 0.558687
v -0.185924 1.993795 0.553184
v -0.179293 1.994961 0.558183
v -0.197773 1.982512 0.553844
v -0.089111 1.969744 0.546595
v -0.128169 1.941984 0.563929
v -0.161570 1.961868 0.555031
v -0.148857 1.957109 0.560275
v -0.143739 1.953508 0.556037
v -0.065687 1.937827 0.552738
v -0.170048 1.963492 0.552761
v -0.167968 1.959079 0.545302
v -0.156125 1.957709 0.549761
v -0.066847 1.930468 0.558587
v 0.325547 1.941273 0.546889
v 0.326330 1.938847 0.545011
v -0.071773 1.949543 0.548823
v 0.294152 1.957979 0.512394
v -0.116160 1.932835 0.549945
v 0.317435 1.931821 0.545113
v 0.291938 1.948014 0.522212
v -0.133159 1.994799 0.549670
v -0.154742 1.994981 0.559917
v -0.175135 1.996296 0.557163
v -0.093573 1.974429 0.545762
v -0.147516 1.996561 0.553636
v -0.198458 1.979851 0.557955
v -0.122528 1.938529 0.552809
v -0.155116 1.961466 0.562887
v -0.176797 1.967693 0.557693
v -0.166714 1.968292 0.567944
v -0.089087 1.962718 0.552115
v -0.192525 1.975787 0.563497
v 0.327957 1.941432 0.528569
v -0.198008 1.975639 0.556698
v 0.293070 1.943987 0.527404
v -0.136342 1.989651 0.560835
v -0.168154 1.996125 0.559003
v -0.124564 1.981657 0.562443
v -0.141167 1.995372 0.553668
v -0.197662 1.971140 0.550948
v -0.163395 1.994563 0.562216
v -0.188242 1.992188 0.560238
v -0.198919 1.973763 0.551841
v -0.161473 1.990701 0.567850
v -0.165315 1.970381 0.573201
v -0.121186 1.975298 0.564725
v -0.195066 1.970699 0.553729
v -0.187837 1.973889 0.563600
v -0.098312 1.957968 0.561779
v -0.107219 1.962971 0.564063
v -0.155709 1.963353 0.568878
v -0.095037 1.945075 0.566257
v -0.110411 1.943264 0.570868
v -0.085454 1.946197 0.560935
v -0.133689 1.947027 0.563140
v -0.077925 1.937035 0.561700
v -0.080859 1.934055 0.564122
v -0.160355 1.963825 0.562199
v -0.182719 1.992916 0.562941
v 0.368131 1.979562 0.475111
v 0.321876 1.932851 0.508664
v 0.383946 1.982400 0.524863
v -0.138033 1.950369 0.567876
v -0.182168 1.991453 0.567390
v -0.154303 1.992526 0.563571
v -0.168815 1.984888 0.575137
v -0.194608 1.987563 0.555805
v -0.149306 1.991039 0.563938
v -0.147002 1.978896 0.572017
v -0.139834 1.981291 0.568549
v -0.131366 1.974777 0.568948
v -0.153719 1.966549 0.575098
v -0.113524 1.955390 0.569161
v -0.124846 1.938984 0.569161
v -0.124692 1.941808 0.572185
v 0.315998 1.934917 0.546497
v -0.093522 1.940487 0.567014
v -0.130464 1.947510 0.572699
v -0.126301 1.960372 0.571849
v -0.160160 1.969984 0.574773
v -0.170934 1.974256 0.575294
v 0.391184 1.967391 0.496597
v -0.149866 1.959477 0.569030
v -0.134527 1.968541 0.572325
v -0.115137 1.993910 0.526914
v -0.165278 1.977742 0.577363
v -0.159649 1.976773 0.576473
v -0.121648 1.935087 0.539906
v -0.167435 1.992050 0.566931
v -0.175671 1.990810 0.569323
v -0.162791 1.986975 0.571778
v -0.177497 1.988203 0.573131
v -0.168475 1.981110 0.577443
v -0.187708 1.989018 0.569292
v -0.094071 1.923502 0.569749
v -0.134149 1.985781 0.563844
v -0.153330 1.981755 0.572693
v -0.152935 1.970260 0.576231
v -0.098714 1.936908 0.568868
v -0.157455 1.972849 0.576532
v -0.194690 1.983091 0.566304
v -0.144977 1.967467 0.575395
v -0.148841 1.971263 0.575459
v -0.157194 1.966906 0.573321
v -0.145491 1.955740 0.565626
v -0.103530 1.954495 0.566211
v -0.142152 1.960258 0.575199
v -0.142484 1.956892 0.573559
v -0.134038 1.954171 0.574464
v -0.128591 1.953178 0.574111
v -0.136060 1.949937 0.571628
v -0.117396 1.937345 0.572799
v -0.117959 1.942258 0.572974
v -0.182212 1.986295 0.574750
v -0.043396 1.931700 0.532015
v 0.338817 1.949447 0.534765
v 0.337724 1.949405 0.530709
v -0.172709 1.979922 0.577714
v -0.183126 1.979996 0.574651
v -0.187675 1.982635 0.572544
v -0.197065 1.982688 0.562732
v -0.169651 1.976555 0.577501
v -0.186124 1.986457 0.572846
v -0.057056 1.948836 0.534309
v 0.309594 1.974602 0.489524
v -0.143232 1.992406 0.560167
v 0.317867 1.938158 0.546977
v -0.078115 1.975625 0.485557
v -0.123617 1.938475 0.558567
v -0.194388 1.987049 0.563606
v -0.119721 1.992454 0.541588
v -0.148875 1.961071 0.573233
v -0.178912 1.935199 0.510332
v -0.135816 1.948772 0.556771
v -0.080737 1.965378 0.543382
v -0.154545 1.986720 0.569861
v -0.152333 1.951828 0.541072
v -0.189653 1.957331 0.534882
v 0.324605 1.981805 0.497697
v 0.372215 1.967107 0.512228
v 0.351500 1.958992 0.530230
v 0.364578 1.968968 0.534965
v 0.335377 1.984054 0.480047
v 0.360854 1.965703 0.533668
v 0.357694 1.963718 0.535716
v -0.059607 1.945544 0.541528
v -0.181633 1.995883 0.551286
v -0.181264 1.974040 0.568570
v -0.179086 1.975914 0.573151
v -0.184683 1.969042 0.556075
s 0
f 41 55 1
f 41 1 181
f 1 55 581
f 1 126 170
f 581 126 1
f 1 170 171
f 1 171 181
f 2 1980 262
f 262 683 2
f 2 153 1641
f 153 2 530
f 1641 1980 2
f 530 2 50
f 2 683 50
f 3 85 498
f 85 3 72
f 510 21 3
f 152 72 3
f 152 3 21
f 510 3 84
f 498 84 3
f 2597 4 2649
f 2689 4 2597
f 2689 102 4
f 4 225 2649
f 225 4 186
f 186 4 102
f 5 1593 1060
f 1593 5 1641
f 1060 1201 5
f 1980 1641 5
f 1980 5 2393
f 1201 2393 5
f 26 6 8
f 8 6 44
f 6 561 14
f 14 44 6
f 32 211 6
f 6 211 561
f 6 26 32
f 97 80 7
f 122 7 80
f 7 122 97
f 66 8 44
f 8 66 89
f 89 107 8
f 26 8 107
f 370 255 9
f 87 370 9
f 124 9 104
f 104 9 255
f 9 2671 2644
f 2671 9 124
f 2644 87 9
f 62 10 39
f 196 39 10
f 52 49 10
f 10 49 156
f 10 62 52
f 10 156 196
f 69 510 11
f 11 510 74
f 11 74 42
f 11 42 12
f 11 12 516
f 11 516 69
f 12 69 516
f 198 12 45
f 69 12 198
f 42 45 12
f 63 13 1732
f 13 63 67
f 13 190 292
f 13 67 190
f 13 292 1732
f 14 18 44
f 125 47 14
f 47 18 14
f 14 561 125
f 124 59 15
f 59 490 15
f 15 78 86
f 15 490 78
f 15 2671 124
f 2671 15 86
f 16 155 175
f 175 2522 16
f 16 17 56
f 56 155 16
f 16 191 17
f 191 16 2522
f 191 214 17
f 160 17 552
f 552 17 214
f 405 56 17
f 405 17 160
f 1112 44 18
f 18 90 1112
f 90 18 79
f 79 18 43
f 43 18 47
f 291 19 587
f 587 19 489
f 184 489 19
f 31 184 19
f 262 31 19
f 291 262 19
f 20 386 23
f 20 151 386
f 1458 20 23
f 20 1599 151
f 20 106 1599
f 1458 106 20
f 207 21 533
f 510 533 21
f 207 73 21
f 73 152 21
f 22 308 75
f 22 46 308
f 46 22 75
f 23 581 55
f 55 1458 23
f 503 581 23
f 929 503 23
f 23 386 929
f 201 106 24
f 201 24 77
f 24 81 77
f 81 24 1556
f 24 2068 1556
f 2068 24 106
f 1212 36 25
f 824 25 36
f 824 60 25
f 1212 25 1481
f 60 1481 25
f 32 26 41
f 26 199 41
f 26 672 199
f 107 672 26
f 27 533 38
f 96 27 38
f 27 207 533
f 2576 27 96
f 338 27 2576
f 27 338 114
f 27 114 207
f 30 398 28
f 28 35 30
f 28 29 35
f 29 28 59
f 28 398 466
f 466 59 28
f 35 29 2411
f 2411 29 104
f 29 124 104
f 124 29 59
f 30 35 292
f 292 190 30
f 415 398 30
f 415 30 190
f 184 31 175
f 31 2532 175
f 2532 31 262
f 125 123 32
f 211 32 123
f 32 41 181
f 162 32 181
f 125 32 162
f 2706 329 33
f 2706 33 68
f 363 33 351
f 336 33 329
f 336 351 33
f 33 363 68
f 88 108 34
f 237 34 108
f 34 235 248
f 88 34 248
f 34 237 235
f 2411 292 35
f 953 824 36
f 1204 953 36
f 263 1204 36
f 185 36 1212
f 36 185 263
f 37 85 72
f 117 85 37
f 37 72 1048
f 271 94 37
f 37 94 117
f 271 37 929
f 1048 929 37
f 533 198 38
f 101 96 38
f 198 94 38
f 271 38 94
f 101 38 271
f 62 39 118
f 196 225 39
f 225 118 39
f 49 40 57
f 40 49 82
f 92 40 82
f 57 40 130
f 92 146 40
f 130 40 146
f 55 41 199
f 311 45 42
f 42 74 311
f 43 47 180
f 707 43 453
f 453 43 180
f 79 43 707
f 44 1112 1060
f 1060 66 44
f 111 198 45
f 311 111 45
f 211 154 46
f 46 154 308
f 75 211 46
f 180 47 125
f 110 48 144
f 144 48 158
f 139 48 110
f 48 139 158
f 49 52 82
f 156 49 57
f 50 683 240
f 169 50 240
f 530 50 169
f 62 51 52
f 431 51 62
f 431 453 51
f 51 82 52
f 51 180 82
f 51 453 180
f 147 53 217
f 1890 53 147
f 1890 559 53
f 2405 53 559
f 178 53 2405
f 178 949 53
f 949 1012 53
f 1012 1208 53
f 1208 217 53
f 58 54 2693
f 367 54 58
f 54 2707 2693
f 330 2707 54
f 54 367 357
f 54 357 349
f 330 54 349
f 2068 1458 55
f 199 2068 55
f 56 1120 155
f 1120 56 405
f 167 57 130
f 167 546 57
f 546 156 57
f 2708 115 58
f 2708 58 2693
f 58 377 367
f 377 58 115
f 466 490 59
f 824 796 60
f 656 60 969
f 796 969 60
f 656 1481 60
f 195 61 95
f 95 61 137
f 61 261 137
f 88 61 452
f 452 61 195
f 252 261 61
f 61 88 252
f 109 62 118
f 109 431 62
f 1732 104 63
f 255 63 104
f 255 67 63
f 188 64 384
f 64 2665 2674
f 64 2674 384
f 2635 64 188
f 2635 2665 64
f 430 284 65
f 65 284 2010
f 1341 65 2010
f 1341 335 65
f 65 335 430
f 1593 66 1060
f 1593 89 66
f 255 190 67
f 2692 68 2674
f 2706 68 2692
f 384 68 363
f 68 384 2674
f 69 198 510
f 149 258 70
f 70 1176 169
f 258 1176 70
f 268 70 169
f 70 268 149
f 119 71 99
f 119 105 71
f 83 71 105
f 71 83 99
f 1048 72 152
f 114 73 207
f 114 503 73
f 152 73 503
f 311 74 84
f 510 84 74
f 75 308 538
f 75 538 211
f 317 76 708
f 317 701 76
f 701 215 76
f 76 2246 708
f 2156 76 215
f 76 2156 2246
f 77 81 227
f 548 201 77
f 227 548 77
f 93 86 78
f 350 78 490
f 93 78 350
f 140 90 79
f 707 221 79
f 221 140 79
f 122 80 133
f 97 110 80
f 133 80 110
f 1556 672 81
f 672 206 81
f 206 142 81
f 81 142 227
f 82 113 92
f 82 180 113
f 99 83 112
f 112 83 105
f 311 84 423
f 423 84 498
f 498 85 279
f 279 85 117
f 2671 86 129
f 86 93 129
f 370 87 504
f 87 121 504
f 87 345 121
f 345 87 2586
f 87 2644 2586
f 452 108 88
f 252 88 248
f 1593 128 89
f 128 309 89
f 89 309 107
f 140 1112 90
f 91 475 1212
f 203 489 91
f 1212 203 91
f 475 91 700
f 700 91 489
f 92 161 146
f 92 113 173
f 173 161 92
f 93 350 130
f 130 129 93
f 94 198 111
f 111 117 94
f 195 95 269
f 95 285 269
f 303 95 137
f 95 303 285
f 127 96 101
f 2576 96 127
f 97 134 110
f 122 141 97
f 134 97 141
f 256 98 304
f 281 98 256
f 98 227 142
f 142 304 98
f 227 98 2648
f 2648 98 2615
f 281 2615 98
f 112 141 99
f 99 163 136
f 99 141 163
f 119 99 136
f 704 100 334
f 100 323 722
f 323 100 704
f 2245 100 722
f 100 808 334
f 1847 100 2245
f 808 100 1847
f 127 101 151
f 101 271 919
f 386 101 919
f 101 386 151
f 232 186 102
f 232 102 593
f 593 102 599
f 599 102 2689
f 559 103 518
f 165 103 559
f 475 103 165
f 1120 518 103
f 1120 103 700
f 475 700 103
f 2411 104 2250
f 2250 104 1732
f 105 119 136
f 135 112 105
f 136 135 105
f 106 1458 2068
f 106 201 183
f 183 143 106
f 143 1599 106
f 107 206 672
f 206 107 212
f 309 212 107
f 452 231 108
f 552 214 108
f 108 231 552
f 108 176 237
f 176 108 214
f 118 186 109
f 186 213 109
f 707 109 213
f 431 109 453
f 707 453 109
f 144 133 110
f 134 139 110
f 111 311 279
f 279 117 111
f 141 112 135
f 180 138 113
f 173 113 138
f 126 503 114
f 338 126 114
f 614 115 2708
f 614 397 115
f 377 115 397
f 370 116 255
f 255 116 174
f 116 466 174
f 399 466 116
f 116 370 399
f 225 186 118
f 393 120 1221
f 120 202 1221
f 479 120 474
f 393 474 120
f 1434 841 120
f 1434 120 479
f 841 202 120
f 121 345 132
f 132 546 121
f 121 521 504
f 121 546 521
f 141 122 133
f 538 154 123
f 538 123 125
f 123 154 211
f 125 561 538
f 180 125 138
f 125 204 138
f 204 125 162
f 503 126 581
f 338 2610 126
f 170 126 2610
f 2576 127 2609
f 151 143 127
f 127 143 2609
f 128 354 309
f 354 128 153
f 128 1641 153
f 1641 128 1593
f 130 145 129
f 2587 129 145
f 129 2608 2671
f 2587 2608 129
f 145 130 146
f 350 167 130
f 359 343 131
f 359 131 589
f 131 769 376
f 769 131 343
f 376 651 131
f 651 629 131
f 589 131 629
f 345 148 132
f 148 156 132
f 132 156 546
f 246 133 144
f 197 133 246
f 197 141 133
f 134 141 182
f 134 182 205
f 205 139 134
f 187 135 136
f 135 182 141
f 135 209 182
f 135 187 209
f 210 187 136
f 136 163 210
f 267 275 137
f 267 137 261
f 137 275 260
f 260 303 137
f 204 173 138
f 139 218 158
f 243 218 139
f 243 139 245
f 245 139 205
f 1112 140 150
f 150 140 168
f 140 221 168
f 141 197 163
f 142 206 212
f 142 212 304
f 143 151 1599
f 486 2609 143
f 488 486 143
f 183 488 143
f 251 144 158
f 246 144 251
f 164 145 146
f 145 2589 2587
f 2589 145 164
f 146 161 164
f 165 147 166
f 166 147 192
f 217 192 147
f 147 165 1890
f 345 2503 148
f 156 148 194
f 148 2524 194
f 2524 148 2503
f 179 258 149
f 284 149 268
f 149 322 179
f 149 284 322
f 150 191 1201
f 1201 1112 150
f 176 191 150
f 150 168 176
f 152 503 929
f 929 1048 152
f 354 153 226
f 530 226 153
f 154 538 308
f 184 175 155
f 1120 184 155
f 194 196 156
f 157 285 303
f 157 303 319
f 157 952 285
f 157 2190 952
f 319 332 157
f 332 746 157
f 746 2190 157
f 251 158 218
f 159 189 200
f 216 189 159
f 216 159 253
f 220 253 159
f 159 200 239
f 220 159 239
f 405 160 607
f 607 160 552
f 173 164 161
f 204 162 181
f 197 208 163
f 208 210 163
f 173 494 164
f 164 2540 2589
f 2540 164 2541
f 494 2541 164
f 475 165 166
f 559 1890 165
f 475 166 185
f 193 185 166
f 192 193 166
f 521 167 350
f 546 167 521
f 168 237 176
f 237 168 221
f 242 530 169
f 169 244 242
f 169 1176 244
f 240 268 169
f 2588 171 170
f 2610 2588 170
f 171 2588 2645
f 171 507 181
f 171 2645 507
f 1222 172 241
f 172 842 1841
f 241 172 1841
f 172 439 443
f 443 842 172
f 1222 439 172
f 525 494 173
f 525 173 204
f 174 398 415
f 415 190 174
f 174 190 255
f 174 466 398
f 175 2532 2522
f 191 176 214
f 592 177 305
f 474 177 592
f 177 1688 305
f 177 474 1308
f 1308 1688 177
f 607 178 2405
f 178 607 675
f 916 178 675
f 949 178 916
f 179 322 278
f 179 282 266
f 282 179 278
f 266 258 179
f 507 204 181
f 247 182 209
f 247 205 182
f 488 183 201
f 184 1120 700
f 489 184 700
f 475 185 1212
f 185 193 263
f 232 213 186
f 222 209 187
f 210 222 187
f 188 632 2635
f 1110 188 388
f 1110 400 188
f 384 388 188
f 404 188 400
f 632 188 404
f 236 200 189
f 250 189 216
f 236 189 250
f 2522 1201 191
f 193 192 580
f 602 192 217
f 580 192 602
f 580 263 193
f 194 508 196
f 2524 508 194
f 269 231 195
f 452 195 231
f 508 225 196
f 208 197 257
f 326 197 246
f 197 379 257
f 379 197 326
f 533 510 198
f 2068 199 1556
f 1556 199 672
f 249 239 200
f 249 200 236
f 201 548 488
f 429 202 437
f 429 868 202
f 868 1221 202
f 437 202 841
f 539 587 203
f 203 656 539
f 1481 656 203
f 489 203 587
f 1481 203 1212
f 532 204 529
f 525 204 532
f 204 507 529
f 352 245 205
f 352 205 247
f 257 272 208
f 208 272 210
f 247 209 327
f 209 222 353
f 353 327 209
f 272 274 210
f 293 222 210
f 274 293 210
f 561 211 538
f 223 304 212
f 223 212 354
f 354 212 309
f 221 707 213
f 232 221 213
f 2218 215 701
f 2218 1666 215
f 545 215 337
f 337 215 1666
f 215 545 2156
f 324 250 216
f 216 253 324
f 217 1208 637
f 602 217 637
f 418 251 218
f 243 470 218
f 470 418 218
f 1373 1783 219
f 382 1373 219
f 219 1783 346
f 553 219 346
f 983 219 553
f 382 219 983
f 253 220 325
f 342 220 239
f 401 220 342
f 220 401 325
f 224 221 232
f 221 224 237
f 353 222 293
f 304 223 256
f 256 223 238
f 226 223 354
f 226 238 223
f 232 235 224
f 224 235 237
f 225 508 2528
f 225 2528 2649
f 238 226 242
f 226 530 242
f 2646 548 227
f 227 2648 2646
f 276 229 228
f 230 228 229
f 259 228 230
f 274 290 228
f 228 259 274
f 290 333 228
f 228 333 276
f 230 229 233
f 229 234 233
f 276 234 229
f 230 233 234
f 297 259 230
f 234 297 230
f 269 552 231
f 264 232 593
f 264 270 232
f 232 270 235
f 234 276 297
f 248 235 270
f 493 236 414
f 249 236 493
f 414 236 250
f 256 238 265
f 273 265 238
f 1042 273 238
f 238 242 244
f 238 244 1042
f 342 239 495
f 239 249 413
f 239 413 495
f 1726 240 683
f 240 1726 268
f 241 1259 1222
f 241 1272 1259
f 619 241 481
f 241 619 1272
f 481 241 2062
f 1841 2062 241
f 446 243 245
f 470 243 446
f 244 280 1042
f 280 244 254
f 254 244 1176
f 446 245 378
f 352 378 245
f 369 326 246
f 369 246 251
f 247 327 352
f 286 252 248
f 248 270 277
f 286 248 277
f 413 249 493
f 250 417 414
f 417 250 324
f 519 251 418
f 519 369 251
f 526 252 286
f 526 261 252
f 253 325 324
f 258 254 1176
f 294 280 254
f 254 258 1054
f 294 254 1054
f 281 256 605
f 265 605 256
f 379 272 257
f 258 266 1054
f 274 259 314
f 297 314 259
f 260 454 319
f 260 275 454
f 319 303 260
f 569 261 526
f 261 590 267
f 590 261 569
f 683 262 291
f 2532 262 1980
f 580 1366 263
f 1204 263 1366
f 270 264 611
f 2672 264 593
f 2672 2577 264
f 611 264 2577
f 265 612 605
f 273 612 265
f 2237 2149 266
f 282 2237 266
f 266 2149 1054
f 590 275 267
f 268 718 284
f 1726 718 268
f 952 269 285
f 952 552 269
f 270 611 277
f 271 929 919
f 274 272 290
f 272 379 383
f 383 290 272
f 273 626 612
f 280 626 273
f 273 1042 280
f 274 314 293
f 590 283 275
f 275 283 288
f 288 454 275
f 276 333 434
f 434 297 276
f 611 622 277
f 296 286 277
f 2561 296 277
f 622 2561 277
f 278 287 282
f 287 278 322
f 279 311 423
f 423 498 279
f 298 280 294
f 280 298 626
f 2630 2615 281
f 2650 2630 281
f 2650 281 605
f 1512 1105 282
f 1512 282 287
f 1105 2237 282
f 288 283 639
f 674 283 590
f 283 674 357
f 639 283 357
f 284 718 2010
f 322 284 430
f 296 526 286
f 289 1512 287
f 1205 289 287
f 1205 287 322
f 639 301 288
f 288 301 485
f 288 485 454
f 289 302 1512
f 289 1205 302
f 290 383 333
f 539 291 587
f 291 1726 683
f 291 539 1726
f 292 2250 1732
f 292 2411 2250
f 327 353 293
f 327 293 487
f 482 487 293
f 482 293 314
f 294 1054 298
f 320 295 318
f 318 295 360
f 360 295 320
f 526 296 569
f 307 296 644
f 307 569 296
f 2561 641 296
f 644 296 641
f 314 297 434
f 1054 299 298
f 298 299 300
f 630 298 300
f 630 626 298
f 299 1054 657
f 299 657 300
f 657 316 300
f 300 316 643
f 300 2599 630
f 643 2599 300
f 301 306 485
f 306 301 313
f 313 301 685
f 301 639 2242
f 301 2242 685
f 1110 1512 302
f 302 688 1110
f 691 312 302
f 302 312 688
f 302 1205 691
f 619 305 572
f 592 305 619
f 305 1688 972
f 1000 1011 305
f 305 1011 572
f 305 972 1000
f 306 313 1643
f 306 553 485
f 577 553 306
f 1643 577 306
f 328 569 307
f 307 331 328
f 331 307 649
f 307 644 649
f 381 410 310
f 381 310 450
f 310 410 455
f 455 450 310
f 317 312 691
f 312 1843 688
f 708 1843 312
f 708 312 317
f 685 2366 313
f 321 313 2366
f 313 321 1643
f 482 314 513
f 434 513 314
f 315 1155 412
f 1174 1155 315
f 439 1174 315
f 443 439 315
f 825 315 412
f 443 315 2057
f 825 2208 315
f 2057 315 2208
f 643 316 648
f 316 657 341
f 336 316 341
f 634 316 336
f 634 648 316
f 691 701 317
f 361 318 360
f 361 320 318
f 319 454 485
f 332 319 485
f 360 320 433
f 320 361 433
f 321 323 1643
f 2366 722 321
f 722 323 321
f 430 1205 322
f 615 1643 323
f 323 704 615
f 522 324 325
f 520 417 324
f 520 324 522
f 401 496 325
f 496 522 325
f 506 326 369
f 326 506 523
f 379 326 523
f 352 327 477
f 487 477 327
f 569 328 674
f 347 328 331
f 349 328 347
f 349 674 328
f 329 2633 336
f 2706 2633 329
f 330 387 2707
f 387 330 347
f 330 349 347
f 649 664 331
f 664 347 331
f 346 746 332
f 332 553 346
f 553 332 485
f 480 333 383
f 333 480 434
f 340 334 339
f 334 340 1953
f 808 2488 334
f 2488 339 334
f 2120 334 1953
f 704 334 2120
f 343 335 1341
f 335 343 359
f 483 430 335
f 483 335 359
f 336 341 351
f 744 634 336
f 2633 744 336
f 344 545 337
f 344 337 1254
f 337 2121 1254
f 1666 2121 337
f 2556 338 2576
f 2556 2610 338
f 684 339 2488
f 684 340 339
f 684 348 340
f 1685 1953 340
f 348 1685 340
f 2149 341 657
f 341 2149 351
f 342 505 401
f 505 342 495
f 343 1341 1776
f 343 1776 769
f 356 344 1256
f 1256 344 1254
f 876 344 356
f 858 545 344
f 876 858 344
f 2504 2503 345
f 2586 2504 345
f 346 1783 746
f 668 387 347
f 664 668 347
f 880 348 900
f 348 684 900
f 348 880 355
f 1685 348 355
f 674 349 357
f 350 490 399
f 350 399 521
f 363 351 1105
f 1105 351 2237
f 351 2149 2237
f 352 476 378
f 476 352 477
f 1685 355 1686
f 358 355 880
f 355 358 1257
f 1686 355 1257
f 918 356 362
f 356 918 915
f 876 356 915
f 1256 724 356
f 724 362 356
f 1511 357 367
f 357 1511 639
f 1257 358 2227
f 358 373 2227
f 2969 373 358
f 358 364 2969
f 880 917 358
f 364 358 917
f 359 551 483
f 551 359 589
f 360 411 361
f 411 360 511
f 511 360 500
f 500 360 433
f 411 460 361
f 460 433 361
f 372 371 362
f 362 724 2123
f 362 1689 372
f 2123 1689 362
f 371 918 362
f 1105 368 363
f 363 368 384
f 365 2969 364
f 2542 365 364
f 2591 364 917
f 2542 364 2591
f 374 2969 365
f 2554 374 365
f 2542 2554 365
f 732 375 366
f 366 375 394
f 366 372 732
f 371 372 366
f 366 947 371
f 394 936 366
f 366 936 947
f 1511 367 377
f 388 384 368
f 368 1105 1512
f 1512 388 368
f 369 519 531
f 369 531 506
f 504 399 370
f 918 371 2742
f 371 947 2742
f 1689 732 372
f 373 2969 380
f 380 1264 373
f 1264 1964 373
f 1964 2227 373
f 2969 374 380
f 374 2554 960
f 374 385 380
f 374 960 385
f 375 742 394
f 375 1691 1271
f 1691 375 732
f 742 375 1271
f 1806 376 769
f 651 376 408
f 376 1806 1394
f 412 408 376
f 1394 412 376
f 687 377 397
f 377 687 2013
f 1511 377 2242
f 377 2013 2242
f 554 470 378
f 446 378 470
f 378 556 554
f 556 378 476
f 379 523 534
f 478 379 534
f 478 383 379
f 385 736 380
f 736 1264 380
f 450 509 381
f 455 410 381
f 381 509 557
f 381 557 562
f 455 381 562
f 983 638 382
f 638 1063 382
f 1390 382 403
f 1373 382 1390
f 403 382 1063
f 383 478 497
f 480 383 497
f 385 389 736
f 962 389 385
f 385 960 962
f 929 386 919
f 387 2652 2707
f 387 668 2652
f 1512 1110 388
f 389 390 736
f 395 390 389
f 1848 395 389
f 962 1848 389
f 736 390 2127
f 1273 390 395
f 2127 390 1273
f 2820 391 741
f 1001 391 2820
f 391 1271 741
f 742 1271 391
f 392 742 391
f 1005 391 1001
f 391 1005 392
f 392 394 742
f 980 394 392
f 980 392 1005
f 393 1308 474
f 393 1221 901
f 901 1308 393
f 394 967 936
f 967 394 980
f 1273 395 396
f 396 395 1907
f 1907 395 1848
f 2820 396 1907
f 1273 396 1968
f 396 741 1968
f 396 2820 741
f 614 618 397
f 406 397 618
f 406 687 397
f 399 504 521
f 399 490 466
f 407 404 400
f 400 1110 688
f 1843 400 688
f 400 1843 407
f 496 401 505
f 402 687 406
f 409 402 406
f 2366 402 2244
f 409 2244 402
f 687 402 2013
f 2013 402 685
f 685 402 2366
f 403 1063 1057
f 1057 421 403
f 1390 403 424
f 421 424 403
f 677 632 404
f 407 677 404
f 518 405 607
f 405 518 1120
f 711 406 618
f 1614 406 716
f 711 716 406
f 409 406 1614
f 416 2086 407
f 1609 677 407
f 407 2086 1609
f 407 1843 1845
f 1845 416 407
f 412 673 408
f 651 408 673
f 409 1614 420
f 409 2245 2244
f 2245 409 420
f 411 512 460
f 511 536 411
f 512 411 536
f 673 412 1155
f 1394 825 412
f 413 493 544
f 413 588 495
f 413 544 588
f 414 544 493
f 414 609 544
f 652 609 414
f 652 414 570
f 414 417 570
f 416 419 2086
f 416 1148 419
f 1845 1148 416
f 520 570 417
f 571 418 470
f 418 571 519
f 697 419 1148
f 697 425 419
f 425 2086 419
f 420 1614 721
f 422 420 721
f 422 694 420
f 2245 420 1847
f 694 1847 420
f 429 424 421
f 421 731 429
f 1057 731 421
f 721 733 422
f 426 422 733
f 426 694 422
f 1832 424 437
f 424 429 437
f 424 1832 2338
f 424 2338 1390
f 697 428 425
f 425 734 2086
f 432 734 425
f 428 432 425
f 426 1528 694
f 1528 426 427
f 733 1636 426
f 1636 427 426
f 1157 1528 427
f 435 1157 427
f 1636 737 427
f 745 435 427
f 745 427 737
f 1156 432 428
f 1526 428 697
f 1526 1156 428
f 868 429 754
f 731 754 429
f 1205 430 483
f 432 1156 436
f 436 1640 432
f 734 432 738
f 1640 738 432
f 499 433 460
f 433 540 500
f 433 499 540
f 480 497 434
f 434 497 537
f 513 434 537
f 438 1157 435
f 745 438 435
f 440 436 703
f 436 440 1640
f 436 2025 703
f 436 1156 2025
f 841 1832 437
f 1157 438 1162
f 438 745 2100
f 438 441 1162
f 441 438 2100
f 439 852 1174
f 439 1222 852
f 444 1640 440
f 442 444 440
f 442 440 703
f 2100 445 441
f 1550 1162 441
f 441 445 1165
f 1550 441 1165
f 442 703 2162
f 2162 2028 442
f 706 442 2028
f 442 3170 448
f 448 444 442
f 442 706 3170
f 443 2057 842
f 444 750 749
f 444 2105 750
f 448 2105 444
f 749 1640 444
f 445 2100 2281
f 447 1165 445
f 447 445 2281
f 2285 447 2281
f 449 447 2285
f 1166 1165 447
f 449 1166 447
f 2105 448 3182
f 448 3170 3182
f 2285 456 449
f 1166 449 710
f 3157 449 456
f 449 3157 710
f 450 558 509
f 450 455 564
f 512 450 564
f 536 563 450
f 450 512 536
f 450 563 558
f 451 3182 3170
f 451 3170 709
f 451 2323 761
f 451 761 3182
f 458 451 709
f 2323 451 3169
f 451 458 3169
f 562 595 455
f 455 598 564
f 595 598 455
f 3522 456 3377
f 3157 456 3522
f 3377 456 2109
f 2285 2107 456
f 2107 2109 456
f 464 457 3169
f 457 2985 3169
f 457 463 3173
f 3855 463 457
f 2985 457 3173
f 464 462 457
f 457 462 3855
f 2766 458 709
f 464 3169 458
f 2766 1559 458
f 458 1559 3861
f 464 458 3861
f 469 459 3691
f 459 3715 2852
f 459 2982 3691
f 461 459 2852
f 461 2982 459
f 770 3715 459
f 3690 770 459
f 469 3690 459
f 460 512 499
f 2870 461 2852
f 715 461 463
f 461 2870 463
f 715 2982 461
f 3861 462 464
f 1866 462 3861
f 462 1866 3855
f 715 463 3855
f 3173 463 2870
f 1562 465 3520
f 467 465 3522
f 1869 465 1562
f 3520 465 467
f 3522 465 2976
f 2976 465 1869
f 3378 467 3377
f 2324 467 3378
f 3522 3377 467
f 467 2324 468
f 467 468 3520
f 3520 468 1562
f 1562 468 1167
f 468 3159 1167
f 468 471 3159
f 468 2324 3155
f 471 468 3155
f 2765 469 3691
f 473 469 2765
f 469 473 2325
f 469 2325 3690
f 554 579 470
f 579 571 470
f 471 3155 3154
f 3159 471 3158
f 3158 471 3154
f 3158 472 3856
f 472 3857 4016
f 3856 472 3858
f 3857 472 3158
f 472 4016 3858
f 3857 473 4016
f 2325 473 3857
f 473 2765 4016
f 474 484 479
f 474 592 484
f 556 476 477
f 477 487 524
f 574 556 477
f 574 477 524
f 478 534 497
f 2211 479 1438
f 479 2211 1434
f 479 484 1438
f 619 481 484
f 481 2062 1438
f 1438 484 481
f 535 487 482
f 513 535 482
f 1205 483 551
f 619 484 592
f 488 2592 486
f 486 2526 2609
f 2526 486 2592
f 535 524 487
f 488 2646 2592
f 2646 488 548
f 492 502 491
f 541 527 491
f 491 502 541
f 501 491 527
f 492 491 501
f 517 502 492
f 501 517 492
f 532 494 525
f 2647 2541 494
f 532 2647 494
f 495 573 505
f 655 495 588
f 495 655 573
f 496 505 603
f 522 496 591
f 496 603 604
f 604 591 496
f 497 596 537
f 596 497 534
f 499 512 549
f 549 540 499
f 500 565 511
f 565 500 583
f 540 583 500
f 501 527 514
f 515 501 514
f 501 542 543
f 515 542 501
f 501 543 517
f 517 541 502
f 505 573 610
f 505 610 603
f 506 547 523
f 531 547 506
f 507 2645 2629
f 2629 2467 507
f 529 507 2467
f 2528 508 2524
f 557 509 558
f 511 565 536
f 549 512 564
f 513 582 535
f 513 537 582
f 528 514 527
f 528 515 514
f 542 515 528
f 543 541 517
f 518 607 2405
f 2405 559 518
f 519 666 623
f 519 571 666
f 623 531 519
f 520 624 570
f 520 705 624
f 642 520 522
f 642 705 520
f 522 591 642
f 555 523 547
f 555 534 523
f 574 524 597
f 524 535 597
f 541 543 527
f 567 527 543
f 528 527 566
f 567 566 527
f 576 528 566
f 560 528 576
f 560 542 528
f 532 529 2485
f 529 2467 2485
f 531 623 625
f 625 667 531
f 667 640 531
f 547 531 640
f 2485 2454 532
f 2543 532 2454
f 2647 532 2543
f 596 534 555
f 535 631 597
f 582 631 535
f 565 563 536
f 537 596 582
f 969 1726 539
f 656 969 539
f 601 540 549
f 583 540 601
f 550 542 560
f 586 542 578
f 542 550 578
f 542 568 543
f 542 586 568
f 568 567 543
f 609 654 544
f 544 654 588
f 545 1526 2156
f 545 858 1526
f 547 640 555
f 575 549 564
f 601 549 575
f 560 585 550
f 578 550 585
f 551 691 1205
f 551 589 691
f 607 552 952
f 553 577 983
f 554 556 579
f 596 555 662
f 555 640 671
f 689 555 671
f 689 662 555
f 670 579 556
f 645 670 556
f 574 645 556
f 594 562 557
f 558 613 557
f 613 658 557
f 594 557 660
f 660 557 658
f 563 616 558
f 646 558 616
f 646 613 558
f 576 584 560
f 584 585 560
f 595 562 594
f 617 616 563
f 617 563 565
f 564 598 575
f 583 600 565
f 565 600 617
f 576 566 620
f 608 620 566
f 566 586 608
f 567 586 566
f 568 586 567
f 590 569 674
f 652 570 624
f 571 730 666
f 686 571 579
f 730 571 686
f 1272 619 572
f 1272 572 1011
f 610 573 655
f 574 597 676
f 676 645 574
f 665 575 598
f 665 601 575
f 576 606 584
f 576 620 606
f 577 1643 615
f 577 615 983
f 585 621 578
f 578 636 586
f 578 621 636
f 579 670 686
f 1366 580 669
f 602 669 580
f 582 647 631
f 647 582 596
f 600 583 606
f 583 584 606
f 584 583 633
f 633 583 601
f 633 635 584
f 621 584 635
f 621 585 584
f 636 608 586
f 654 655 588
f 691 589 701
f 629 701 589
f 591 627 642
f 604 628 591
f 661 591 628
f 627 591 661
f 593 599 2672
f 595 594 663
f 874 594 660
f 875 594 874
f 875 663 594
f 598 595 663
f 596 662 647
f 631 676 597
f 663 665 598
f 2559 2598 599
f 2598 2672 599
f 599 2614 2559
f 2689 2614 599
f 719 692 600
f 617 600 692
f 606 695 600
f 719 600 695
f 720 601 665
f 678 633 601
f 720 678 601
f 637 650 602
f 669 602 1514
f 602 650 1514
f 604 603 610
f 604 798 628
f 739 798 604
f 604 610 659
f 604 659 739
f 2400 2650 605
f 612 2400 605
f 696 695 606
f 606 620 696
f 952 675 607
f 620 608 636
f 609 652 831
f 831 747 609
f 609 747 654
f 659 610 714
f 610 655 714
f 2382 2320 611
f 2577 2382 611
f 622 611 2320
f 612 2651 2400
f 626 2651 612
f 658 613 735
f 837 613 646
f 613 837 735
f 618 614 2676
f 2675 2676 614
f 2708 2675 614
f 2498 638 615
f 983 615 638
f 615 704 2498
f 616 800 646
f 692 800 616
f 692 616 617
f 618 2676 2618
f 711 618 2618
f 696 620 679
f 636 679 620
f 621 635 698
f 621 698 636
f 2561 622 2320
f 623 666 729
f 702 625 623
f 702 623 729
f 624 832 652
f 832 624 1102
f 1053 1102 624
f 705 1053 624
f 702 667 625
f 2469 2651 626
f 2458 626 2441
f 2458 2469 626
f 626 630 2441
f 642 627 756
f 627 661 757
f 627 757 756
f 661 628 798
f 651 2218 629
f 701 629 2218
f 2599 2457 630
f 2457 2441 630
f 676 631 647
f 2677 632 677
f 2635 632 2581
f 2581 632 2677
f 720 633 678
f 633 720 773
f 633 773 635
f 2631 648 634
f 744 2631 634
f 635 773 844
f 774 635 844
f 774 698 635
f 698 679 636
f 2012 650 637
f 1990 2012 637
f 1893 637 1208
f 1893 1990 637
f 638 2498 653
f 1057 1063 638
f 638 653 1057
f 1511 2242 639
f 671 640 667
f 644 641 2616
f 641 2561 2459
f 2440 641 2459
f 2440 2616 641
f 642 834 705
f 756 834 642
f 643 648 2673
f 2599 643 2673
f 2690 644 2616
f 649 644 2690
f 645 797 670
f 645 676 797
f 646 800 840
f 646 840 837
f 647 662 676
f 2631 2673 648
f 2690 2705 649
f 649 2705 664
f 1514 650 2012
f 673 2218 651
f 831 652 832
f 2498 2120 653
f 2120 693 653
f 1057 653 693
f 833 655 654
f 654 747 833
f 655 833 871
f 655 873 714
f 655 871 873
f 1054 2149 657
f 658 735 660
f 739 659 764
f 714 839 659
f 839 764 659
f 660 735 838
f 874 660 838
f 661 843 757
f 878 843 661
f 878 661 798
f 799 662 689
f 951 662 799
f 923 676 662
f 662 951 923
f 665 663 767
f 767 663 879
f 879 663 875
f 668 664 2705
f 720 665 926
f 665 767 926
f 730 1101 666
f 1101 729 666
f 870 671 667
f 667 702 869
f 870 667 869
f 2664 668 2600
f 2705 2600 668
f 2652 668 2664
f 1485 1366 669
f 669 1514 1485
f 922 670 797
f 670 922 920
f 920 686 670
f 689 671 690
f 835 671 870
f 690 671 835
f 2218 673 2358
f 2358 673 2121
f 2121 673 743
f 740 673 1155
f 740 743 673
f 675 2190 916
f 2190 675 952
f 676 922 797
f 923 922 676
f 677 1609 717
f 2677 677 2717
f 717 2717 677
f 679 723 696
f 679 774 723
f 698 774 679
f 682 681 680
f 699 727 680
f 680 727 682
f 680 681 699
f 699 681 802
f 803 802 681
f 726 803 681
f 726 681 682
f 726 682 727
f 2026 684 2488
f 2380 684 2026
f 684 2380 900
f 2013 685 2242
f 1158 914 686
f 686 914 730
f 686 920 1158
f 690 758 689
f 689 758 950
f 950 799 689
f 758 690 835
f 719 801 692
f 801 1058 692
f 692 1058 800
f 1057 693 731
f 731 693 2505
f 693 2120 1953
f 1685 693 1953
f 2505 693 1685
f 2157 1847 694
f 1528 2157 694
f 801 719 695
f 801 695 881
f 881 695 723
f 696 723 695
f 1148 1526 697
f 802 776 699
f 699 776 777
f 725 699 777
f 699 725 727
f 702 729 998
f 998 869 702
f 2163 2162 703
f 703 2025 2163
f 2120 2498 704
f 834 1002 705
f 1053 705 1002
f 706 2028 2031
f 3170 706 709
f 2773 709 706
f 2031 2773 706
f 1843 708 1845
f 708 2246 1845
f 2766 709 2773
f 710 3157 3522
f 710 3522 2976
f 710 2976 1558
f 1558 1166 710
f 2699 716 711
f 2618 2636 711
f 711 2636 2699
f 712 3691 713
f 712 1169 3691
f 1169 712 2033
f 712 713 2033
f 2982 713 3691
f 715 713 2982
f 1561 713 715
f 2256 713 1561
f 2034 713 2256
f 2033 713 2034
f 873 839 714
f 1561 715 3855
f 721 716 2736
f 2699 2736 716
f 721 1614 716
f 1609 2086 717
f 728 717 2086
f 717 728 2717
f 718 969 2010
f 1726 969 718
f 927 954 720
f 720 954 773
f 926 927 720
f 721 2736 1393
f 1393 733 721
f 2244 722 2366
f 2245 722 2244
f 882 881 723
f 776 882 723
f 885 723 774
f 885 776 723
f 724 1256 2225
f 2225 2123 724
f 806 725 890
f 725 777 890
f 725 806 727
f 806 849 726
f 849 803 726
f 726 727 806
f 2678 2717 728
f 728 2722 2678
f 734 728 2086
f 738 728 734
f 738 1523 728
f 1523 2722 728
f 729 1101 1253
f 998 729 1253
f 1101 730 914
f 2505 754 731
f 1689 1691 732
f 1518 733 1393
f 1518 737 733
f 737 1636 733
f 1055 1164 735
f 837 1055 735
f 1106 838 735
f 1164 1106 735
f 2127 2126 736
f 736 2126 1264
f 745 737 1769
f 1518 2744 737
f 737 2744 1769
f 1523 738 1818
f 738 1640 749
f 749 1818 738
f 739 764 877
f 925 798 739
f 739 877 925
f 852 760 740
f 743 740 760
f 740 1174 852
f 1155 1174 740
f 741 1271 1968
f 1254 2121 743
f 1254 743 1256
f 1256 743 760
f 744 2633 2691
f 2562 2544 744
f 2562 744 2691
f 2631 744 2544
f 748 745 1769
f 2100 745 748
f 916 2190 746
f 746 1012 916
f 1783 1012 746
f 1202 747 831
f 747 1202 1255
f 1255 833 747
f 748 2103 2100
f 748 2729 2730
f 1769 2729 748
f 2730 751 748
f 748 753 2103
f 751 753 748
f 1818 749 2723
f 750 2723 749
f 750 2751 2723
f 2751 750 752
f 750 2105 752
f 751 755 753
f 2737 751 2730
f 763 755 751
f 2759 763 751
f 2759 751 2737
f 1969 2751 752
f 1647 752 2105
f 1969 752 1647
f 2281 2103 753
f 1645 753 755
f 1645 2285 753
f 753 2285 2281
f 795 868 754
f 795 754 2505
f 1645 755 763
f 756 1004 834
f 1004 756 757
f 757 1107 1004
f 1008 1107 757
f 1008 757 924
f 757 843 924
f 835 1006 758
f 950 758 1006
f 765 759 763
f 759 1645 763
f 759 765 2109
f 2109 2107 759
f 2107 1645 759
f 2225 1256 760
f 2507 2225 760
f 760 836 2507
f 852 836 760
f 761 3521 766
f 762 1647 761
f 766 762 761
f 761 1647 3182
f 761 2323 3521
f 762 1969 1647
f 2752 762 766
f 762 2752 1969
f 763 2753 2065
f 763 2065 765
f 2753 763 2759
f 839 1056 764
f 877 764 1009
f 1056 1009 764
f 765 2065 3850
f 2109 765 3869
f 765 3850 3869
f 766 3521 775
f 2046 766 775
f 2046 2752 766
f 767 1170 926
f 767 879 1170
f 3851 768 3850
f 3850 768 3869
f 2988 768 3851
f 3869 768 3378
f 768 2988 3378
f 1776 1806 769
f 770 3864 771
f 770 1684 3864
f 1684 770 2325
f 2325 770 3690
f 772 770 771
f 770 772 3715
f 3864 788 771
f 2080 772 771
f 788 2080 771
f 3161 789 772
f 789 3715 772
f 772 2155 3161
f 2155 772 2080
f 844 773 954
f 885 774 1015
f 774 844 1015
f 775 2760 3156
f 775 2774 2760
f 3156 2046 775
f 775 2110 2774
f 2985 2110 775
f 2985 775 3521
f 776 802 882
f 777 776 885
f 885 890 777
f 3851 778 3175
f 3175 778 3153
f 2754 2747 778
f 2754 778 3851
f 778 2756 3153
f 2756 778 2738
f 2738 778 2747
f 779 4168 4897
f 4173 779 4169
f 4168 779 4174
f 4176 779 4175
f 779 4177 4939
f 4177 779 4173
f 4174 779 4176
f 779 4897 4169
f 779 4939 4175
f 3336 780 3335
f 780 4173 4932
f 780 3336 4950
f 780 3344 4952
f 3335 780 3343
f 780 4932 3343
f 780 4950 3344
f 780 4952 4173
f 3510 781 3509
f 4177 781 3513
f 781 3510 4949
f 3517 781 3344
f 3344 781 4177
f 3509 781 3517
f 781 4949 3513
f 3662 782 3663
f 3663 782 3665
f 4174 782 3683
f 3665 782 3688
f 3689 782 3662
f 3688 782 4174
f 782 3689 5001
f 782 5001 3683
f 3845 783 4176
f 783 3845 4945
f 3688 783 3847
f 783 3688 4974
f 783 4945 3847
f 783 4974 4176
f 3113 784 3662
f 784 3113 4966
f 784 3147 4971
f 3147 784 3148
f 3148 784 3146
f 784 4966 3146
f 784 4971 3662
f 785 3276 4582
f 3665 785 3275
f 785 3334 4918
f 3334 785 3847
f 785 3665 4970
f 785 4582 3275
f 785 4918 3276
f 785 4970 3847
f 3334 786 3507
f 4175 786 3845
f 786 4175 4939
f 786 3514 4943
f 3845 786 3334
f 3516 786 3513
f 3514 786 3516
f 786 4939 3513
f 786 4943 3507
f 3631 787 3275
f 787 3113 4759
f 3275 787 3663
f 787 3631 4944
f 3113 787 3684
f 787 4759 3663
f 787 4944 3684
f 2080 788 2757
f 788 2141 2757
f 2141 788 3864
f 3715 789 2852
f 789 3161 2760
f 2852 789 790
f 789 2760 790
f 2774 790 2760
f 790 2870 2852
f 790 2774 2977
f 790 2977 2870
f 2760 791 3156
f 3156 791 2755
f 2755 791 2155
f 3161 791 2760
f 791 3161 2155
f 792 2988 3851
f 793 792 3175
f 792 793 2989
f 2988 792 2989
f 792 3851 3175
f 793 3153 3152
f 3153 793 3175
f 3178 793 3152
f 2989 793 3178
f 2141 794 3152
f 2325 794 1684
f 3864 794 2141
f 794 3870 3178
f 3870 794 2325
f 794 3864 1684
f 794 3178 3152
f 795 2505 1686
f 1257 2227 795
f 1257 795 1686
f 2611 795 2227
f 2611 868 795
f 796 2010 969
f 1341 2010 796
f 796 1776 1341
f 796 824 1776
f 925 878 798
f 950 1355 799
f 951 799 1312
f 1355 1312 799
f 1210 948 800
f 948 840 800
f 1210 800 1058
f 1211 801 1113
f 801 1211 1058
f 801 881 1113
f 802 803 882
f 803 883 882
f 849 883 803
f 933 805 804
f 804 891 933
f 854 804 3682
f 804 854 891
f 804 807 3682
f 804 805 3341
f 4179 807 804
f 804 3341 4947
f 4179 804 4947
f 933 848 805
f 848 850 805
f 3340 805 853
f 805 850 853
f 805 3340 3341
f 849 806 932
f 970 932 806
f 890 970 806
f 4170 807 4171
f 807 4179 4951
f 4181 807 4180
f 4180 807 4170
f 807 4181 854
f 807 4951 4171
f 807 854 3682
f 1847 2488 808
f 809 3256 4519
f 3256 809 3338
f 3338 809 3339
f 809 4181 4964
f 4181 809 854
f 854 809 3255
f 809 4519 3255
f 809 4964 3339
f 2942 810 2941
f 2941 810 2957
f 2957 810 2958
f 3338 810 2942
f 2962 810 3338
f 810 2962 4930
f 2958 810 2964
f 810 4930 2964
f 811 2962 4927
f 811 3140 4930
f 3140 811 3144
f 811 3145 4962
f 4180 811 3339
f 811 4180 4965
f 811 4927 3339
f 811 4930 2962
f 811 4962 3144
f 811 4965 3145
f 3333 812 4170
f 812 3333 4925
f 3342 812 3337
f 812 3342 4962
f 812 3145 4965
f 812 4925 3337
f 812 4962 3145
f 812 4965 4170
f 3140 813 2964
f 3686 813 3685
f 3687 813 3686
f 813 3140 4961
f 813 3687 4963
f 813 4961 3685
f 813 4963 2964
f 814 3840 4915
f 3844 814 3843
f 814 3844 4957
f 814 3687 4960
f 3687 814 2958
f 3843 814 3849
f 814 4915 2958
f 814 4957 3840
f 814 4960 3849
f 2955 815 2954
f 815 3333 4905
f 3333 815 2961
f 2954 815 2963
f 2963 815 4171
f 815 2955 4958
f 815 4905 4171
f 815 4958 2961
f 3141 816 3342
f 816 3141 4936
f 3143 816 3142
f 816 3143 4959
f 3144 816 3685
f 3342 816 3144
f 816 4936 3142
f 816 4959 3685
f 817 3504 4903
f 817 3512 4924
f 3843 817 3505
f 3504 817 3335
f 817 3843 4984
f 817 4903 3505
f 817 4924 3335
f 817 4984 3512
f 3512 818 3336
f 3336 818 3517
f 818 3143 4954
f 3517 818 3848
f 3143 818 3686
f 3686 818 3849
f 818 3512 4984
f 818 4954 3848
f 818 4984 3849
f 4157 819 4158
f 4160 819 4159
f 4159 819 4169
f 819 4157 4903
f 819 4160 4910
f 4169 819 3343
f 3343 819 3504
f 819 4903 3504
f 819 4910 4158
f 820 2950 4898
f 820 2953 4902
f 2960 820 2949
f 2961 820 3337
f 820 3141 4931
f 3141 820 2960
f 2953 820 2961
f 820 4898 2949
f 820 4902 2950
f 820 4931 3337
f 821 3065 4520
f 4159 821 3066
f 4168 821 4159
f 821 4168 4933
f 3065 821 3151
f 3151 821 3683
f 821 4520 3066
f 821 4933 3683
f 822 3508 4921
f 3508 822 3511
f 3511 822 2960
f 822 3142 4936
f 3142 822 3848
f 3848 822 3509
f 822 4921 3509
f 822 4936 2960
f 823 3983 4721
f 4011 823 3984
f 4013 823 4011
f 3147 823 3689
f 3983 823 3147
f 3151 823 4013
f 3689 823 3151
f 823 4721 3984
f 1639 824 953
f 824 1639 1776
f 1806 825 1394
f 1944 825 1806
f 825 1944 2208
f 3136 826 3135
f 826 3138 4920
f 3508 826 3510
f 826 3508 4922
f 3135 826 3139
f 3510 826 3516
f 3138 826 3136
f 3516 826 3137
f 826 4920 3137
f 826 4922 3139
f 827 3474 4684
f 3983 827 3477
f 3474 827 3515
f 3477 827 3472
f 827 3983 4972
f 3515 827 3148
f 827 4684 3472
f 827 4972 3148
f 828 3842 4916
f 3842 828 3846
f 3846 828 3684
f 3515 828 3841
f 3684 828 3146
f 3146 828 3515
f 828 4916 3841
f 3276 829 3631
f 4167 829 4166
f 3507 829 3276
f 829 4167 4941
f 3846 829 4178
f 4166 829 3507
f 3631 829 3846
f 829 4941 4178
f 830 2948 4896
f 830 2959 4917
f 2959 830 3137
f 3514 830 4166
f 830 3514 4988
f 830 4896 4166
f 830 4917 2948
f 830 4988 3137
f 831 1351 1202
f 832 1351 831
f 832 1102 1351
f 1255 871 833
f 1002 834 1003
f 1004 1003 834
f 835 870 1104
f 1006 835 1104
f 2507 836 921
f 1222 836 852
f 931 921 836
f 836 1222 1259
f 836 1259 931
f 1163 837 948
f 837 1163 1055
f 837 840 948
f 874 838 1106
f 1395 1396 839
f 1395 839 1311
f 839 873 1311
f 1056 839 1396
f 841 2341 1832
f 1434 2341 841
f 842 2057 1841
f 1010 924 843
f 1010 843 1111
f 843 878 1111
f 844 954 1117
f 1117 1015 844
f 884 845 928
f 845 884 846
f 846 847 845
f 845 958 928
f 845 847 958
f 848 847 846
f 848 846 850
f 846 851 850
f 886 846 884
f 886 887 846
f 887 851 846
f 964 847 848
f 958 847 1016
f 1016 847 1018
f 847 964 1018
f 933 964 848
f 932 883 849
f 850 851 853
f 888 853 851
f 889 888 851
f 889 851 887
f 894 853 888
f 894 3340 853
f 891 854 893
f 3064 854 3255
f 3074 854 3064
f 893 854 3074
f 4035 855 4036
f 855 3340 4909
f 2963 855 4035
f 3340 855 3341
f 855 4179 4947
f 4179 855 2963
f 855 4909 4036
f 855 4947 3341
f 856 4035 4317
f 2954 856 3577
f 856 2954 4929
f 856 4317 3577
f 856 4929 4035
f 3256 857 3064
f 3064 857 3947
f 4004 857 2942
f 857 3256 4926
f 857 4004 4981
f 857 4926 2942
f 857 4981 3947
f 858 876 2025
f 2025 1526 858
f 4006 859 4007
f 859 4006 4860
f 2957 859 4014
f 859 2957 4915
f 859 3840 4957
f 4014 859 4008
f 859 4860 4008
f 859 4915 3840
f 859 4957 4007
f 860 2943 4859
f 860 4157 4880
f 4157 860 3505
f 860 3844 4935
f 3844 860 4007
f 860 4859 4007
f 860 4880 2943
f 860 4935 3505
f 3067 861 3066
f 3132 861 3133
f 3133 861 3134
f 3134 861 3067
f 3066 861 4160
f 861 3132 4910
f 861 4910 4160
f 3065 862 3067
f 3067 862 3499
f 862 4013 4900
f 862 3065 5000
f 862 3503 5002
f 862 4900 3503
f 862 5000 4013
f 862 5002 3499
f 863 4163 4890
f 4163 863 2949
f 3511 863 3139
f 863 3511 4923
f 863 4162 4948
f 863 4890 4162
f 863 4923 2949
f 863 4948 3139
f 3473 864 3472
f 864 3518 4953
f 3518 864 3519
f 864 3473 4982
f 864 4953 3472
f 864 4982 3519
f 3474 865 3473
f 3975 865 3974
f 3974 865 4012
f 4012 865 4015
f 4015 865 3841
f 865 3474 4946
f 3473 865 3975
f 865 4946 3841
f 4153 866 4152
f 4152 866 4155
f 4155 866 4161
f 4161 866 4165
f 4015 866 4153
f 3842 866 4015
f 4165 866 4178
f 866 3842 4942
f 866 4942 4178
f 2947 867 2946
f 867 2947 4893
f 867 4167 4896
f 867 2948 4917
f 4167 867 4165
f 867 4893 4165
f 867 4896 2948
f 867 4917 2946
f 868 872 901
f 868 2611 872
f 868 901 1221
f 869 1203 870
f 1203 869 998
f 1203 1436 870
f 1104 870 1436
f 871 1311 873
f 1311 871 1516
f 871 1255 1687
f 1687 1516 871
f 2228 872 2611
f 2228 2125 872
f 872 2125 913
f 901 872 913
f 1261 874 1106
f 875 874 879
f 1261 879 874
f 2487 876 915
f 2487 2025 876
f 925 877 1213
f 1009 1213 877
f 925 1109 878
f 878 1109 1111
f 879 1265 1170
f 879 1261 1265
f 900 917 880
f 881 1059 1113
f 881 930 1059
f 930 881 882
f 883 930 882
f 1066 930 883
f 883 932 1066
f 884 928 965
f 965 886 884
f 1065 885 1015
f 885 970 890
f 1065 1070 885
f 970 885 1070
f 886 965 3824
f 886 3824 934
f 887 886 934
f 2944 889 887
f 934 2944 887
f 3497 894 888
f 935 3497 888
f 935 888 889
f 2944 935 889
f 892 933 891
f 893 892 891
f 3673 892 893
f 968 933 892
f 892 1023 968
f 1023 892 3673
f 893 974 3673
f 974 893 3074
f 894 3497 4865
f 3506 894 3498
f 3340 894 3506
f 894 4865 3498
f 895 3074 4551
f 895 3838 4870
f 3838 895 3839
f 3074 895 3837
f 3839 895 3947
f 895 4551 3947
f 895 4870 3837
f 896 3577 4317
f 896 2952 4901
f 2953 896 2951
f 896 2955 4904
f 896 2956 4906
f 2956 896 3506
f 3506 896 4036
f 2955 896 2953
f 896 4317 4036
f 896 4901 2951
f 896 4904 3577
f 896 4906 2952
f 897 3126 4833
f 2941 897 4004
f 3839 897 3127
f 4014 897 2941
f 4004 897 3839
f 3126 897 4014
f 897 4833 3127
f 3325 898 3326
f 898 3328 4861
f 3328 898 3498
f 3326 898 3329
f 2956 898 3325
f 898 2956 4908
f 898 4861 3329
f 898 4908 3498
f 3530 899 3529
f 3679 899 3325
f 899 3679 4883
f 899 3530 4901
f 3325 899 2952
f 899 4883 3529
f 899 4901 2952
f 2253 917 900
f 2380 2253 900
f 913 1308 901
f 902 3364 4207
f 3364 902 3530
f 3494 902 3365
f 4163 902 3494
f 902 4163 4898
f 3530 902 2951
f 902 2950 4902
f 902 4207 3365
f 902 4898 2950
f 902 4902 2951
f 3817 903 3816
f 3818 903 3817
f 3827 903 3818
f 3835 903 3834
f 3834 903 4011
f 903 3835 4899
f 4011 903 3503
f 903 3827 5002
f 903 4899 3816
f 903 5002 3503
f 3477 904 3984
f 3834 904 3324
f 904 3331 4878
f 904 3834 4884
f 3324 904 3332
f 3518 904 3477
f 3331 904 3518
f 904 4878 3332
f 904 4884 3984
f 3976 905 3975
f 4003 905 4002
f 3331 905 4003
f 905 3976 4919
f 905 3331 4973
f 3975 905 3519
f 905 4919 4002
f 905 4973 3519
f 906 2936 4844
f 2936 906 3494
f 3135 906 2934
f 906 4162 4890
f 906 3135 4948
f 906 4844 2934
f 906 4890 3494
f 906 4948 4162
f 907 3976 4687
f 907 3320 4815
f 3320 907 3327
f 907 3974 4894
f 3976 907 3321
f 907 4687 3974
f 907 4815 3321
f 907 4894 3327
f 908 3495 4853
f 908 4153 4854
f 4012 908 3327
f 908 4012 4911
f 3495 908 3496
f 908 4853 3327
f 908 4854 3496
f 908 4911 4153
f 3999 909 3998
f 909 3999 4848
f 4001 909 4000
f 909 2947 4874
f 3998 909 4010
f 4161 909 4001
f 2947 909 4161
f 909 4848 4000
f 909 4874 4010
f 2946 910 4010
f 910 4156 4877
f 4156 910 4164
f 2959 910 2946
f 3138 910 2959
f 910 3138 4978
f 910 4877 4010
f 910 4978 4164
f 2935 911 2934
f 2939 911 2935
f 2945 911 2939
f 911 3136 4888
f 911 2945 4891
f 3136 911 4164
f 911 4888 2934
f 911 4891 4164
f 912 4001 4849
f 912 3129 4850
f 912 3130 4875
f 912 4155 4889
f 912 4849 3129
f 912 4850 3130
f 912 4875 4155
f 912 4889 4001
f 913 2125 2509
f 913 2509 1688
f 913 1688 1308
f 1435 914 1158
f 1635 914 1435
f 914 1635 1388
f 914 1388 1101
f 915 2590 2487
f 915 918 2590
f 949 916 1012
f 2253 2591 917
f 918 2742 2590
f 920 922 1352
f 1392 1158 920
f 1392 920 1352
f 921 931 2508
f 2507 921 2229
f 2508 2229 921
f 922 923 1260
f 1517 1352 922
f 922 1260 1517
f 923 1262 1260
f 1262 923 951
f 1010 1008 924
f 925 1268 1109
f 1213 1268 925
f 926 1170 927
f 927 1115 954
f 927 1170 1269
f 927 1269 1356
f 1115 927 1356
f 928 958 1061
f 928 1061 1064
f 928 1064 1017
f 928 1017 965
f 1173 1059 930
f 1173 930 1066
f 931 1272 1011
f 1272 931 1259
f 956 931 1011
f 931 956 2508
f 970 1066 932
f 933 968 964
f 2944 934 1020
f 1020 934 3824
f 3989 935 3988
f 3990 935 2944
f 935 3990 4803
f 3328 935 3989
f 3497 935 3328
f 935 4803 3988
f 967 2660 936
f 2490 936 2660
f 936 2490 2593
f 936 2593 947
f 3815 937 3814
f 3814 937 3819
f 3832 937 3831
f 3126 937 3832
f 3831 937 3815
f 3819 937 3836
f 3836 937 4008
f 937 3126 4986
f 937 4986 4008
f 3836 938 3997
f 4005 938 3132
f 938 4006 4859
f 4006 938 3836
f 938 4005 4864
f 4158 938 2943
f 3132 938 4158
f 938 4859 2943
f 938 4864 3997
f 3364 939 2783
f 939 3364 4208
f 939 2932 4811
f 2938 939 2937
f 2940 939 2938
f 939 2940 4876
f 2937 939 3529
f 939 4208 3529
f 939 4811 2783
f 939 4876 2932
f 940 3091 4668
f 3091 940 3123
f 3326 940 3679
f 2937 940 3128
f 3123 940 3326
f 3679 940 2937
f 940 3092 4987
f 940 4668 3092
f 940 4987 3128
f 3310 941 3311
f 941 4005 4858
f 3330 941 3133
f 941 3330 4863
f 4005 941 3310
f 941 4858 3133
f 941 4863 3311
f 942 3835 4838
f 942 3324 4886
f 3501 942 3502
f 3502 942 3500
f 942 3501 4899
f 942 4838 3324
f 942 4886 3500
f 942 4899 3835
f 943 4079 4440
f 4146 943 4080
f 4079 943 4003
f 4003 943 3332
f 3332 943 3500
f 943 4146 4895
f 943 4440 4080
f 943 4895 3500
f 2783 944 3365
f 944 3116 4767
f 3116 944 3119
f 3119 944 2783
f 2936 944 2935
f 2935 944 3117
f 944 2936 4852
f 944 4767 3117
f 944 4852 3365
f 4079 945 3236
f 3236 945 3289
f 3319 945 3318
f 945 3321 4815
f 3289 945 3319
f 4002 945 4079
f 3321 945 4002
f 945 4815 3318
f 4144 946 4143
f 4143 946 4145
f 946 3130 4850
f 4152 946 3496
f 3130 946 4152
f 946 4144 4999
f 946 4850 4145
f 946 4999 3496
f 2593 2742 947
f 1163 948 1258
f 1210 1258 948
f 1006 1207 950
f 1355 950 1207
f 951 1440 1262
f 951 1312 1440
f 953 1209 1639
f 1209 953 1204
f 954 1115 1117
f 955 957 1013
f 957 955 1062
f 955 1116 1114
f 1013 1116 955
f 1217 955 1114
f 955 1108 1216
f 955 1217 1108
f 1216 1317 955
f 955 1317 1062
f 956 1691 2508
f 2231 1691 956
f 1007 2231 956
f 1011 1007 956
f 1014 1013 957
f 957 959 1014
f 959 957 961
f 1068 957 1118
f 963 957 1068
f 957 963 961
f 1118 957 1062
f 1061 958 1171
f 958 1016 1171
f 1067 1014 959
f 961 1067 959
f 2555 962 960
f 960 2661 2555
f 2554 2661 960
f 966 961 963
f 966 1019 961
f 961 1019 3089
f 1122 961 3089
f 2900 1067 961
f 1122 2900 961
f 962 2555 997
f 997 1848 962
f 1069 963 1068
f 963 1069 966
f 1018 964 968
f 3824 965 1071
f 1017 1071 965
f 1072 966 1069
f 971 966 1072
f 1021 1019 966
f 971 1021 966
f 980 2660 967
f 968 1123 1018
f 1178 1123 968
f 968 1023 1178
f 1070 1066 970
f 1072 1022 971
f 1022 973 971
f 973 1021 971
f 2612 972 1688
f 2230 972 2612
f 972 2230 1007
f 1007 1000 972
f 1022 1024 973
f 973 1024 976
f 976 4836 973
f 4136 973 4836
f 973 4127 4757
f 4127 973 4136
f 973 4757 1021
f 974 3672 2903
f 3672 974 3837
f 974 2903 3673
f 3074 3837 974
f 1025 975 2944
f 3821 975 3820
f 975 1025 4796
f 975 3990 2944
f 975 3821 4803
f 975 4796 3820
f 975 4803 3990
f 1024 1026 976
f 1026 4871 976
f 4009 976 4871
f 976 3996 4836
f 3996 976 4009
f 977 3821 4795
f 977 3823 4797
f 3821 977 3988
f 3823 977 3822
f 977 4795 3822
f 977 4797 3988
f 4138 978 4139
f 978 4149 4835
f 4139 978 4154
f 4154 978 4150
f 4149 978 4009
f 4009 978 4172
f 4172 978 4138
f 978 4835 4150
f 2903 979 2902
f 3672 979 2903
f 2933 979 3832
f 3832 979 3127
f 979 3672 4870
f 979 3838 4879
f 979 2933 4940
f 979 4870 3838
f 979 4879 3127
f 979 4940 2902
f 980 1005 2743
f 980 2663 2660
f 980 2743 2663
f 981 3307 4738
f 3123 981 3306
f 3823 981 3989
f 3989 981 3329
f 981 3123 4868
f 3307 981 3823
f 981 4738 3306
f 981 4868 3329
f 982 4138 4805
f 3829 982 3828
f 982 3830 4830
f 3830 982 3826
f 4138 982 3829
f 982 4805 3826
f 982 4830 3828
f 4139 984 3826
f 3323 984 3322
f 984 3323 4831
f 984 4139 4866
f 984 4831 3826
f 984 4866 3322
f 3666 985 3310
f 3819 985 3671
f 985 3819 4841
f 3310 985 3997
f 985 3666 4989
f 985 4841 3997
f 985 4989 3671
f 2769 986 2768
f 986 2769 4793
f 2768 986 3827
f 3134 986 3330
f 3330 986 2931
f 3499 986 3134
f 3827 986 3499
f 986 4793 2931
f 987 2938 4846
f 987 3131 4856
f 3131 987 3128
f 987 4846 3128
f 987 4856 2938
f 988 3490 4814
f 988 4146 4817
f 988 3491 4892
f 4146 988 3502
f 988 4814 3491
f 988 4817 3490
f 988 4892 3502
f 3668 989 3669
f 989 3668 4779
f 3669 989 3491
f 989 3501 4892
f 3501 989 3816
f 989 4779 3816
f 989 4892 3491
f 3119 990 3313
f 3314 990 3315
f 990 3314 4806
f 2932 990 3119
f 990 2932 4876
f 990 4806 3313
f 990 4876 3315
f 3469 991 3470
f 3470 991 3482
f 991 3469 4766
f 3116 991 3487
f 991 3116 4775
f 3482 991 3313
f 3487 991 3486
f 991 4766 3486
f 991 4775 3313
f 3652 992 3651
f 3651 992 3661
f 3661 992 3667
f 992 4144 4809
f 992 3652 4813
f 3320 992 3318
f 3495 992 3320
f 4144 992 3495
f 992 4809 3667
f 992 4813 3318
f 993 3865 4200
f 993 3117 4767
f 993 2939 4851
f 2939 993 3866
f 993 3487 4983
f 993 4200 3866
f 993 4767 3487
f 993 4851 3117
f 993 4983 3865
f 4141 994 4140
f 994 4141 4808
f 994 4142 4810
f 4140 994 4000
f 994 3129 4849
f 3129 994 4145
f 994 4808 4142
f 994 4810 4145
f 994 4849 4000
f 2928 995 2927
f 995 2928 4771
f 4140 995 2929
f 995 3999 4847
f 3999 995 4140
f 995 4771 2929
f 995 4847 2927
f 2978 996 3866
f 3118 996 2978
f 996 3118 4770
f 3998 996 2927
f 996 2945 4873
f 4156 996 3998
f 2945 996 4156
f 996 4770 2927
f 996 4873 3866
f 999 997 2745
f 997 999 1848
f 2745 997 2596
f 2979 2596 997
f 2555 2979 997
f 1350 1203 998
f 1253 1475 998
f 1350 998 1475
f 999 2745 2716
f 2716 2558 999
f 2558 1001 999
f 1907 999 1001
f 999 1907 1848
f 1007 1011 1000
f 2558 2560 1001
f 2560 1005 1001
f 1907 1001 2820
f 1353 1478 1002
f 1003 1353 1002
f 1002 1478 1053
f 1206 1003 1004
f 1003 1206 1353
f 1397 1004 1263
f 1004 1107 1263
f 1397 1206 1004
f 1005 2560 2743
f 1006 1104 1354
f 1354 1207 1006
f 1007 1968 2231
f 2230 1968 1007
f 1263 1107 1008
f 1214 1008 1010
f 1263 1008 1267
f 1267 1008 1214
f 1108 1009 1056
f 1266 1009 1108
f 1213 1009 1266
f 1010 1111 1270
f 1214 1010 1270
f 1012 1893 1208
f 1893 1012 2461
f 1012 1783 1373
f 1373 2461 1012
f 1013 1014 1116
f 1219 1116 1014
f 1219 1014 1321
f 1321 1014 1175
f 1067 1175 1014
f 1015 1117 1275
f 1275 1220 1015
f 1015 1220 1065
f 1016 1319 1171
f 1322 1016 1018
f 1016 1322 1319
f 1119 1017 1064
f 1121 1017 1119
f 1017 1121 1071
f 1018 1123 3197
f 1018 3197 1322
f 1128 1019 2980
f 1019 1128 3089
f 1021 2980 1019
f 3804 1020 3805
f 1020 1071 3805
f 1071 1020 3824
f 1025 1020 3804
f 1025 2944 1020
f 1021 2925 2980
f 2925 1021 2926
f 2926 1021 4757
f 1124 1024 1022
f 1124 1022 1072
f 3456 1023 2903
f 1178 1023 1125
f 2903 1023 3673
f 1023 3456 1125
f 1026 1024 4119
f 1024 1124 4119
f 4118 1025 4117
f 1025 4118 4796
f 1025 4151 4967
f 1025 3804 4151
f 1025 4967 4117
f 4149 1026 3833
f 3833 1026 3825
f 1026 4149 4871
f 1026 4119 3825
f 3868 1027 3867
f 1027 3981 4713
f 3867 1027 3982
f 3981 1027 3991
f 3831 1027 2933
f 3991 1027 3831
f 1027 3868 4940
f 1027 4713 3982
f 1027 4940 2933
f 2926 1028 4126
f 4127 1028 2926
f 1028 4131 4780
f 4131 1028 4134
f 4134 1028 4135
f 4137 1028 4127
f 1028 4132 4802
f 3828 1028 4137
f 4135 1028 3828
f 1028 4780 4132
f 1028 4802 4126
f 1029 4137 4794
f 4137 1029 3829
f 3996 1029 4136
f 1029 3996 4928
f 3829 1029 4172
f 1029 4794 4136
f 1029 4928 4172
f 1030 2970 4194
f 3016 1030 2971
f 3833 1030 4150
f 2970 1030 3833
f 1030 3016 4867
f 1030 4194 2971
f 1030 4867 4150
f 1031 3815 4752
f 1031 3309 4799
f 1031 3991 4834
f 1031 4752 3309
f 1031 4799 3991
f 1031 4834 3815
f 1032 3016 4294
f 3676 1032 3675
f 3675 1032 3677
f 3678 1032 3676
f 3322 1032 3678
f 3677 1032 3565
f 4154 1032 3322
f 3016 1032 4154
f 1032 4294 3565
f 1033 3987 4787
f 3987 1033 3994
f 3994 1033 3995
f 3995 1033 3678
f 3678 1033 3323
f 3830 1033 4135
f 3323 1033 3830
f 1033 4787 4135
f 1034 4148 4822
f 1034 4147 4824
f 1034 3676 4826
f 1034 3995 4828
f 1034 4822 4147
f 1034 4824 3995
f 1034 4826 4148
f 1034 4828 3676
f 1035 2883 4547
f 1035 2886 4548
f 2891 1035 2884
f 2886 1035 2891
f 3677 1035 2885
f 2883 1035 3677
f 1035 4547 2884
f 1035 4548 2885
f 3073 1036 2885
f 4148 1036 3125
f 3125 1036 3073
f 3675 1036 4148
f 1036 3675 4827
f 1036 4827 2885
f 3493 1037 3492
f 1037 3493 4821
f 3125 1037 4147
f 3492 1037 3125
f 4147 1037 3994
f 1037 4821 3994
f 3656 1038 3655
f 1038 3670 4786
f 3987 1038 4134
f 1038 3656 4788
f 3655 1038 3674
f 1038 3493 4820
f 3493 1038 3987
f 1038 4786 4134
f 1038 4788 3670
f 1038 4820 3674
f 2886 1039 3073
f 1039 2886 4581
f 1039 3787 4819
f 3492 1039 3674
f 1039 3492 4823
f 1039 4581 3787
f 1039 4819 3674
f 1039 4823 3073
f 3095 1040 3096
f 3106 1040 3105
f 1040 3106 4750
f 1040 3666 4764
f 3105 1040 2931
f 2931 1040 3311
f 3666 1040 3095
f 1040 4750 3096
f 1040 4764 3311
f 3955 1041 2891
f 2891 1041 3787
f 3958 1041 3957
f 3655 1041 3980
f 1041 3958 4709
f 3957 1041 3955
f 3787 1041 3655
f 1041 4709 3980
f 3957 1043 3086
f 1043 3957 4725
f 1043 3108 4744
f 3086 1043 3120
f 3120 1043 3111
f 1043 4725 3108
f 1043 4744 3111
f 1044 3668 4773
f 1044 3312 4778
f 3668 1044 3817
f 1044 3317 4781
f 3317 1044 3316
f 1044 4773 3312
f 1044 4778 3316
f 1044 4781 3817
f 1045 3348 4187
f 1045 3450 4546
f 3317 1045 3818
f 3450 1045 3488
f 3488 1045 3317
f 3818 1045 2768
f 1045 4187 2768
f 1045 4546 3348
f 3236 1046 4080
f 3969 1046 3236
f 1046 3969 4740
f 3669 1046 3312
f 3312 1046 3985
f 3490 1046 3669
f 4080 1046 3490
f 1046 4740 3985
f 3052 1047 3053
f 3053 1047 3092
f 1047 3052 4722
f 1047 3107 4777
f 3131 1047 2940
f 2940 1047 3315
f 1047 3131 4987
f 1047 4722 3107
f 1047 4777 3315
f 1047 4987 3092
f 1049 3401 4276
f 1049 3969 4658
f 3969 1049 3399
f 3401 1049 3489
f 1049 3289 4816
f 1049 4276 3399
f 1049 4658 3289
f 1049 4816 3489
f 1050 3652 4693
f 1050 3977 4765
f 1050 3986 4804
f 1050 3319 4813
f 3319 1050 3489
f 1050 4693 3977
f 1050 4765 3986
f 1050 4804 3489
f 1050 4813 3652
f 3291 1051 3290
f 3290 1051 3292
f 1051 3291 4697
f 3292 1051 3305
f 1051 3298 4772
f 1051 4142 4808
f 4143 1051 3667
f 4142 1051 4143
f 1051 4697 3298
f 1051 4772 3667
f 1051 4808 3305
f 3480 1052 3479
f 1052 3480 4730
f 1052 2929 4771
f 1052 4141 4807
f 4141 1052 3305
f 1052 4730 3305
f 1052 4771 3479
f 1052 4807 2929
f 1478 1513 1053
f 1053 1513 1102
f 1055 1103 1161
f 1055 1161 1164
f 1103 1055 1163
f 1398 1108 1056
f 1398 1056 1396
f 1211 1210 1058
f 1113 1059 1314
f 1173 1314 1059
f 1201 1060 1112
f 1061 1171 1172
f 1218 1061 1172
f 1218 1274 1061
f 1064 1061 1274
f 1118 1062 1360
f 1360 1062 1317
f 1064 1274 1119
f 1220 1277 1065
f 1065 1277 1177
f 1177 1070 1065
f 1276 1173 1066
f 1177 1276 1066
f 1177 1066 1070
f 1278 1175 1067
f 1224 1067 2900
f 1067 1224 1278
f 1223 1069 1068
f 1068 1118 1361
f 1361 1324 1068
f 1223 1068 1324
f 1069 1223 1072
f 1071 3776 3805
f 1179 3776 1071
f 1179 1071 1121
f 1226 1072 1223
f 1226 1181 1072
f 1181 1124 1072
f 1366 1073 1362
f 1366 1485 1073
f 2057 1073 1485
f 1073 2208 1362
f 2057 2208 1073
f 1074 3868 4202
f 1074 3456 2903
f 1074 1129 3644
f 3868 1074 2902
f 1074 4202 1129
f 1074 2903 2902
f 1074 3644 3456
f 1075 4118 4719
f 3307 1075 2923
f 1075 3822 4795
f 4118 1075 3820
f 1075 2920 4976
f 1075 3307 4998
f 1075 4719 2920
f 1075 4795 3820
f 1075 4976 2923
f 1075 4998 3822
f 1076 2981 4204
f 2981 1076 3104
f 3104 1076 3112
f 2925 1076 2980
f 1076 2925 4756
f 3112 1076 4126
f 1076 4204 2980
f 1076 4756 4126
f 2970 1077 3352
f 3352 1077 3451
f 1077 3484 4755
f 4119 1077 3825
f 3484 1077 4119
f 1077 2970 4837
f 1077 4755 3451
f 1077 4837 3825
f 3352 1078 2971
f 2971 1078 3565
f 2883 1078 3072
f 1078 3352 4576
f 1078 2883 4839
f 1078 3084 4968
f 1078 4576 3084
f 1078 4839 3565
f 1078 4968 3072
f 1079 3351 4193
f 3351 1079 3095
f 3981 1079 3350
f 3814 1079 3309
f 3671 1079 3814
f 3309 1079 3981
f 3095 1079 3671
f 1079 4193 3350
f 1080 3624 4549
f 3624 1080 3657
f 3112 1080 3623
f 1080 4132 4780
f 1080 3112 4802
f 1080 4549 3623
f 1080 4780 3657
f 1080 4802 4132
f 1081 2769 4187
f 3700 1081 3701
f 3784 1081 3348
f 3105 1081 3700
f 3701 1081 3809
f 2769 1081 3105
f 3809 1081 3784
f 1081 4187 3348
f 4045 1082 4044
f 4044 1082 4092
f 1082 4045 4672
f 3657 1082 4113
f 4131 1082 3657
f 1082 4131 4786
f 4092 1082 3670
f 1082 4672 4113
f 1082 4786 3670
f 1083 3784 4546
f 1083 3303 4723
f 3308 1083 3304
f 1083 3450 4789
f 3784 1083 3308
f 1083 4546 3450
f 1083 4723 3304
f 1083 4789 3303
f 1084 3703 4191
f 1084 3704 4484
f 3091 1084 3053
f 3703 1084 3806
f 2923 1084 3306
f 1084 3091 4785
f 3806 1084 2923
f 1084 4191 3704
f 1084 4484 3053
f 1084 4785 3306
f 3072 1085 2884
f 2884 1085 3955
f 3955 1085 3108
f 3108 1085 4123
f 4125 1085 4124
f 4123 1085 4133
f 4182 1085 3072
f 4124 1085 4182
f 4133 1085 4125
f 4123 1086 3111
f 1086 4123 4783
f 3111 1086 3122
f 3122 1086 3124
f 3124 1086 3121
f 1086 4783 3121
f 3400 1087 3399
f 3462 1087 3461
f 3303 1087 3462
f 3399 1087 3985
f 1087 3400 4743
f 3985 1087 3316
f 3488 1087 3303
f 3316 1087 3488
f 1087 4743 3461
f 1088 3782 4517
f 3980 1088 3656
f 3807 1088 3980
f 3808 1088 3807
f 3782 1088 3808
f 3656 1088 4092
f 1088 4517 4092
f 1089 3958 4603
f 3958 1089 3807
f 1089 4116 4710
f 4116 1089 4122
f 4122 1089 3086
f 1089 4603 3086
f 1089 4710 3807
f 2914 1090 2913
f 1090 2914 4742
f 2913 1090 2930
f 3120 1090 4122
f 3122 1090 3120
f 1090 3122 4791
f 1090 4742 4122
f 1090 4791 2930
f 3109 1091 3110
f 1091 3109 4774
f 3124 1091 2930
f 3110 1091 3149
f 3149 1091 3150
f 3150 1091 3124
f 1091 4774 2930
f 2913 1092 3648
f 1092 3109 4732
f 3660 1092 3658
f 3109 1092 2913
f 1092 3660 4776
f 1092 4732 3658
f 1092 4776 3648
f 3110 1093 3658
f 3810 1093 3811
f 3658 1093 3810
f 1093 3812 4739
f 3811 1093 3813
f 3812 1093 3110
f 1093 4739 3813
f 2864 1094 2863
f 1094 2876 4516
f 2876 1094 2864
f 1094 3107 4722
f 3482 1094 2877
f 1094 3314 4777
f 3314 1094 3482
f 1094 4516 2877
f 1094 4722 2863
f 1094 4777 3107
f 1095 3048 4482
f 1095 2914 4673
f 3048 1095 3100
f 4116 1095 3808
f 3808 1095 3049
f 2914 1095 4116
f 3100 1095 3648
f 1095 4482 3049
f 1095 4673 3648
f 3271 1096 3270
f 1096 3271 4700
f 3100 1096 3299
f 3270 1096 3810
f 1096 3660 4737
f 3660 1096 3100
f 1096 4700 3299
f 1096 4737 3810
f 3401 1097 3400
f 3646 1097 3645
f 3647 1097 3646
f 3645 1097 3653
f 3400 1097 3647
f 1097 3664 4761
f 3664 1097 3986
f 3986 1097 3401
f 1097 4761 3653
f 3865 1098 2978
f 1098 4120 4728
f 4128 1098 3486
f 2978 1098 4121
f 4120 1098 4128
f 1098 3865 4983
f 1098 4728 4121
f 1098 4983 3486
f 2905 1099 2904
f 1099 3298 4697
f 3661 1099 2924
f 3298 1099 3661
f 1099 2905 4845
f 1099 4697 2904
f 1099 4845 2924
f 3098 1100 3097
f 1100 3098 4696
f 3097 1100 4121
f 1100 3099 4729
f 1100 3118 4769
f 3118 1100 2928
f 2928 1100 3479
f 1100 4696 3099
f 1100 4729 3479
f 1100 4769 4121
f 1388 1476 1101
f 1101 1476 1253
f 1102 1513 1351
f 1103 1159 1161
f 1391 1159 1103
f 1103 1477 1391
f 1477 1103 1163
f 1104 1436 1354
f 1437 1106 1164
f 1479 1106 1437
f 1261 1106 1479
f 1398 1441 1108
f 1108 1217 1266
f 1441 1216 1108
f 1215 1111 1109
f 1215 1109 1400
f 1268 1400 1109
f 1215 1270 1111
f 1113 1313 1211
f 1314 1313 1113
f 1114 1116 1318
f 1114 1316 1217
f 1316 1114 1318
f 1115 1401 1117
f 1401 1115 1356
f 1318 1116 1219
f 1401 1275 1117
f 1360 1361 1118
f 1274 1320 1119
f 1119 1320 1404
f 2862 1121 1119
f 2862 1119 1404
f 2862 1179 1121
f 1180 1122 3089
f 1122 1180 2900
f 1123 1178 3197
f 1181 3366 1124
f 3366 1133 1124
f 1124 1133 4119
f 1125 1227 1325
f 1227 1125 3644
f 3644 1125 3456
f 1178 1125 1325
f 3706 1126 3705
f 1126 3776 4099
f 3789 1126 3706
f 1126 3789 3805
f 3776 1126 3805
f 1126 4099 3705
f 3172 1127 3171
f 1127 3789 3706
f 3171 1127 3282
f 1127 3804 3805
f 3804 1127 4151
f 1127 3172 4967
f 1127 3706 3282
f 1127 3805 3789
f 1127 4967 4151
f 3363 1128 2980
f 1128 3471 2917
f 3471 1128 3363
f 1128 2917 3089
f 1129 3946 2921
f 3644 1129 1227
f 3946 1129 3867
f 1129 4202 3867
f 1129 2921 1227
f 4018 1130 3350
f 3946 1130 2921
f 1130 4111 2875
f 3350 1130 3982
f 1130 4018 4716
f 2921 1130 2875
f 1130 3946 4746
f 1130 4716 4111
f 1130 4746 3982
f 1131 3172 4192
f 1131 2968 4683
f 1131 2920 4719
f 3172 1131 4117
f 2920 1131 3806
f 1131 4192 2968
f 1131 4683 3806
f 1131 4719 4117
f 1132 3363 4204
f 3363 1132 3300
f 1132 2981 4715
f 1132 3301 4887
f 1132 4204 2981
f 1132 4715 3301
f 1132 4887 3300
f 3367 1133 3366
f 1133 3367 4753
f 3484 1133 3485
f 1133 3484 4119
f 3485 1133 3483
f 1133 4753 3483
f 1134 3084 4576
f 3485 1134 3451
f 1134 3485 4885
f 3084 1134 4182
f 1134 3681 4969
f 1134 4576 3451
f 1134 4885 3681
f 1134 4969 4182
f 1135 2770 4188
f 2911 1135 2912
f 1135 2916 4677
f 2916 1135 2919
f 2770 1135 2911
f 2919 1135 3701
f 1135 4188 3701
f 1135 4677 2912
f 2770 1136 3700
f 3295 1136 3294
f 3296 1136 3297
f 1136 3295 4681
f 3302 1136 3296
f 3294 1136 2770
f 1136 3106 4720
f 3106 1136 3302
f 1136 4681 3297
f 1136 4720 3700
f 1137 4018 4193
f 3799 1137 3800
f 1137 3351 4682
f 4018 1137 3799
f 1137 3302 4717
f 3302 1137 3096
f 1137 4193 3351
f 1137 4682 3096
f 1137 4717 3800
f 1138 3103 4711
f 1138 3102 4712
f 1138 2919 4726
f 3103 1138 3308
f 1138 3809 4990
f 1138 4711 3102
f 1138 4712 2919
f 1138 4726 3809
f 1138 4990 3308
f 3624 1139 3266
f 1139 3280 4595
f 1139 3288 4634
f 3288 1139 4113
f 1139 3624 4708
f 1139 4595 3266
f 1139 4634 3280
f 1139 4708 4113
f 3458 1140 3457
f 1140 3462 4612
f 3103 1140 3458
f 3462 1140 3304
f 1140 3103 4748
f 1140 4612 3457
f 1140 4748 3304
f 4133 1141 3121
f 1141 3993 4812
f 3993 1141 4133
f 3150 1141 3992
f 1141 3150 4997
f 1141 4812 3992
f 1141 4997 3121
f 1142 3704 4191
f 1142 2983 4205
f 1142 3052 4484
f 1142 2984 4485
f 2983 1142 2966
f 3052 1142 2863
f 1142 4191 2966
f 1142 4205 2984
f 1142 4484 3704
f 1142 4485 2863
f 3940 1143 3939
f 1143 3940 4635
f 3979 1143 3965
f 3812 1143 3979
f 3939 1143 3992
f 1143 3812 4994
f 3992 1143 3149
f 1143 4635 3965
f 1143 4994 3149
f 1144 3979 4706
f 3979 1144 3813
f 4130 1144 4129
f 1144 4115 4798
f 1144 4130 4801
f 1144 4706 4115
f 1144 4798 4129
f 1144 4801 3813
f 2805 1145 2804
f 4044 1145 2805
f 2861 1145 3049
f 3782 1145 4044
f 2804 1145 2908
f 1145 3782 4733
f 2908 1145 2861
f 1145 4733 3049
f 1146 3080 4564
f 3080 1146 3093
f 3811 1146 3270
f 1146 4130 4768
f 4130 1146 3811
f 1146 4564 3270
f 1146 4768 3093
f 3048 1147 2861
f 3961 1147 3960
f 3960 1147 3962
f 3978 1147 3961
f 3962 1147 3299
f 1147 3048 4703
f 2861 1147 3978
f 1147 4703 3299
f 2156 1526 1148
f 2246 1148 1845
f 2246 2156 1148
f 2764 1149 2763
f 2763 1149 2772
f 1149 2764 4674
f 1149 2922 4731
f 4129 1149 3093
f 2922 1149 4129
f 1149 4674 3093
f 1149 4731 2772
f 3254 1150 2877
f 1150 3293 4661
f 1150 3254 4701
f 1150 3470 4735
f 1150 4661 3470
f 1150 4701 3293
f 1150 4735 2877
f 3651 1151 3977
f 3476 1151 3475
f 3478 1151 3476
f 1151 3651 4745
f 3664 1151 3478
f 3977 1151 3664
f 1151 2924 4845
f 1151 4745 2924
f 1151 4845 3475
f 3633 1152 3632
f 3634 1152 3633
f 1152 3634 4619
f 1152 3469 4661
f 1152 3293 4701
f 3469 1152 4128
f 4128 1152 3639
f 1152 4619 3639
f 1152 4661 3293
f 1152 4701 3632
f 3795 1153 3794
f 3796 1153 3795
f 1153 3796 4660
f 1153 3099 4696
f 1153 3480 4729
f 3480 1153 3292
f 1153 4660 3292
f 1153 4696 3794
f 1153 4729 3099
f 1154 3963 4618
f 3963 1154 3639
f 1154 3964 4695
f 4120 1154 3097
f 1154 4120 4937
f 1154 4618 3964
f 1154 4695 3097
f 1154 4937 3639
f 2025 1156 1526
f 1157 2026 1528
f 2026 1157 1160
f 1162 1160 1157
f 1158 1392 1435
f 1161 1159 1309
f 1389 1309 1159
f 1389 1159 1391
f 1162 1851 1160
f 2380 1160 1851
f 2380 2026 1160
f 1309 1310 1161
f 1161 1310 1164
f 1851 1162 1550
f 1163 1439 1477
f 1163 1258 1439
f 1310 1515 1164
f 1437 1164 1515
f 1165 1166 2029
f 1165 2029 1550
f 1166 2166 2029
f 1166 1558 2166
f 3856 1167 3159
f 1167 3856 3165
f 4017 1562 1167
f 1167 3165 4017
f 2765 1168 4016
f 4016 1168 3858
f 1168 1563 3858
f 1168 2972 1563
f 2765 1169 1168
f 1169 2972 1168
f 1169 2765 3691
f 2972 1169 2259
f 2259 1169 2033
f 1269 1170 1443
f 1443 1170 1265
f 1315 1172 1171
f 1319 1315 1171
f 1267 1214 1172
f 1172 1214 1270
f 1172 1270 1218
f 1315 1267 1172
f 1314 1173 1483
f 1524 1173 1363
f 1524 1483 1173
f 1276 1363 1173
f 1278 1323 1175
f 1489 1175 1323
f 1321 1175 1489
f 1277 1363 1177
f 1177 1363 1276
f 1178 1325 3197
f 3776 1179 4099
f 1179 2862 4574
f 1179 4574 4099
f 2917 1180 3089
f 1180 1279 2900
f 1180 2917 4679
f 1180 3747 3406
f 3747 1180 3615
f 1180 3406 1279
f 1180 4679 3615
f 1228 1181 1226
f 1228 1229 1181
f 1229 3366 1181
f 3703 1182 2966
f 1182 2968 4192
f 1182 3362 4203
f 2966 1182 3454
f 3454 1182 3360
f 3362 1182 3171
f 1182 3703 4683
f 1182 4192 3171
f 1182 4203 3360
f 1182 4683 2968
f 3966 1183 3967
f 1183 3968 4648
f 3968 1183 2911
f 1183 3966 4678
f 1183 3294 4718
f 1183 4648 3967
f 1183 4678 3294
f 1183 4718 2911
f 1184 3050 4483
f 3083 1184 3082
f 1184 3083 4644
f 3082 1184 3051
f 3050 1184 3296
f 3296 1184 3800
f 1184 4483 3051
f 1184 4644 3800
f 3615 1185 3616
f 2917 1185 3615
f 3471 1185 2917
f 1185 3650 4689
f 1185 3471 4714
f 3650 1185 3680
f 3680 1185 3300
f 1185 4689 3616
f 1185 4714 3300
f 1186 3780 4514
f 3803 1186 3781
f 4124 1186 3803
f 3780 1186 3483
f 1186 3681 4885
f 1186 4124 4969
f 1186 4514 3781
f 1186 4885 3483
f 1186 4969 3681
f 1187 3904 4350
f 3906 1187 3905
f 3904 1187 3458
f 2916 1187 3906
f 3458 1187 3102
f 1187 2916 4712
f 1187 4350 3905
f 1187 4712 3102
f 3266 1188 3623
f 2899 1188 3266
f 2915 1188 2899
f 3104 1188 3301
f 3623 1188 3104
f 3680 1188 2915
f 3301 1188 3680
f 3939 1189 3063
f 3094 1189 3803
f 1189 3101 4705
f 3101 1189 3094
f 1189 4125 4751
f 3993 1189 3939
f 1189 3993 4993
f 1189 4705 3063
f 1189 4751 3803
f 1189 4993 4125
f 3904 1190 4043
f 3457 1190 3904
f 3461 1190 3457
f 4043 1190 4106
f 1190 4108 4639
f 4108 1190 3647
f 3647 1190 3461
f 1190 4639 4106
f 3012 1191 2805
f 2805 1191 4045
f 1191 3012 4628
f 3288 1191 3088
f 3088 1191 3087
f 4045 1191 3288
f 1191 4628 3087
f 1192 3467 4630
f 3467 1192 3965
f 3965 1192 4115
f 2922 1192 3481
f 3481 1192 3468
f 1192 2922 4798
f 1192 4630 3468
f 1192 4798 4115
f 4103 1193 4102
f 4102 1193 4104
f 1193 4103 4633
f 1193 4109 4641
f 4109 1193 4105
f 4104 1193 3978
f 1193 2908 4741
f 1193 4633 4105
f 1193 4641 2908
f 1193 4741 3978
f 1194 2771 4189
f 2890 1194 2889
f 2889 1194 2907
f 3481 1194 2772
f 2907 1194 3481
f 2771 1194 2890
f 1194 4189 2772
f 3346 1195 2764
f 3080 1195 3271
f 3962 1195 3463
f 3466 1195 3465
f 3463 1195 3466
f 3465 1195 3346
f 2764 1195 3080
f 3271 1195 3962
f 2763 1196 3346
f 2771 1196 2763
f 3971 1196 3970
f 3970 1196 3972
f 1196 3971 4665
f 1196 2771 4914
f 1196 4665 3346
f 1196 4914 3972
f 4094 1197 4093
f 1197 4094 4694
f 1197 3476 4699
f 3476 1197 4114
f 1197 4694 4114
f 1197 4699 4093
f 1198 2850 4435
f 2867 1198 2868
f 2869 1198 2867
f 2878 1198 2879
f 2868 1198 2878
f 4093 1198 2869
f 2850 1198 2905
f 3475 1198 4093
f 2879 1198 2851
f 2905 1198 3475
f 1198 4435 2851
f 2850 1199 3039
f 1199 2850 4615
f 1199 3291 4659
f 3039 1199 3090
f 3291 1199 2904
f 1199 4615 2904
f 1199 4659 3090
f 3248 1200 3249
f 3249 1200 3257
f 1200 3248 4527
f 1200 3263 4613
f 1200 3964 4618
f 3964 1200 3098
f 3098 1200 3794
f 1200 4527 3263
f 1200 4613 3794
f 1200 4618 3257
f 2522 2393 1201
f 1773 1202 1351
f 1202 1773 1774
f 1202 1774 1255
f 1633 1436 1203
f 1557 1203 1350
f 1203 1557 1633
f 1204 1362 1209
f 1366 1362 1204
f 1519 1206 1397
f 1519 1353 1206
f 1520 1355 1207
f 1207 1354 1520
f 1209 1362 1944
f 1944 1639 1209
f 1439 1258 1210
f 1210 1568 1439
f 1568 1210 1211
f 1604 1211 1313
f 1604 1568 1211
f 1399 1268 1213
f 1444 1399 1213
f 1444 1213 1266
f 1400 1482 1215
f 1215 1482 1446
f 1215 1446 1270
f 1317 1216 1358
f 1644 1216 1441
f 1644 1484 1216
f 1484 1358 1216
f 1316 1266 1217
f 1218 1270 1357
f 1274 1218 1359
f 1359 1218 1357
f 1486 1219 1405
f 1318 1219 1486
f 1321 1405 1219
f 1275 1277 1220
f 1324 1225 1223
f 1223 1225 1226
f 1279 1224 2900
f 3071 1278 1224
f 1279 3071 1224
f 1225 1454 1412
f 1324 1454 1225
f 1228 1225 1412
f 1225 1228 1226
f 1325 1227 1281
f 1227 2921 1281
f 1327 1228 1412
f 3786 1229 1228
f 1327 3786 1228
f 3366 1229 3710
f 1229 3786 3710
f 2875 1230 2874
f 1230 3083 3082
f 3083 1230 3799
f 1230 4111 4716
f 1230 3082 2874
f 1230 2875 4111
f 1230 4716 3799
f 1231 3595 4379
f 3642 1231 3966
f 3643 1231 3594
f 1231 3642 4650
f 3966 1231 3295
f 3295 1231 3643
f 1231 4379 3594
f 1231 4650 3595
f 3050 1232 3775
f 1232 3790 3455
f 3801 1232 3643
f 3790 1232 3801
f 1232 3050 4680
f 3643 1232 3297
f 1232 3455 3775
f 1232 4680 3297
f 1233 3367 4209
f 3780 1233 4091
f 4110 1233 3710
f 4091 1233 4112
f 1233 3780 4753
f 1233 4110 4913
f 1233 4209 3710
f 1233 4753 3367
f 1233 4913 4112
f 2831 1234 3906
f 1234 2831 4646
f 3968 1234 2910
f 1234 3968 4656
f 3906 1234 2912
f 1234 4646 2910
f 1234 4656 2912
f 4091 1235 3781
f 1235 3452 4597
f 3452 1235 4091
f 1235 3094 4676
f 3094 1235 3453
f 1235 4597 3453
f 1235 4676 3781
f 3692 1236 3694
f 4043 1236 3905
f 1236 2831 4351
f 1236 4043 4637
f 2831 1236 3692
f 1236 4351 3905
f 1236 4637 3694
f 1237 3952 4571
f 3973 1237 2915
f 3650 1237 3953
f 1237 3973 4869
f 1237 3650 4872
f 1237 4571 3953
f 1237 4869 3952
f 1237 4872 2915
f 1238 2761 4183
f 2865 1238 2762
f 1238 2898 4591
f 3280 1238 2899
f 3088 1238 3280
f 2898 1238 3088
f 2899 1238 3973
f 3973 1238 2865
f 1238 4183 2762
f 1238 4591 2761
f 1239 3206 4295
f 1239 3940 4518
f 3206 1239 3279
f 3467 1239 3286
f 3286 1239 3287
f 3940 1239 3467
f 3279 1239 3063
f 3287 1239 3207
f 1239 4295 3207
f 1239 4518 3063
f 3357 1240 3356
f 1240 3376 4217
f 1240 3357 4639
f 1240 3646 4669
f 1240 4108 4671
f 1240 4217 3356
f 1240 4639 4108
f 1240 4669 3376
f 1240 4671 3646
f 1241 2984 4205
f 2984 1241 2864
f 3626 1241 3528
f 1241 3626 4592
f 2864 1241 3635
f 1241 4205 3528
f 1241 4592 3635
f 1242 3012 4277
f 3012 1242 2906
f 4109 1242 2804
f 1242 4109 4666
f 1242 4277 2804
f 1242 4666 2906
f 1243 3220 4382
f 2907 1243 3221
f 3286 1243 3468
f 1243 3286 4632
f 1243 2907 4754
f 1243 4382 3221
f 1243 4632 3220
f 1243 4754 3468
f 1244 3534 4217
f 3534 1244 3625
f 3625 1244 3637
f 3637 1244 3641
f 3645 1244 3376
f 3654 1244 3645
f 1244 3654 4704
f 1244 4217 3376
f 1244 4704 3641
f 2918 1245 4114
f 1245 3654 4702
f 3654 1245 2918
f 1245 3478 4727
f 3478 1245 3653
f 1245 4702 3653
f 1245 4727 4114
f 2876 1246 3254
f 3268 1246 3269
f 3269 1246 3274
f 1246 3268 4588
f 3274 1246 3635
f 1246 2876 4667
f 3254 1246 3632
f 1246 4588 3632
f 1246 4667 3635
f 1247 2890 4573
f 1247 3630 4620
f 1247 3640 4663
f 2890 1247 3972
f 1247 4573 3630
f 1247 4620 3640
f 1247 4663 3972
f 1248 3961 4616
f 4101 1248 4100
f 1248 4101 4627
f 1248 4104 4698
f 1248 4616 4100
f 1248 4627 4104
f 1248 4698 3961
f 2895 1249 2894
f 2896 1249 2895
f 2897 1249 2896
f 3960 1249 4100
f 3463 1249 3960
f 4100 1249 2897
f 2894 1249 3463
f 3277 1250 3278
f 3465 1250 3277
f 3284 1250 3285
f 3278 1250 3284
f 1250 3971 4662
f 3971 1250 3465
f 1250 4662 3285
f 3459 1251 3460
f 1251 3640 4620
f 1251 3459 4623
f 3970 1251 3285
f 3640 1251 3970
f 3460 1251 3464
f 1251 4620 3464
f 1251 4623 3285
f 3566 1252 3567
f 3617 1252 3566
f 3618 1252 3617
f 1252 3796 4614
f 3290 1252 3090
f 3796 1252 3290
f 1252 3618 4691
f 1252 4614 3567
f 1252 4691 3090
f 1253 1476 1632
f 1475 1253 1632
f 1687 1255 1774
f 1720 1517 1260
f 1693 1720 1260
f 1693 1260 1262
f 1642 1261 1565
f 1265 1261 1642
f 1261 1479 1565
f 1693 1262 1814
f 1440 1814 1262
f 1397 1263 1480
f 1567 1480 1263
f 1567 1263 1442
f 1263 1267 1445
f 1263 1445 1442
f 1264 2125 1964
f 2126 2125 1264
f 1443 1265 1569
f 1265 1642 1569
f 1316 1444 1266
f 1315 1445 1267
f 1399 1400 1268
f 1521 1269 1443
f 1521 1356 1269
f 1446 1357 1270
f 1271 2231 1968
f 1271 1691 2231
f 1273 1968 2230
f 1273 2230 2372
f 2127 1273 2372
f 1320 1274 1359
f 1275 1403 1277
f 1573 1275 1401
f 1574 1275 1573
f 1403 1275 1574
f 1403 1363 1277
f 1278 3071 1323
f 1369 1279 3448
f 1279 1369 3071
f 3448 1279 3406
f 1280 2875 2874
f 2921 1280 1281
f 1280 2921 2875
f 2874 1287 1280
f 3945 1408 1280
f 1287 3945 1280
f 1281 1280 1408
f 1408 1409 1281
f 1368 1281 1409
f 1325 1281 1368
f 3595 1282 4054
f 1282 4072 4414
f 2882 1282 4098
f 4072 1282 4107
f 4054 1282 2882
f 4107 1282 3595
f 1282 4073 4985
f 1282 4414 4073
f 1282 4985 4098
f 1283 2882 4542
f 1331 1285 1283
f 1331 1283 4542
f 1284 1283 1285
f 1283 1284 4054
f 4054 2882 1283
f 4054 1284 3594
f 1284 3801 4649
f 1284 1285 4651
f 1284 4649 3594
f 1284 4651 3801
f 1329 1285 1331
f 3455 1285 1329
f 3790 1285 3455
f 1285 3790 4651
f 3775 1286 3051
f 3622 1286 3621
f 3455 1286 3775
f 1286 3622 3082
f 1286 3082 3051
f 1329 1370 1286
f 1370 3621 1286
f 1286 3455 1329
f 1287 3622 3621
f 3945 1287 3621
f 3082 1287 2874
f 3622 1287 3082
f 1288 2778 4199
f 3747 1288 3406
f 1288 3747 4513
f 2888 1288 3953
f 2778 1288 2888
f 3406 1288 2779
f 3953 1288 3616
f 1288 4199 2779
f 1288 4513 3616
f 3354 1289 3706
f 3362 1289 3361
f 1289 3354 4598
f 3706 1289 3282
f 1289 3362 4647
f 1289 4598 3361
f 1289 4647 3282
f 3693 1290 3692
f 1290 3693 4572
f 4107 1290 3785
f 3967 1290 3642
f 3692 1290 2910
f 2910 1290 3967
f 3642 1290 4107
f 1290 4572 3785
f 4072 1291 3915
f 1291 3785 4572
f 1291 3954 4594
f 1291 4072 4638
f 1291 4572 3954
f 1291 4594 3915
f 1291 4638 3785
f 1292 3360 4203
f 1292 3179 4206
f 3281 1292 3361
f 1292 3281 4600
f 1292 3180 4642
f 1292 4203 3361
f 1292 4206 3180
f 1292 4600 3179
f 1292 4642 3360
f 3694 1293 3693
f 1293 3357 4196
f 3629 1293 3524
f 3693 1293 3954
f 3954 1293 3636
f 4106 1293 3694
f 3357 1293 4106
f 3636 1293 3629
f 1293 4196 3524
f 1294 3937 4503
f 1294 3938 4593
f 3937 1294 3453
f 3101 1294 3279
f 1294 3101 4747
f 1294 4503 3938
f 1294 4593 3279
f 1294 4747 3453
f 2983 1295 3528
f 2782 1295 3180
f 1295 2871 4504
f 2871 1295 2782
f 3528 1295 2872
f 3454 1295 2983
f 3180 1295 3454
f 1295 4504 2872
f 1296 3696 4186
f 2898 1296 3695
f 3696 1296 3788
f 2906 1296 3087
f 3788 1296 3797
f 3797 1296 4105
f 1296 2898 4636
f 4105 1296 2906
f 1296 4186 3695
f 1296 4636 3087
f 3220 1297 3908
f 3908 1297 3909
f 1297 3956 4590
f 1297 3220 4632
f 3956 1297 3287
f 1297 4590 3909
f 1297 4632 3287
f 3908 1298 3221
f 2836 1298 3908
f 2844 1298 2836
f 2889 1298 3630
f 3630 1298 3464
f 3221 1298 2889
f 2909 1298 2844
f 3464 1298 2909
f 3056 1299 2869
f 1299 4094 4561
f 1299 3056 4622
f 1299 2918 4694
f 2918 1299 3641
f 1299 4561 2869
f 1299 4622 3641
f 1299 4694 4094
f 3628 1300 3627
f 1300 3638 4609
f 1300 3628 4610
f 1300 2909 4643
f 2909 1300 3460
f 1300 4609 3460
f 1300 4610 3638
f 1300 4643 3627
f 1301 3792 4611
f 1301 4103 4626
f 1301 3793 4631
f 1301 3797 4633
f 1301 4611 3793
f 1301 4626 3792
f 1301 4631 3797
f 1301 4633 4103
f 3948 1302 3949
f 3949 1302 3950
f 3950 1302 2897
f 3792 1302 3948
f 2897 1302 4101
f 4102 1302 3792
f 4101 1302 4102
f 1303 3277 4583
f 1303 2892 4584
f 2894 1303 2893
f 3277 1303 3466
f 1303 2894 4664
f 1303 4583 2892
f 1303 4584 2893
f 1303 4664 3466
f 1304 3076 4555
f 1304 3075 4556
f 3078 1304 3077
f 3278 1304 2892
f 2892 1304 3078
f 3076 1304 3278
f 1304 4555 3075
f 1304 4556 3077
f 3076 1305 3267
f 3638 1305 3459
f 3283 1305 3638
f 3459 1305 3284
f 1305 3076 4624
f 1305 3283 4688
f 1305 4624 3284
f 1305 4688 3267
f 3613 1306 3612
f 1306 3613 4522
f 1306 3634 4589
f 3963 1306 3257
f 1306 3963 4619
f 1306 4522 3257
f 1306 4589 3612
f 1306 4619 3634
f 1307 3892 4296
f 1307 3263 4527
f 3892 1307 3941
f 1307 3795 4613
f 3795 1307 3567
f 1307 4296 3567
f 1307 4527 3941
f 1307 4613 3263
f 1560 1310 1309
f 1598 1309 1389
f 1560 1309 1598
f 1515 1310 1560
f 1311 1516 1637
f 1395 1311 1637
f 1312 1602 1440
f 1312 1355 1601
f 1312 1601 1602
f 1483 1570 1313
f 1604 1313 1570
f 1314 1483 1313
f 1572 1315 1447
f 1572 1445 1315
f 1315 1319 1447
f 1318 1486 1316
f 1697 1316 1610
f 1697 1444 1316
f 1610 1316 1486
f 1360 1317 1358
f 1319 1448 1447
f 1319 1322 1448
f 1320 1359 1402
f 1404 1320 1402
f 1405 1321 1489
f 1448 1322 1406
f 1365 1322 3197
f 1322 1365 1406
f 1323 1410 1536
f 3071 1410 1323
f 1452 1323 1536
f 1452 1489 1323
f 1449 1454 1324
f 1361 1449 1324
f 3197 1325 1368
f 1326 3354 3705
f 3931 1326 3932
f 3932 1326 3918
f 4099 1326 3705
f 1411 1326 4099
f 3354 1326 3281
f 3281 1326 3931
f 3918 1326 1411
f 1327 1412 3069
f 3069 1330 1327
f 1330 3786 1327
f 1328 1329 1331
f 3779 1328 1331
f 1328 3779 4758
f 1450 1329 1328
f 1328 1414 1450
f 3802 1414 1328
f 3802 1328 4758
f 1370 1329 1450
f 3070 1330 3069
f 3786 1330 4110
f 1330 3070 4760
f 4110 1330 3114
f 1330 4760 3114
f 4098 1331 2882
f 3446 1331 4098
f 1331 4542 2882
f 3446 3779 1331
f 3915 1332 4073
f 3446 1332 3779
f 3636 1332 3915
f 1332 3636 4640
f 1332 3798 4652
f 3779 1332 3802
f 4073 1332 3446
f 1332 4640 3798
f 1332 4652 3802
f 1333 2865 4486
f 1333 2866 4569
f 1333 2888 4571
f 2888 1333 2887
f 2865 1333 3952
f 1333 4486 2866
f 1333 4569 2887
f 1333 4571 3952
f 3937 1334 3058
f 1334 3061 4509
f 3058 1334 3060
f 3061 1334 3068
f 3452 1334 3937
f 1334 3452 4670
f 3068 1334 3114
f 3114 1334 4112
f 1334 4509 3060
f 1334 4670 4112
f 3356 1335 3524
f 3534 1335 3356
f 4087 1335 4086
f 4088 1335 4087
f 4089 1335 4088
f 4090 1335 4089
f 4086 1335 3534
f 1335 4090 4570
f 1335 4570 3524
f 3206 1336 3205
f 3205 1336 3216
f 3243 1336 3242
f 1336 3243 4470
f 1336 3938 4503
f 3242 1336 3058
f 1336 3206 4593
f 1336 4470 3216
f 1336 4503 3058
f 1336 4593 3938
f 3205 1337 3207
f 3756 1337 3205
f 1337 3756 4502
f 3783 1337 3778
f 3956 1337 3783
f 1337 3956 4992
f 1337 4502 3778
f 1337 4992 3207
f 1338 3854 4183
f 3859 1338 3695
f 3935 1338 3936
f 3951 1338 3859
f 1338 2761 4591
f 3854 1338 3935
f 1338 3951 4734
f 1338 4183 2761
f 1338 4591 3695
f 1338 4734 3936
f 2822 1339 2821
f 3909 1339 2836
f 2836 1339 2822
f 2821 1339 2860
f 2881 1339 3783
f 2860 1339 2881
f 3783 1339 3909
f 3055 1340 3054
f 3054 1340 2867
f 2867 1340 3056
f 3079 1340 3055
f 1340 3079 4607
f 3056 1340 3637
f 1340 4607 3637
f 4037 1342 2822
f 1342 2844 4412
f 4096 1342 4095
f 4097 1342 4096
f 4095 1342 4037
f 3627 1342 4097
f 2844 1342 3627
f 1342 4412 2822
f 2815 1343 2816
f 1343 2815 4493
f 1343 3268 4559
f 1343 3633 4588
f 3633 1343 3612
f 1343 4493 3612
f 1343 4559 2816
f 1343 4588 3268
f 3696 1344 3859
f 3859 1344 3081
f 1344 3696 4596
f 3115 1344 3085
f 1344 3115 4991
f 1344 4596 3085
f 1344 4991 3081
f 1345 3166 4190
f 3166 1345 3948
f 3788 1345 3085
f 3948 1345 3793
f 1345 3788 4631
f 3085 1345 3167
f 1345 4190 3167
f 1345 4631 3793
f 1346 3372 4212
f 1346 4097 4563
f 1346 3628 4568
f 1346 3283 4610
f 3283 1346 3373
f 1346 4212 3373
f 1346 4563 3372
f 1346 4568 4097
f 1346 4610 3628
f 3039 1347 2851
f 1347 3924 4458
f 3924 1347 3933
f 1347 3618 4530
f 3618 1347 3039
f 1347 3923 4840
f 1347 4458 3923
f 1347 4530 3933
f 1347 4840 2851
f 1348 3258 4523
f 3260 1348 3259
f 3261 1348 3260
f 1348 3261 4558
f 3258 1348 2896
f 2896 1348 3950
f 1348 4523 3259
f 1348 4558 3950
f 3436 1349 3435
f 1349 3436 4523
f 1349 3078 4557
f 3078 1349 2893
f 2893 1349 2895
f 2895 1349 3258
f 1349 4523 3258
f 1349 4557 3435
f 1557 1350 1475
f 1351 1718 1773
f 1718 1351 1513
f 1352 1517 1392
f 1638 1478 1353
f 1928 1353 1813
f 1638 1353 1928
f 1353 1519 1813
f 1354 1436 1564
f 1520 1354 1749
f 1354 1564 1749
f 1601 1355 1520
f 1522 1401 1356
f 1521 1522 1356
f 1446 1607 1357
f 1357 1525 1402
f 1357 1607 1525
f 1402 1359 1357
f 1484 1360 1358
f 1360 1484 1646
f 1646 1611 1360
f 1360 1611 1449
f 1449 1361 1360
f 2208 1944 1362
f 1524 1363 1575
f 1403 1575 1363
f 1404 1364 2862
f 1533 1367 1364
f 1367 2862 1364
f 1404 1531 1364
f 1531 1533 1364
f 1365 3197 1368
f 1409 1365 1368
f 1406 1365 1488
f 1365 1409 1488
f 1535 1367 1533
f 1411 1367 1535
f 2862 1367 1411
f 1369 3427 3426
f 3427 1369 1371
f 3071 1369 1410
f 1369 3426 1410
f 1369 3448 1371
f 1407 1370 1450
f 1370 1407 3621
f 3448 1372 1371
f 1371 1372 2849
f 1371 2849 3427
f 2777 1372 2779
f 2812 1372 2777
f 1372 2812 4433
f 1372 4433 2849
f 1372 3448 2779
f 1373 1390 2461
f 3929 1374 3928
f 1374 4090 4512
f 4090 1374 3629
f 3629 1374 3798
f 1374 3929 4652
f 1374 4512 3928
f 1374 4652 3798
f 2778 1375 2777
f 2777 1375 3204
f 1375 3253 4511
f 3272 1375 2887
f 1375 2778 4599
f 3253 1375 3272
f 1375 4511 3204
f 1375 4599 2887
f 3179 1376 2782
f 1376 3441 4478
f 3441 1376 3931
f 2782 1376 3440
f 1376 3179 4600
f 1376 4478 3440
f 1376 4600 3931
f 3854 1377 2762
f 1377 3926 4460
f 1377 2866 4486
f 1377 3272 4569
f 3272 1377 3927
f 1377 3854 4690
f 1377 4460 3927
f 1377 4486 2762
f 1377 4569 2866
f 1377 4690 3926
f 1378 2857 4471
f 2857 1378 2880
f 1378 4086 4552
f 1378 3079 4560
f 3079 1378 3625
f 1378 4471 4086
f 1378 4552 3625
f 1378 4560 2880
f 3251 1379 2872
f 1379 3251 4505
f 1379 3626 4567
f 3274 1379 3273
f 3626 1379 3274
f 3273 1379 3252
f 1379 4505 3252
f 1379 4567 2872
f 1380 4037 4318
f 1380 2821 4477
f 3942 1380 3943
f 1380 3944 4540
f 4037 1380 3942
f 3944 1380 3930
f 1380 4318 2821
f 1380 4477 3930
f 1380 4540 3943
f 1381 3265 4534
f 3265 1381 3942
f 1381 3264 4562
f 1381 4095 4565
f 1381 4534 3264
f 1381 4562 4095
f 1381 4565 3942
f 1382 3444 4494
f 1382 3054 4495
f 1382 2868 4533
f 3444 1382 3447
f 1382 4494 3054
f 1382 4495 2868
f 1382 4533 3447
f 1383 3533 4212
f 3533 1383 3585
f 1383 3619 4531
f 3619 1383 3264
f 3264 1383 4096
f 4096 1383 3372
f 1383 4212 3372
f 1383 4531 3585
f 3533 1384 3373
f 3903 1384 3533
f 1384 3903 4455
f 3934 1384 3922
f 1384 3075 4555
f 3075 1384 3934
f 3373 1384 3267
f 1384 4455 3922
f 1384 4555 3267
f 3892 1385 3566
f 4065 1385 4064
f 1385 3892 4528
f 1385 4065 4529
f 1385 4528 4064
f 1385 4529 3566
f 3166 1386 3168
f 1386 3261 4525
f 3168 1386 3262
f 1386 3166 4554
f 3261 1386 3949
f 1386 4525 3262
f 1386 4554 3949
f 1387 3434 4444
f 3443 1387 3442
f 3442 1387 3934
f 3434 1387 3443
f 3934 1387 3077
f 1387 3435 4557
f 1387 4444 3435
f 1387 4557 3077
f 1388 1804 1476
f 1388 1635 1804
f 1389 1634 1717
f 1389 1717 1598
f 1391 1634 1389
f 1893 2461 1390
f 2338 1893 1390
f 1391 1719 1634
f 1719 1391 1477
f 1517 1748 1392
f 1435 1392 1844
f 1392 1748 1844
f 1393 2736 2666
f 1518 1393 2666
f 1396 1395 1600
f 1395 1637 1600
f 1396 1600 1566
f 1566 1398 1396
f 1397 1480 1519
f 1398 1566 1441
f 1571 1399 1606
f 1571 1400 1399
f 1399 1444 1606
f 1571 1482 1400
f 1573 1401 1522
f 1576 1402 1525
f 1402 1576 1531
f 1531 1404 1402
f 1574 1575 1403
f 1489 1532 1405
f 1486 1405 1527
f 1527 1405 1532
f 1448 1406 1530
f 1488 1530 1406
f 1455 1407 1450
f 1407 1455 1577
f 1577 1487 1407
f 1407 1487 1451
f 1407 3945 3621
f 1453 1407 1451
f 1407 1453 3945
f 1409 1408 1453
f 1408 3945 1453
f 1409 1453 1451
f 1451 1490 1409
f 1490 1488 1409
f 1537 1410 3426
f 1410 1537 1536
f 1411 1535 3234
f 1411 3234 3918
f 1411 4099 4574
f 2862 1411 4574
f 1412 1454 1534
f 1412 1534 3069
f 1534 1413 3069
f 3068 1413 3062
f 1413 3070 3069
f 3047 1413 1534
f 3070 1413 3068
f 1491 1413 3047
f 1491 3062 1413
f 3244 1414 3929
f 1450 1414 1492
f 1492 1414 3244
f 3929 1414 3802
f 3771 1415 3772
f 3061 1415 3771
f 1415 3062 3773
f 1415 3061 3068
f 1415 3773 3772
f 1415 3068 3062
f 1416 3425 4399
f 3242 1416 3424
f 3425 1416 3771
f 3771 1416 3060
f 1416 3242 4541
f 1416 4399 3424
f 1416 4541 3060
f 1417 3756 4354
f 1417 3216 4470
f 3046 1417 3045
f 3756 1417 3057
f 1417 3046 4508
f 3057 1417 3059
f 1417 4354 3216
f 1417 4470 3045
f 1417 4508 3059
f 3233 1418 3232
f 3232 1418 3247
f 3250 1418 3233
f 3057 1418 3778
f 3778 1418 2881
f 2881 1418 3250
f 3247 1418 3057
f 3926 1419 3438
f 3438 1419 3439
f 1419 3445 4497
f 3445 1419 3935
f 1419 3926 4690
f 1419 4497 3439
f 1419 4690 3935
f 2860 1420 3930
f 1420 3250 4500
f 3620 1420 3614
f 1420 2860 4539
f 1420 3620 4934
f 1420 4500 3614
f 1420 4539 3250
f 1420 4934 3930
f 2845 1421 2846
f 2846 1421 2855
f 3444 1421 3055
f 1421 2845 4536
f 1421 3444 4543
f 3055 1421 2880
f 1421 4536 2880
f 1421 4543 2855
f 1422 3609 4461
f 1422 3951 4566
f 3609 1422 3649
f 3951 1422 3659
f 3659 1422 3610
f 3649 1422 3081
f 1422 4461 3610
f 1422 4566 3081
f 3768 1423 3767
f 3777 1423 3768
f 3619 1423 3777
f 3265 1423 3619
f 1423 3265 4535
f 3767 1423 3943
f 1423 4535 3943
f 2816 1424 3897
f 3897 1424 3912
f 1424 3913 4410
f 3269 1424 2816
f 3273 1424 3269
f 3959 1424 3273
f 3913 1424 3959
f 1424 4410 3912
f 1425 3903 4349
f 4082 1425 4083
f 3903 1425 4084
f 1425 3777 4499
f 3777 1425 3585
f 4084 1425 4082
f 1425 4349 3585
f 1425 4499 4083
f 1426 2856 4462
f 1426 2858 4473
f 1426 2878 4532
f 2878 1426 3447
f 1426 2855 4543
f 2856 1426 2859
f 1426 4462 2855
f 1426 4473 2859
f 1426 4532 2858
f 1426 4543 3447
f 1427 3923 4458
f 1427 3246 4473
f 3246 1427 3241
f 1427 2858 4532
f 3923 1427 2879
f 1427 4458 3241
f 1427 4473 2858
f 1427 4532 2879
f 3897 1428 2815
f 3428 1428 3897
f 1428 3428 4456
f 3249 1428 3437
f 1428 3613 4493
f 3613 1428 3249
f 1428 4456 3437
f 1428 4493 2815
f 3168 1429 3167
f 1429 3607 4454
f 3607 1429 3168
f 3649 1429 3608
f 1429 3115 4762
f 3115 1429 3649
f 1429 4454 3608
f 1429 4762 3167
f 1430 4065 4404
f 1430 4069 4407
f 4069 1430 4071
f 4071 1430 4066
f 1430 4070 4488
f 4065 1430 3617
f 3617 1430 3933
f 1430 4404 4066
f 1430 4407 4070
f 1430 4488 3933
f 1431 4066 4404
f 2854 1431 3437
f 1431 2854 4457
f 1431 3248 4492
f 3248 1431 3941
f 3941 1431 4064
f 1431 4404 4064
f 1431 4457 4066
f 1431 4492 3437
f 3042 1432 3041
f 1432 3042 4451
f 3044 1432 3043
f 3607 1432 3044
f 3041 1432 3260
f 3260 1432 3262
f 1432 3607 4526
f 1432 4451 3043
f 1432 4526 3262
f 3434 1433 3436
f 3238 1433 3237
f 3237 1433 3239
f 3240 1433 3238
f 3041 1433 3240
f 3239 1433 3434
f 3436 1433 3259
f 3259 1433 3041
f 1434 2211 2470
f 2341 1434 2470
f 1435 1844 1635
f 1564 1436 1633
f 1437 1515 1775
f 1690 1479 1437
f 1437 1775 1892
f 1690 1437 1892
f 1438 2062 2211
f 1439 1568 1692
f 1439 1846 1477
f 1809 1846 1439
f 1809 1439 1692
f 1440 1602 1814
f 1603 1441 1566
f 1644 1441 1603
f 1442 1605 1695
f 1721 1442 1695
f 1721 1567 1442
f 1445 1605 1442
f 1443 1569 1521
f 1444 1697 1606
f 1445 1572 1605
f 1482 1608 1446
f 1446 1608 1607
f 1447 1649 1572
f 1448 1649 1447
f 1649 1448 1613
f 1613 1448 1530
f 1651 1449 1611
f 1449 2793 3403
f 1449 1651 2793
f 3403 1454 1449
f 1492 1455 1450
f 1451 1487 1529
f 1529 1490 1451
f 1452 1616 1655
f 1655 1532 1452
f 1452 1532 1489
f 1616 1452 1536
f 1454 3403 1534
f 1455 1539 1577
f 3911 1539 1455
f 1455 1492 3911
f 3234 1456 3918
f 1456 3227 4437
f 3441 1456 3235
f 1456 3441 4480
f 3226 1456 3234
f 1456 3932 3918
f 1456 3226 3227
f 1456 4437 3235
f 1456 4480 3932
f 2792 1457 2791
f 2842 1457 2792
f 3928 1457 3244
f 2873 1457 4089
f 4089 1457 3928
f 3244 1457 2842
f 1457 2873 4579
f 1457 4579 2791
f 1459 3741 4297
f 3760 1459 3742
f 3741 1459 4088
f 1459 2873 4510
f 1459 3760 4579
f 1459 4297 3742
f 1459 4510 4088
f 1459 4579 2873
f 1460 3920 4436
f 3920 1460 3235
f 1460 3919 4439
f 3235 1460 3440
f 2871 1460 3251
f 3251 1460 3921
f 1460 2871 4506
f 1460 4436 3919
f 1460 4439 3921
f 1460 4506 3440
f 1461 2812 4292
f 1461 4042 4348
f 4061 1461 4041
f 1461 4078 4427
f 1461 4061 4433
f 4078 1461 3204
f 1461 4292 3204
f 1461 4348 4041
f 1461 4427 4042
f 1461 4433 2812
f 1462 2847 4425
f 4078 1462 2848
f 3438 1462 3927
f 2847 1462 3438
f 1462 4078 4511
f 1462 3253 4657
f 1462 4425 2848
f 1462 4511 3253
f 1462 4657 3927
f 3422 1463 3423
f 3423 1463 3424
f 1463 3243 4464
f 3243 1463 3045
f 1463 3422 4474
f 1463 4464 3424
f 1463 4474 3045
f 3591 1464 3590
f 1464 3422 4398
f 3590 1464 3599
f 3603 1464 3602
f 1464 3591 4465
f 3422 1464 3046
f 3046 1464 3603
f 1464 4398 3599
f 1464 4465 3602
f 3762 1465 3761
f 3761 1465 3603
f 3247 1465 3770
f 3770 1465 3762
f 1465 3059 4508
f 1465 3247 4544
f 1465 4508 3603
f 1465 4544 3059
f 1466 4033 4297
f 1466 2845 4418
f 4033 1466 4077
f 2857 1466 4087
f 1466 3741 4507
f 2845 1466 2857
f 4077 1466 4076
f 1466 4297 3741
f 1466 4418 4076
f 1466 4507 4087
f 1467 3387 4249
f 3387 1467 3430
f 3432 1467 3233
f 3430 1467 3432
f 3233 1467 3614
f 3614 1467 3388
f 1467 4249 3388
f 3586 1468 3587
f 3587 1468 3600
f 3600 1468 3604
f 3604 1468 3921
f 1468 3252 4505
f 1468 3959 4604
f 3959 1468 3586
f 1468 4505 3921
f 1468 4604 3252
f 3883 1469 3882
f 3882 1469 3388
f 3917 1469 3883
f 3767 1469 3925
f 3925 1469 3917
f 3388 1469 3620
f 3944 1469 3767
f 3620 1469 3944
f 1470 4074 4417
f 3445 1470 4075
f 1470 3445 4501
f 3659 1470 3936
f 4074 1470 3659
f 1470 4417 4075
f 1470 4501 3936
f 3712 1471 3711
f 3750 1471 3712
f 1471 3750 4452
f 3925 1471 3768
f 3711 1471 3925
f 3768 1471 4083
f 1471 4452 4083
f 3894 1472 3895
f 3895 1472 3914
f 3246 1472 2859
f 1472 3246 4515
f 1472 3894 4577
f 1472 4515 3914
f 1472 4577 2859
f 3606 1473 3605
f 4084 1473 3922
f 3605 1473 3611
f 3442 1473 3606
f 1473 3442 4490
f 1473 4084 4553
f 1473 4490 3922
f 1473 4553 3611
f 4081 1474 3606
f 1474 4081 4448
f 1474 3443 4489
f 1474 3239 4491
f 1474 4448 3239
f 1474 4489 3606
f 1474 4491 3443
f 1803 1557 1475
f 1632 1840 1475
f 1803 1475 1840
f 1889 1632 1476
f 1804 1889 1476
f 1808 1719 1477
f 1477 1846 1808
f 1513 1478 1638
f 1479 1690 1565
f 1519 1480 1813
f 1849 1813 1480
f 1480 1567 1781
f 1849 1480 1781
f 1571 1608 1482
f 1483 1524 1570
f 1644 1646 1484
f 2468 2057 1485
f 2585 2468 1485
f 1514 2585 1485
f 1610 1486 1723
f 1527 1723 1486
f 1612 1529 1487
f 1577 1612 1487
f 1488 1490 1530
f 1530 1490 1529
f 3773 1491 3774
f 1491 3047 3405
f 3062 1491 3773
f 1491 3405 3774
f 1492 2842 3911
f 1492 4521 2842
f 1492 3244 4521
f 3427 1493 3426
f 1493 4061 4402
f 4061 1493 2849
f 4060 1493 4062
f 3426 1493 4060
f 1493 4402 4062
f 1493 3427 2849
f 3423 1494 3599
f 3425 1494 3423
f 1494 2841 4400
f 1494 3425 4479
f 2841 1494 3773
f 3773 1494 3772
f 1494 4400 3599
f 1494 4479 3772
f 3225 1495 3224
f 1495 3762 4422
f 1495 3225 4428
f 3231 1495 3230
f 3245 1495 3231
f 3762 1495 3245
f 1495 4422 3224
f 1495 4428 3230
f 3415 1496 3416
f 3416 1496 3417
f 1496 3919 4436
f 3604 1496 3433
f 3919 1496 3604
f 1496 3415 4724
f 1496 4436 3417
f 1496 4724 3433
f 1497 3597 4391
f 3597 1497 4075
f 2847 1497 3601
f 1497 3598 4432
f 1497 2847 4467
f 4075 1497 3439
f 1497 4391 3598
f 1497 4432 3601
f 1497 4467 3439
f 1498 3432 4430
f 3769 1498 3245
f 3770 1498 3232
f 1498 3770 4476
f 1498 3769 4498
f 1498 4430 3232
f 1498 4476 3245
f 1498 4498 3432
f 1499 3386 4248
f 3387 1499 3882
f 1499 3387 4424
f 3386 1499 3431
f 1499 4248 3882
f 1499 4424 3431
f 2833 1500 2834
f 2840 1500 2839
f 1500 2840 4389
f 3597 1500 2833
f 1500 3597 4417
f 2839 1500 3610
f 1500 4074 4977
f 1500 4389 2834
f 1500 4417 4074
f 1500 4977 3610
f 1501 2987 4213
f 1501 2994 4223
f 2994 1501 3037
f 1501 3917 4420
f 3917 1501 3711
f 1501 4213 3711
f 1501 4223 2987
f 1501 4420 3037
f 1502 3894 4302
f 3571 1502 3572
f 3572 1502 3570
f 2846 1502 4076
f 2856 1502 2846
f 3894 1502 2856
f 1502 3571 4800
f 1502 4302 3570
f 1502 4800 4076
f 4047 1503 4048
f 1503 4047 4406
f 1503 3428 4408
f 4048 1503 3912
f 4071 1503 4068
f 3428 1503 2854
f 2854 1503 4071
f 1503 4406 4068
f 1503 4408 3912
f 1504 2837 4387
f 2839 1504 2838
f 2853 1504 3044
f 3044 1504 3608
f 3609 1504 2839
f 1504 3609 4685
f 1504 2853 4995
f 1504 4387 2838
f 1504 4685 3608
f 1504 4995 2837
f 1505 3750 4329
f 3418 1505 3407
f 3419 1505 3418
f 3750 1505 4082
f 3611 1505 3419
f 4082 1505 3611
f 1505 4329 3407
f 3574 1506 3573
f 3592 1506 3574
f 1506 4070 4407
f 1506 3592 4413
f 3924 1506 3241
f 1506 3924 4488
f 3241 1506 3914
f 1506 4407 3573
f 1506 4413 3914
f 1506 4488 4070
f 2801 1507 2800
f 2800 1507 3419
f 3605 1507 4081
f 3237 1507 2801
f 4081 1507 3237
f 1507 3605 4487
f 1507 4487 3419
f 1508 3025 4322
f 1508 3040 4445
f 3040 1508 3043
f 1508 2853 4453
f 2853 1508 3024
f 1508 4322 3024
f 1508 4445 3025
f 1508 4453 3043
f 1509 3229 4409
f 3040 1509 3228
f 3229 1509 3240
f 1509 3042 4450
f 3042 1509 3040
f 1509 4409 3228
f 1509 4450 3240
f 1510 2801 4246
f 1510 3385 4360
f 1510 3429 4409
f 2801 1510 3238
f 1510 3229 4449
f 3429 1510 3413
f 1510 4246 3385
f 1510 4360 3413
f 1510 4409 3229
f 1510 4449 3238
f 1906 1718 1513
f 1513 1638 1906
f 1514 2012 2211
f 2211 2585 1514
f 1870 1515 1560
f 1870 1924 1515
f 1927 1775 1515
f 1927 1515 1924
f 1637 1516 1777
f 1516 1891 1777
f 1871 1516 1687
f 1871 1891 1516
f 1720 1748 1517
f 1518 2666 2718
f 2718 2709 1518
f 1518 2709 2744
f 1520 1779 1601
f 1810 1520 1749
f 1810 1779 1520
f 1696 1522 1521
f 1816 1696 1521
f 1569 1694 1521
f 1521 1694 1816
f 1522 1725 1573
f 1522 1785 1725
f 1522 1696 1785
f 1523 2728 2722
f 1523 1818 2728
f 1524 1784 1570
f 1784 1524 1699
f 1575 1699 1524
f 1650 1576 1525
f 1607 1650 1525
f 1723 1527 1615
f 1615 1527 1532
f 2026 2157 1528
f 1529 1612 1698
f 1529 1698 1648
f 1530 1529 1648
f 1613 1530 1648
f 3724 1533 1531
f 3724 1531 1576
f 1655 1615 1532
f 3397 1533 3724
f 3397 1535 1533
f 1579 3047 1534
f 1654 1579 1534
f 1534 3403 1654
f 3234 1535 3398
f 1535 3397 3398
f 1616 1536 3181
f 1536 1537 3181
f 1537 3426 4060
f 3757 1537 4060
f 1537 3757 3899
f 1537 3899 3181
f 1538 3405 4034
f 3774 1538 2841
f 1538 3774 3405
f 1659 1538 4034
f 1538 1659 3411
f 3590 1538 3411
f 2841 1538 3590
f 3536 1539 2792
f 1539 3536 3564
f 2792 1539 3911
f 1539 3564 2811
f 1577 1539 2811
f 1540 3758 4372
f 3758 1540 3759
f 1540 3227 3226
f 3920 1540 3417
f 1540 3920 4437
f 1540 4372 3417
f 1540 3226 3759
f 1540 4437 3227
f 4057 1541 4056
f 3224 1541 4057
f 4058 1541 4059
f 4056 1541 4058
f 3761 1541 3224
f 1541 3761 4434
f 4085 1541 3602
f 4059 1541 4085
f 1541 4434 3602
f 1542 3193 4240
f 1542 3214 4348
f 1542 3223 4393
f 3601 1542 2848
f 1542 4042 4427
f 3214 1542 3194
f 3223 1542 3601
f 1542 4240 3194
f 1542 4348 4042
f 1542 4393 3193
f 1542 4427 2848
f 3408 1543 3409
f 3420 1543 4057
f 1543 3225 4394
f 3225 1543 3408
f 1543 3449 4545
f 3449 1543 3420
f 1543 4394 4057
f 1543 4545 3409
f 3430 1544 3431
f 1544 3764 4426
f 3764 1544 3231
f 3231 1544 3769
f 3431 1544 3763
f 3769 1544 3430
f 1544 4426 3763
f 1545 3408 4347
f 1545 3902 4392
f 3764 1545 3910
f 3408 1545 3230
f 1545 3764 4429
f 1545 4347 3902
f 1545 4392 3910
f 1545 4429 3230
f 3033 1546 2833
f 1546 3033 4370
f 1546 3598 4391
f 3223 1546 3038
f 3038 1546 3034
f 1546 3223 4432
f 1546 4370 3034
f 1546 4391 2833
f 1546 4432 3598
f 3386 1547 3883
f 1547 3222 4390
f 3222 1547 3910
f 3883 1547 3037
f 3910 1547 3763
f 1547 3386 4472
f 1547 4390 3037
f 1547 4472 3763
f 3720 1548 3719
f 1548 3720 4338
f 3600 1548 3753
f 1548 3600 4438
f 3719 1548 3433
f 1548 4338 3753
f 1548 4438 3433
f 4038 1549 3753
f 1549 4038 4339
f 3587 1549 4046
f 4046 1549 4039
f 1549 3587 4415
f 1549 4339 4039
f 1549 4415 3753
f 1550 2253 1851
f 2165 2253 1550
f 2029 2165 1550
f 4046 1551 3586
f 4048 1551 3412
f 1551 3414 4363
f 3414 1551 4046
f 3913 1551 4048
f 1551 3913 4980
f 1551 4363 3412
f 1551 4980 3586
f 1552 4047 4357
f 1552 4052 4362
f 4052 1552 3412
f 4067 1552 4051
f 4047 1552 4067
f 1552 4357 3412
f 1552 4362 4051
f 3573 1553 3404
f 1553 3421 4386
f 3421 1553 4067
f 4067 1553 4068
f 4069 1553 3573
f 1553 4069 4411
f 1553 4386 3404
f 1553 4411 4068
f 1554 3579 4322
f 3579 1554 3588
f 1554 3596 4380
f 3429 1554 3228
f 1554 3025 4445
f 1554 3429 4686
f 1554 4322 3025
f 1554 4380 3588
f 1554 4445 3228
f 1554 4686 3596
f 2800 1555 3385
f 4050 1555 4049
f 1555 4050 4360
f 4055 1555 3418
f 3418 1555 2800
f 1555 4055 4912
f 1555 4360 3385
f 1555 4912 4049
f 1803 1746 1557
f 1633 1557 1746
f 1558 2780 2166
f 1558 2032 2780
f 2976 2032 1558
f 2773 2031 1559
f 1559 2766 2773
f 2255 1559 2031
f 2490 1559 2593
f 1559 2255 2593
f 2490 2168 1559
f 2168 3861 1559
f 1842 1560 1598
f 1560 1842 1988
f 1560 1988 1870
f 1866 1561 3855
f 2170 1561 1866
f 2170 2256 1561
f 1562 4017 4019
f 1562 4019 1869
f 3858 1563 3165
f 3165 1563 3353
f 1563 2972 3353
f 1747 1749 1564
f 1633 1747 1564
f 1565 1690 1778
f 1642 1565 1778
f 1815 1566 1600
f 1603 1566 1815
f 1721 1781 1567
f 1692 1568 1812
f 1812 1568 1780
f 1780 1568 1604
f 1569 1642 1694
f 1604 1570 1750
f 1750 1570 1784
f 1751 1608 1571
f 1571 1606 1751
f 1649 1605 1572
f 1725 1699 1573
f 1574 1573 1699
f 1575 1574 1699
f 1653 1576 1650
f 1653 3724 1576
f 1577 1657 1652
f 1612 1577 1652
f 1657 1577 2811
f 1757 1578 3398
f 3759 1578 3035
f 3226 1578 3759
f 1578 3226 3234
f 1578 3234 3398
f 1704 1578 1757
f 1704 3035 1578
f 3047 1579 3405
f 1579 1656 3405
f 1656 1579 1654
f 1580 3536 4220
f 3020 1580 3021
f 3031 1580 3030
f 3536 1580 3020
f 3030 1580 3760
f 3021 1580 3031
f 3760 1580 2791
f 1580 4220 2791
f 3214 1581 4041
f 1581 3215 3410
f 3757 1581 1660
f 4041 1581 4062
f 3215 1581 3214
f 1581 3757 4060
f 1581 3410 1660
f 1581 4060 4062
f 1582 1662 3359
f 1582 3591 3590
f 1662 1582 3411
f 3591 1582 4085
f 4085 1582 3359
f 1582 3590 3411
f 1583 4059 4468
f 1583 4468 3359
f 1662 1663 1583
f 1662 1583 3359
f 1584 1583 1663
f 1584 4397 1583
f 4059 1583 4397
f 1584 3007 4373
f 1584 4058 4397
f 4058 1584 3036
f 1584 1663 3007
f 1584 4373 3036
f 4033 1585 3742
f 3030 1585 3584
f 1585 3589 4371
f 1585 3030 4396
f 1585 4033 4423
f 1585 4371 3584
f 1585 4396 3742
f 1585 4423 3589
f 3719 1586 3718
f 3752 1586 3751
f 3751 1586 3754
f 1586 3415 4366
f 3415 1586 3719
f 1586 3752 4842
f 1586 4366 3754
f 1586 4842 3718
f 1587 3571 4305
f 3029 1587 3017
f 1587 3029 4371
f 1587 3589 4423
f 3571 1587 4077
f 1587 4305 3017
f 1587 4371 3589
f 1587 4423 4077
f 3177 1588 3176
f 2994 1588 3183
f 3183 1588 3192
f 3409 1588 3902
f 3192 1588 3219
f 3222 1588 2994
f 3902 1588 3222
f 3176 1588 3409
f 3219 1588 3177
f 1589 3580 4332
f 1589 3581 4340
f 1589 3033 4365
f 3033 1589 3582
f 3580 1589 2834
f 1589 4332 3581
f 1589 4340 3582
f 1589 4365 2834
f 4022 1590 4021
f 3895 1590 3570
f 1590 4022 4330
f 1590 3592 4376
f 1590 3895 4413
f 1590 4330 3570
f 1590 4376 4021
f 1590 4413 3592
f 1591 2794 4225
f 3580 1591 2795
f 1591 2832 4352
f 2832 1591 2838
f 1591 2840 4388
f 1591 3580 4389
f 1591 4225 2795
f 1591 4352 2794
f 1591 4388 2838
f 1591 4389 2840
f 2987 1592 3712
f 3183 1592 2987
f 3191 1592 3183
f 3712 1592 3407
f 3217 1592 3191
f 1592 4055 4381
f 4055 1592 3217
f 1592 4381 3407
f 1594 2991 4219
f 3404 1594 3574
f 2991 1594 3027
f 3027 1594 3028
f 3028 1594 3032
f 3574 1594 4021
f 3032 1594 3404
f 1594 4219 4021
f 3210 1595 3211
f 3218 1595 4051
f 3032 1595 3210
f 3421 1595 3032
f 3211 1595 3218
f 1595 3421 4405
f 1595 4405 4051
f 1596 3390 4250
f 3579 1596 3024
f 2832 1596 3389
f 1596 3579 4358
f 1596 2832 4387
f 1596 2837 4995
f 1596 4250 3389
f 1596 4358 3390
f 1596 4387 2837
f 1596 4995 3024
f 2824 1597 2823
f 1597 2825 4325
f 2823 1597 2826
f 2825 1597 4050
f 4050 1597 3413
f 1597 2824 4380
f 1597 3596 4686
f 1597 4325 2826
f 1597 4380 3596
f 1597 4686 3413
f 1717 1923 1598
f 1842 1598 1923
f 1600 1637 1777
f 1811 1600 1777
f 1811 1815 1600
f 1908 1601 1779
f 1601 1872 1602
f 1601 1908 1872
f 1602 1872 1814
f 1603 1850 1782
f 1603 1815 1850
f 1644 1603 1782
f 1750 1780 1604
f 1605 1649 1695
f 1820 1751 1606
f 1819 1820 1606
f 1606 1697 1819
f 1607 1608 1822
f 1787 1607 1822
f 1787 1650 1607
f 1822 1608 1852
f 1608 1751 1852
f 1610 1722 1697
f 1722 1610 1723
f 1724 1611 1646
f 1611 1724 1651
f 1612 1652 1700
f 1698 1612 1700
f 1649 1613 1648
f 1615 1655 1789
f 1615 1789 1788
f 1788 1723 1615
f 1655 1616 1701
f 3022 1616 3899
f 3899 1616 3181
f 1616 3022 1701
f 3724 1617 3397
f 3397 1617 1757
f 1828 1617 1653
f 1757 1617 2799
f 1617 1828 2799
f 1653 1617 3724
f 1618 3722 4231
f 3754 1618 3723
f 3416 1618 3754
f 1618 3416 4372
f 1618 3758 3759
f 3722 1618 3035
f 1618 4231 3723
f 1618 4372 3758
f 1618 3759 3035
f 1619 3878 4235
f 1663 1619 3007
f 1619 3907 4373
f 3907 1619 3879
f 1619 4235 3879
f 1619 1663 3878
f 1619 4373 3007
f 3907 1620 3036
f 4053 1620 3907
f 4056 1620 3420
f 1620 4053 4403
f 1620 4056 4421
f 3420 1620 4063
f 1620 4403 4063
f 1620 4421 3036
f 2797 1621 3879
f 1621 2797 4311
f 1621 4053 4374
f 4053 1621 2817
f 1621 4311 2817
f 1621 4374 3879
f 1622 3527 4201
f 3576 1622 2817
f 1622 3576 4345
f 2817 1622 4063
f 3449 1622 3176
f 1622 3449 4575
f 1622 4201 3176
f 1622 4345 3527
f 1622 4575 4063
f 1623 3880 4240
f 1623 3898 4310
f 1623 3193 4393
f 3916 1623 3038
f 1623 3916 4419
f 1623 4240 3193
f 1623 4310 3880
f 1623 4393 3038
f 1623 4419 3898
f 2789 1624 2790
f 2790 1624 2807
f 1624 2829 4343
f 1624 2789 4367
f 3219 1624 2835
f 2829 1624 2901
f 2901 1624 3219
f 1624 4343 2807
f 1624 4367 2835
f 1625 3720 4226
f 1625 3189 4230
f 3190 1625 3188
f 3212 1625 3213
f 3720 1625 4038
f 4038 1625 3190
f 3189 1625 3212
f 3213 1625 3718
f 1625 4226 3718
f 1625 4230 3188
f 3562 1626 3563
f 3563 1626 3582
f 1626 3562 4341
f 3582 1626 3034
f 1626 3916 4416
f 3916 1626 3583
f 1626 4341 3583
f 1626 4416 3034
f 3877 1627 3190
f 1627 3877 4335
f 3190 1627 4039
f 4052 1627 3218
f 3414 1627 4052
f 1627 3414 4368
f 3218 1627 3901
f 1627 4335 3901
f 1627 4368 4039
f 3192 1628 3191
f 1628 2828 4331
f 3191 1628 2827
f 2828 1628 2835
f 1628 3192 4369
f 1628 4331 2827
f 1628 4369 2835
f 3568 1629 3569
f 2825 1629 3568
f 3569 1629 2827
f 1629 2825 4359
f 1629 3217 4361
f 3217 1629 4049
f 1629 4359 4049
f 1629 4361 2827
f 3709 1630 3708
f 1630 3709 4300
f 3708 1630 3744
f 1630 3210 4327
f 3028 1630 3743
f 3210 1630 3028
f 1630 4300 3743
f 1630 4327 3744
f 1631 3198 4250
f 3198 1631 3208
f 3208 1631 3209
f 1631 2824 4319
f 3588 1631 3390
f 2824 1631 3588
f 1631 4250 3390
f 1631 4319 3209
f 1632 1889 1840
f 1633 1746 1807
f 1747 1633 1807
f 1634 1719 1805
f 1634 1805 1717
f 1804 1635 1945
f 1635 1844 1965
f 1945 1635 1965
f 1978 1906 1638
f 1928 1978 1638
f 1639 1944 1806
f 1806 1776 1639
f 1694 1642 1778
f 1646 1644 1724
f 1724 1644 1782
f 2285 1645 2107
f 1647 2105 3182
f 1752 1695 1648
f 1698 1752 1648
f 1649 1648 1695
f 1853 1650 1787
f 1825 1653 1650
f 1825 1650 1853
f 1651 1727 1754
f 1754 2793 1651
f 1727 1651 1724
f 1652 1657 1729
f 1652 1729 1700
f 1828 1653 1825
f 2793 1654 3403
f 1728 1654 2793
f 1730 1656 1654
f 1730 1654 1728
f 1655 1701 1789
f 4034 1656 1702
f 3405 1656 4034
f 1656 1730 1702
f 1657 1658 1729
f 1658 1657 2811
f 3564 1658 2811
f 1705 1658 3020
f 3020 1658 3564
f 1658 1705 1729
f 2814 1659 1702
f 3411 1659 1661
f 1659 2814 1661
f 1659 4034 1702
f 1660 1758 3899
f 1660 3410 4401
f 3757 1660 3899
f 1660 4401 1758
f 1662 1661 2814
f 1662 3411 1661
f 1662 1703 1664
f 1703 1662 2814
f 1663 1662 1664
f 1664 3878 1663
f 4031 1670 1664
f 4031 1664 1703
f 1664 1670 3878
f 2808 1665 2809
f 2809 1665 2818
f 1665 2819 4316
f 2813 1665 2808
f 2819 1665 2813
f 2818 1665 3021
f 1665 4316 3021
f 2218 2358 1666
f 1666 2358 2121
f 3880 1667 3194
f 1667 3552 4271
f 3557 1667 3553
f 3575 1667 3880
f 3552 1667 3575
f 3215 1667 3410
f 3410 1667 3557
f 1667 3215 4431
f 1667 4271 3553
f 1667 4431 3194
f 3746 1668 3745
f 2818 1668 3746
f 3745 1668 3029
f 3584 1668 3031
f 3029 1668 3584
f 1668 2818 4550
f 1668 4550 3031
f 3876 1669 3723
f 3884 1669 3876
f 1669 3884 4274
f 3900 1669 3886
f 3751 1669 3900
f 1669 3751 4342
f 1669 4274 3886
f 1669 4342 3723
f 1670 2797 4235
f 1670 4031 4288
f 2797 1670 3576
f 3576 1670 4040
f 4040 1670 4032
f 1670 4235 3878
f 1670 4288 4032
f 1671 3900 4320
f 1671 3752 4333
f 1671 3023 4336
f 1671 3213 4842
f 1671 4320 3023
f 1671 4333 3900
f 1671 4336 3213
f 1671 4842 3752
f 1672 3395 4258
f 3402 1672 3394
f 3898 1672 3575
f 3575 1672 3402
f 3395 1672 3583
f 1672 3898 4419
f 1672 4258 3394
f 1672 4419 3583
f 3739 1673 3740
f 3740 1673 4032
f 1673 3755 4343
f 3755 1673 3739
f 1673 2829 4602
f 4032 1673 3791
f 1673 4343 2829
f 1673 4602 3791
f 3527 1674 3177
f 1674 3527 4345
f 2901 1674 3791
f 3791 1674 4040
f 1674 2901 4655
f 1674 4345 4040
f 1674 4655 3177
f 2991 1675 4022
f 3572 1675 3017
f 3019 1675 3018
f 3745 1675 3019
f 3026 1675 2991
f 4022 1675 3572
f 3017 1675 3745
f 3018 1675 3026
f 3543 1676 3188
f 1676 3877 4232
f 3559 1676 3560
f 1676 3543 4306
f 1676 3559 4335
f 1676 4232 3188
f 1676 4306 3560
f 1676 4335 3877
f 3717 1677 2795
f 1677 3717 4280
f 3563 1677 3738
f 1677 3581 4332
f 1677 3563 4340
f 1677 4280 3738
f 1677 4332 2795
f 1677 4340 3581
f 3014 1678 3559
f 3015 1678 3014
f 1678 3015 4304
f 3211 1678 3744
f 3559 1678 3901
f 1678 3211 4395
f 1678 4304 3744
f 1678 4395 3901
f 3535 1679 2789
f 1679 3535 4221
f 1679 3537 4301
f 2828 1679 3569
f 1679 2828 4367
f 1679 4221 3537
f 1679 4301 3569
f 1679 4367 2789
f 3891 1680 3890
f 1680 3743 4300
f 1680 3026 4326
f 1680 3027 4328
f 1680 3891 4481
f 1680 4300 3890
f 1680 4326 3027
f 1680 4328 3743
f 1680 4481 3026
f 1681 3717 4225
f 3003 1681 3002
f 3198 1681 3389
f 1681 3013 4278
f 3717 1681 3003
f 1681 3198 4298
f 3389 1681 2794
f 1681 4225 2794
f 1681 4278 3002
f 1681 4298 3013
f 3538 1682 3537
f 3558 1682 3538
f 1682 3568 4301
f 3578 1682 3558
f 3568 1682 2826
f 1682 3578 4356
f 1682 4301 3537
f 1682 4356 2826
f 3888 1683 3889
f 1683 3893 4299
f 3893 1683 3896
f 2823 1683 3209
f 1683 3578 4321
f 3896 1683 3888
f 3578 1683 2823
f 1683 4299 3209
f 1683 4321 3889
f 1686 2505 1685
f 1687 1774 1871
f 1688 2509 2612
f 2229 1691 1689
f 2123 2229 1689
f 1778 1690 1949
f 1690 1993 1949
f 1690 1892 1993
f 2508 1691 2229
f 1812 1809 1692
f 1720 1693 1930
f 1693 1814 1930
f 1816 1694 1910
f 1694 1778 1910
f 1695 1875 1721
f 1875 1695 1821
f 1695 1752 1821
f 1785 1696 1816
f 1722 1877 1697
f 1819 1697 1877
f 1698 1700 1752
f 1725 1784 1699
f 1700 1753 1752
f 1753 1700 1755
f 1755 1700 1729
f 1857 1789 1701
f 1701 1791 1857
f 1791 1701 3022
f 1702 1756 1731
f 1730 1756 1702
f 1731 2814 1702
f 1731 1703 2814
f 1731 1733 1703
f 1733 1734 1703
f 1737 1703 1734
f 1737 4031 1703
f 3035 1704 4029
f 4029 1704 1759
f 1704 3726 1759
f 1757 3726 1704
f 2819 1705 3020
f 1705 2819 2813
f 1705 1735 1729
f 2813 1735 1705
f 3722 1706 3876
f 3876 1706 4023
f 4024 1706 4029
f 1706 3722 4606
f 1706 4024 4023
f 1706 4606 4029
f 1707 3202 4289
f 2809 1707 3203
f 3202 1707 3019
f 1707 3746 4312
f 1707 2809 4313
f 1707 4289 3203
f 1707 4312 3019
f 1707 4313 3746
f 1708 3550 4268
f 1708 3554 4272
f 3554 1708 3886
f 3886 1708 3023
f 1708 3212 4336
f 3212 1708 3551
f 1708 4268 3551
f 1708 4272 3550
f 1708 4336 3023
f 1709 3872 4222
f 1709 3543 4230
f 3872 1709 3551
f 3543 1709 3873
f 1709 3189 4653
f 1709 4222 3873
f 1709 4230 3189
f 1709 4653 3551
f 4025 1710 3873
f 4028 1710 4027
f 4027 1710 4025
f 1710 4028 4275
f 3560 1710 3014
f 3014 1710 4030
f 3873 1710 3560
f 1710 4275 4030
f 3001 1711 3003
f 1711 3001 4247
f 3395 1711 3011
f 3003 1711 3738
f 1711 3562 4291
f 3562 1711 3395
f 3011 1711 3006
f 1711 4247 3006
f 1711 4291 3738
f 3556 1712 3555
f 1712 3891 4285
f 3202 1712 3556
f 1712 3202 4307
f 1712 3561 4441
f 3891 1712 3018
f 1712 4285 3561
f 1712 4307 3018
f 1712 4441 3555
f 1713 3709 4195
f 1713 3561 4285
f 3709 1713 3890
f 1713 3707 4323
f 3749 1713 3748
f 1713 3749 4441
f 1713 4195 3707
f 1713 4285 3890
f 1713 4323 3748
f 1713 4441 3561
f 1714 3707 4195
f 3887 1714 4030
f 1714 3015 4286
f 3015 1714 3708
f 1714 3887 4323
f 1714 4195 3708
f 1714 4286 4030
f 1714 4323 3707
f 3391 1715 3392
f 1715 3391 4278
f 1715 3013 4298
f 3893 1715 3208
f 1715 3893 4303
f 1715 4278 3013
f 1715 4298 3208
f 1715 4303 3392
f 3544 1716 3545
f 3545 1716 3549
f 1716 3558 4279
f 1716 3544 4283
f 3558 1716 3889
f 1716 4279 3549
f 1716 4283 3889
f 1963 1717 1943
f 1805 1943 1717
f 1963 1923 1717
f 1977 1773 1718
f 1977 1718 2011
f 1718 1906 2011
f 1805 1719 1925
f 1926 1925 1719
f 1719 1808 1926
f 1720 1948 1748
f 1948 1720 1930
f 1912 1721 1875
f 1932 1781 1721
f 1721 1912 1957
f 1957 1932 1721
f 1913 1877 1722
f 1854 1913 1722
f 1854 1722 1723
f 1788 1854 1723
f 1782 1817 1724
f 1817 1727 1724
f 1784 1725 1785
f 1823 1727 1874
f 1727 1817 1874
f 1786 1727 1823
f 1786 1754 1727
f 1754 1728 2793
f 1754 1730 1728
f 1755 1729 1827
f 1729 3546 1827
f 1729 1735 3546
f 1754 1823 1730
f 1730 1823 1826
f 1756 1730 1826
f 3384 1733 1731
f 3384 1731 1831
f 1831 1731 1756
f 2810 1733 1761
f 1733 3384 1761
f 1733 2810 1734
f 2810 1736 1734
f 1736 2806 1734
f 1737 1734 2806
f 3546 1735 3593
f 1762 1735 2813
f 1762 3593 1735
f 1736 3739 4281
f 3739 1736 2830
f 2843 1736 2810
f 1736 2843 4442
f 1736 4281 2806
f 1736 4442 2830
f 1737 2806 4281
f 4031 1737 3740
f 1737 4281 3740
f 3729 1738 3730
f 3731 1738 3729
f 1738 3731 4269
f 2807 1738 3737
f 3755 1738 2807
f 2830 1738 3755
f 3765 1738 2830
f 3730 1738 3765
f 1738 4269 3737
f 3853 1739 3852
f 3852 1739 3881
f 1739 3885 4264
f 3885 1739 3556
f 3556 1739 3203
f 3203 1739 2808
f 1739 3853 4377
f 1739 4264 3881
f 1739 4377 2808
f 1740 2974 4197
f 3005 1740 3004
f 3004 1740 2975
f 1740 3005 4271
f 2974 1740 3402
f 1740 3552 4314
f 1740 4197 2975
f 1740 4271 3552
f 1740 4314 3402
f 2974 1741 3358
f 1741 3381 4238
f 3011 1741 3394
f 1741 2974 4282
f 3381 1741 3011
f 1741 4238 3358
f 1741 4282 3394
f 2790 1742 3535
f 3535 1742 3538
f 3549 1742 3736
f 3736 1742 3737
f 3538 1742 3549
f 1742 2790 4287
f 1742 4287 3737
f 1743 2787 4216
f 1743 3001 4239
f 3001 1743 2802
f 2787 1743 3391
f 3391 1743 3002
f 2802 1743 2788
f 1743 4216 2788
f 1743 4239 3002
f 2787 1744 3375
f 1744 3382 4243
f 3375 1744 3383
f 1744 2787 4251
f 1744 3396 4267
f 3896 1744 3392
f 3396 1744 3896
f 1744 4243 3383
f 1744 4251 3392
f 1744 4267 3382
f 1745 3544 4242
f 3728 1745 3727
f 3396 1745 3728
f 3544 1745 3888
f 1745 3396 4334
f 3727 1745 3725
f 1745 4242 3725
f 1745 4334 3888
f 1905 1807 1746
f 1803 1905 1746
f 1749 1747 1807
f 1948 1992 1748
f 1992 1844 1748
f 1810 1749 1947
f 1749 1807 1991
f 1991 1947 1749
f 1750 1911 1780
f 1911 1750 1933
f 1750 1876 1933
f 1784 1876 1750
f 1879 1751 1820
f 1751 1879 1852
f 1752 1753 1824
f 1821 1752 1824
f 1824 1753 1755
f 1754 1786 1823
f 1755 1895 1824
f 1755 1827 1856
f 1755 1856 1895
f 1756 1826 1829
f 1829 1831 1756
f 1757 2799 3726
f 1757 3398 3397
f 1758 2775 1791
f 2775 1758 3557
f 1758 3022 3899
f 3022 1758 1791
f 3557 1758 4401
f 4024 1759 2992
f 1759 4024 4029
f 1759 1835 2992
f 1759 1792 1835
f 1792 1759 3726
f 2775 1760 1791
f 1834 1760 3195
f 1760 3196 3195
f 3196 1760 3005
f 3005 1760 3553
f 1760 2775 3557
f 1791 1760 1834
f 1760 3557 3553
f 1761 2843 2810
f 2843 1761 3765
f 3765 1761 3766
f 1761 3548 3766
f 1761 1790 3548
f 3384 1790 1761
f 3853 1762 2813
f 3852 3593 1762
f 3853 3852 1762
f 2992 1763 4023
f 1763 3184 4260
f 4023 1763 3884
f 3554 1763 3200
f 3884 1763 3554
f 1763 2992 3184
f 1763 4260 3200
f 1764 3547 4254
f 3547 1764 2803
f 2803 1764 3548
f 1764 3730 4443
f 3548 1764 3766
f 1764 4254 3730
f 1764 4443 3766
f 3872 1765 4025
f 3733 1765 3732
f 3734 1765 3200
f 3735 1765 3734
f 3732 1765 3735
f 4025 1765 3733
f 1765 3872 4268
f 3200 1765 3550
f 1765 4268 3550
f 3008 1766 3009
f 1766 3008 4264
f 1766 3885 4273
f 1766 3749 4324
f 3749 1766 3555
f 1766 4264 3885
f 1766 4273 3555
f 1766 4324 3009
f 1767 3369 4210
f 1767 3368 4241
f 1767 3733 4257
f 1767 4027 4266
f 1767 4210 3368
f 1767 4241 4027
f 1767 4257 3369
f 1767 4266 3733
f 3871 1768 3368
f 3875 1768 3874
f 3874 1768 3871
f 3368 1768 4028
f 1768 3875 4252
f 4028 1768 3887
f 3887 1768 3748
f 3748 1768 3009
f 1768 4252 3009
f 1769 2744 2729
f 2785 1770 2786
f 1770 2796 4233
f 3381 1770 2785
f 2802 1770 3006
f 2796 1770 2802
f 1770 3381 4605
f 1770 4233 2786
f 1770 4605 3006
f 3545 1771 3725
f 1771 3731 4255
f 3736 1771 3545
f 3731 1771 3736
f 3201 1771 3199
f 1771 3201 4378
f 1771 4255 3199
f 1771 4378 3725
f 3714 1772 3713
f 1772 3714 4243
f 1772 3728 4253
f 1772 3382 4267
f 1772 4243 3382
f 1772 4253 3713
f 1772 4267 3728
f 1977 2009 1773
f 2008 1774 1773
f 2009 2008 1773
f 1871 1774 2049
f 2078 1774 2008
f 2049 1774 2078
f 1775 1927 1892
f 1811 1777 1929
f 1891 1979 1777
f 1777 1979 1929
f 1778 1949 1954
f 1910 1778 1954
f 1779 1810 1947
f 1982 1779 1947
f 1908 1779 1982
f 1812 1780 1909
f 1909 1780 1956
f 1956 1780 1911
f 1932 1849 1781
f 1873 1782 1850
f 1782 1873 1817
f 1784 1785 1876
f 1816 1876 1785
f 1822 1896 1787
f 1896 1937 1787
f 1937 1939 1787
f 1787 1939 1853
f 1916 1854 1788
f 1788 1789 1916
f 1789 1882 1916
f 1882 1789 1857
f 2798 1790 1831
f 1831 1790 3384
f 3548 1790 2803
f 2803 1790 2798
f 1857 1791 1834
f 1792 1858 1835
f 1858 1792 1830
f 1830 1792 3726
f 3852 1793 3593
f 1833 1793 1862
f 1793 1833 3593
f 1793 3874 1862
f 1793 1796 3874
f 1796 1793 3852
f 1794 3184 2992
f 1835 1794 2992
f 1794 3734 4260
f 3734 1794 3347
f 1794 4260 3184
f 1794 1797 3347
f 2998 1797 1794
f 1835 2998 1794
f 1859 1795 2798
f 1795 1859 4293
f 1795 2803 2798
f 3525 1800 1795
f 2803 1795 4256
f 1800 4256 1795
f 3525 1795 4293
f 1796 3875 3874
f 1796 3008 4252
f 3008 1796 3881
f 1796 3852 3881
f 1796 4252 3875
f 1797 2998 2999
f 3347 1797 3735
f 3735 1797 4026
f 1797 2999 4026
f 1798 2995 2996
f 3196 1798 2996
f 1798 3196 4245
f 1798 3010 2995
f 3010 1798 3004
f 1798 4245 3004
f 3358 1799 2975
f 3374 1799 2785
f 2785 1799 3358
f 3010 1799 3393
f 1799 3010 4259
f 1799 3374 4315
f 1799 4259 2975
f 1799 4315 3393
f 3526 1800 3525
f 3547 1800 3729
f 3729 1800 3199
f 1800 3547 4256
f 1800 3526 4270
f 1800 4270 3199
f 1801 3526 4198
f 1801 2784 4214
f 2784 1801 2776
f 3727 1801 3713
f 3526 1801 3201
f 3201 1801 3727
f 1801 4198 2776
f 1801 4214 3713
f 3375 1802 2788
f 1802 3185 4227
f 3187 1802 3186
f 2796 1802 3187
f 3185 1802 3375
f 1802 2796 4375
f 1802 4227 3186
f 1802 4375 2788
f 2023 1905 1803
f 1840 2023 1803
f 1889 1804 2024
f 2064 2024 1804
f 1804 1945 2064
f 1805 1946 1943
f 1925 1946 1805
f 1807 1989 1991
f 1989 1807 1905
f 1926 1808 1966
f 1846 1966 1808
f 1894 1809 1812
f 1809 1894 1846
f 1950 1811 1929
f 1815 1811 1950
f 1909 1894 1812
f 1928 1813 1967
f 1967 1813 1952
f 1813 1849 1952
f 1814 1951 1930
f 1872 1951 1814
f 1815 1931 1850
f 1815 1950 1931
f 1816 1933 1876
f 1816 1910 1933
f 1874 1817 1873
f 2723 2720 1818
f 1818 2720 2719
f 1818 2719 2728
f 1934 1819 1877
f 1819 1934 1820
f 1972 1820 1934
f 1879 1820 1972
f 1824 1895 1821
f 1914 1875 1821
f 1895 1914 1821
f 1936 1896 1822
f 1936 1822 1852
f 1878 1823 1874
f 1823 1878 1880
f 1855 1823 1880
f 1826 1823 1855
f 1881 1825 1853
f 1825 1881 1828
f 1829 1826 1855
f 1856 1827 3531
f 3531 1827 3546
f 1828 1900 1830
f 1828 1881 1900
f 1828 1830 2799
f 1829 1883 1864
f 1855 1883 1829
f 1864 1831 1829
f 2799 1830 3726
f 1830 1900 1899
f 1858 1830 1899
f 1859 2798 1831
f 1864 1859 1831
f 1893 2338 1832
f 1990 1893 1832
f 1832 2341 1990
f 3531 1833 1860
f 1833 3531 3546
f 1833 3546 3593
f 1862 1860 1833
f 1834 2996 2993
f 2996 1834 3195
f 1857 1834 1882
f 1885 1882 1834
f 2993 1885 1834
f 1835 1858 2998
f 3369 1836 3871
f 2999 1836 4026
f 3000 1836 2999
f 3871 1836 3000
f 3732 1836 3369
f 4026 1836 3732
f 2996 1837 2993
f 3393 1837 2995
f 2986 1837 3393
f 1837 2996 2995
f 1867 1837 4211
f 1837 2986 4211
f 1867 1887 1837
f 1887 2993 1837
f 2986 1838 3370
f 1838 3371 3532
f 1838 3374 4215
f 3371 1838 3187
f 3187 1838 2786
f 3374 1838 2986
f 1838 3532 3370
f 1838 4215 2786
f 2784 1839 3714
f 1839 2784 4224
f 3185 1839 3541
f 3542 1839 3539
f 3541 1839 3542
f 3714 1839 3383
f 1839 3185 4244
f 1839 4224 3539
f 1839 4244 3383
f 1840 1889 2022
f 2023 1840 2104
f 1840 2022 2104
f 1841 2057 2468
f 1841 2468 2062
f 1923 2007 1842
f 1988 1842 2007
f 1992 1965 1844
f 1966 1846 1981
f 1894 1981 1846
f 2488 1847 2157
f 1983 1952 1849
f 2015 1849 1932
f 2015 1983 1849
f 1970 1850 1931
f 1971 1873 1850
f 1971 1850 1970
f 1851 2253 2380
f 1879 1936 1852
f 1853 1939 1897
f 1897 1881 1853
f 1916 1940 1854
f 1913 1854 1940
f 1855 1880 1898
f 1855 1898 1883
f 1856 1863 1902
f 1915 1895 1856
f 3531 1863 1856
f 1902 1915 1856
f 1861 1858 1899
f 1858 1861 2998
f 1859 1864 1886
f 1865 1859 1886
f 1859 1865 3525
f 1859 3525 4293
f 3721 1860 1862
f 1863 1860 3721
f 1863 3531 1860
f 1903 1861 1919
f 2998 1861 1903
f 1861 1899 1919
f 1862 3874 4237
f 1862 3000 3721
f 1862 4237 3000
f 1863 3000 2999
f 3000 1863 3721
f 1863 2999 1884
f 1884 1902 1863
f 1886 1864 1883
f 3525 1865 2776
f 2776 1865 3539
f 2997 1865 1886
f 1865 2997 4228
f 1865 4228 3539
f 1866 3861 2973
f 1866 2973 2170
f 3532 1867 3370
f 1867 3532 3540
f 1867 4211 3370
f 3379 1867 1904
f 1867 3540 1904
f 1887 1867 3379
f 3371 1868 3532
f 1868 3716 3540
f 3541 1868 3186
f 3532 1868 3540
f 1868 3371 4229
f 1868 3541 4236
f 1868 4229 3186
f 1868 4236 3716
f 2257 1869 4019
f 1869 2257 2976
f 1870 2063 1924
f 1870 1988 2063
f 1871 2050 1891
f 1871 2049 2050
f 1872 1999 1951
f 1908 1999 1872
f 1959 1874 1873
f 1971 1959 1873
f 1874 1959 1935
f 1874 1880 1878
f 1935 1880 1874
f 1875 1958 1912
f 1914 1958 1875
f 1913 2018 1877
f 1877 2018 1934
f 1986 1936 1879
f 1879 1972 1986
f 1935 1898 1880
f 1881 1961 1900
f 1961 1881 1897
f 1882 2990 1916
f 1921 2990 1882
f 1882 1885 1921
f 1883 1917 1920
f 1898 1917 1883
f 1901 1883 1920
f 1901 1886 1883
f 1903 1884 2998
f 2998 1884 2999
f 1902 1884 1903
f 1885 1887 3380
f 1887 1885 2993
f 1885 3380 1921
f 1886 1901 2997
f 3380 1887 3379
f 2997 1888 3542
f 3542 1888 3716
f 1888 3540 3716
f 1920 1904 1888
f 3540 1888 1904
f 1901 1920 1888
f 2997 1901 1888
f 1889 2154 2022
f 2143 2154 1889
f 1889 2024 2143
f 1979 1891 2050
f 2027 1892 1927
f 2027 1993 1892
f 1894 1909 2000
f 1894 2000 1998
f 1998 1981 1894
f 1915 1914 1895
f 1936 1937 1896
f 1997 1897 1939
f 1897 2019 1961
f 1997 2019 1897
f 1917 1898 1935
f 1900 1941 1899
f 1919 1899 1941
f 1941 1900 1975
f 1900 1961 1975
f 1903 1915 1902
f 1915 1903 1919
f 1922 1904 1920
f 1904 1922 3379
f 1905 2048 1989
f 2047 1905 2023
f 2048 1905 2047
f 2011 1906 2111
f 1906 1978 2111
f 1982 2054 1908
f 1999 1908 2054
f 2071 2000 1909
f 1956 2071 1909
f 1910 1954 1955
f 1933 1910 1955
f 1956 1911 1994
f 1911 1933 1994
f 1984 1912 1958
f 1957 1912 1984
f 2018 1913 2036
f 2004 2036 1913
f 1976 1913 1940
f 1913 1976 2004
f 1914 1915 1938
f 1914 1973 1958
f 1938 1973 1914
f 1938 1915 1941
f 1919 1941 1915
f 1916 1918 1940
f 2990 1918 1916
f 1922 1920 1917
f 1935 1922 1917
f 1987 1976 1918
f 1976 1940 1918
f 1918 2990 1974
f 1974 1987 1918
f 1921 1942 2990
f 3380 1942 1921
f 1922 1942 3380
f 1922 3380 3379
f 1962 1942 1922
f 1962 1922 1935
f 2082 1923 1963
f 1923 2082 2007
f 1924 2145 1927
f 2145 1924 2063
f 1926 1946 1925
f 1926 2066 1946
f 1966 2066 1926
f 2027 1927 2085
f 2145 2085 1927
f 1978 1928 2052
f 2051 1928 1967
f 1928 2051 2067
f 2067 2052 1928
f 2113 1929 1979
f 1929 2053 1950
f 2090 1929 2113
f 1929 2090 2053
f 1951 2014 1930
f 1930 2014 1948
f 1931 2070 2056
f 1950 2070 1931
f 1970 1931 2056
f 1932 1957 2015
f 1955 1994 1933
f 1934 2018 2038
f 1934 2003 1972
f 2038 2003 1934
f 1959 1960 1935
f 1935 1960 1962
f 2006 1937 1936
f 2021 2006 1936
f 1936 1986 2021
f 1939 1937 2005
f 1937 2006 2005
f 1938 1941 1973
f 1939 2005 1997
f 1941 1975 1973
f 2990 1942 1974
f 1962 1974 1942
f 2108 2106 1943
f 2108 1943 1946
f 1943 2082 1963
f 2082 1943 2176
f 2106 2176 1943
f 1945 1965 2064
f 2108 1946 2160
f 2160 1946 2066
f 1947 2089 1982
f 1947 1991 2089
f 2014 1992 1948
f 1954 1949 2001
f 2069 1949 1993
f 2132 1949 2069
f 2132 2001 1949
f 1950 2053 2070
f 1951 2091 2014
f 2091 1951 1999
f 1967 1952 2051
f 2055 2051 1952
f 2055 1952 1983
f 2001 1955 1954
f 2001 1994 1955
f 1956 1994 2114
f 2071 1956 2114
f 1957 2016 2015
f 1957 1984 2016
f 2002 1984 1958
f 1973 2002 1958
f 1971 1995 1959
f 1959 1995 1985
f 1959 1985 1960
f 1974 1962 1960
f 1960 1985 1974
f 1961 2019 2002
f 2002 1973 1961
f 1961 1973 1975
f 1964 2228 2227
f 2125 2228 1964
f 2146 2064 1965
f 2088 1965 1992
f 2146 1965 2088
f 2030 2066 1966
f 2030 1966 1981
f 1969 2732 2751
f 1969 2752 2732
f 1995 1971 1970
f 1970 2115 2035
f 2035 1995 1970
f 2115 1970 2173
f 1970 2056 2173
f 1986 1972 2020
f 1972 2003 2020
f 1974 1985 1987
f 1987 1996 1976
f 1996 2004 1976
f 1977 2011 2083
f 1977 2083 2009
f 2052 2111 1978
f 2113 1979 2050
f 2393 2532 1980
f 1998 2030 1981
f 1982 2089 2171
f 2054 1982 2171
f 2133 2055 1983
f 1983 2093 2133
f 2093 1983 2015
f 1984 2017 2016
f 2017 1984 2002
f 1987 1985 1996
f 1996 1985 1995
f 2021 1986 2020
f 1988 2007 2177
f 1988 2177 2063
f 2048 2128 1989
f 2128 2148 1989
f 2148 1991 1989
f 2341 2012 1990
f 2130 2089 1991
f 2130 1991 2148
f 2088 1992 2014
f 2069 1993 2027
f 2001 2114 1994
f 2004 1996 1995
f 2035 2004 1995
f 2005 2019 1997
f 2030 1998 2092
f 1998 2000 2092
f 2131 2091 1999
f 2131 1999 2054
f 2092 2000 2150
f 2150 2000 2071
f 2114 2001 2183
f 2132 2183 2001
f 2002 2019 2017
f 2003 2038 2075
f 2003 2075 2020
f 2035 2036 2004
f 2095 2019 2005
f 2095 2005 2039
f 2006 2039 2005
f 2021 2039 2006
f 2007 2082 2196
f 2177 2007 2196
f 2008 2099 2078
f 2099 2008 2009
f 2099 2009 2101
f 2009 2083 2101
f 2084 2083 2011
f 2111 2084 2011
f 2012 2470 2211
f 2012 2341 2470
f 2014 2180 2088
f 2014 2091 2180
f 2093 2015 2016
f 2072 2151 2016
f 2151 2093 2016
f 2016 2017 2072
f 2094 2072 2017
f 2017 2019 2073
f 2017 2073 2094
f 2018 2074 2038
f 2036 2074 2018
f 2073 2019 2095
f 2135 2020 2075
f 2020 2135 2136
f 2136 2021 2020
f 2021 2137 2039
f 2136 2137 2021
f 2022 2266 2104
f 2022 2154 2266
f 2023 2139 2047
f 2023 2104 2139
f 2024 2158 2143
f 2158 2024 2064
f 2025 2487 2163
f 2488 2157 2026
f 2027 2085 2199
f 2069 2027 2199
f 2162 2254 2028
f 2028 2254 2031
f 2166 2165 2029
f 2129 2066 2030
f 2129 2030 2092
f 2031 2254 2255
f 2032 2491 2780
f 2257 2032 2976
f 2032 2257 2491
f 2384 2033 2034
f 2033 2384 2259
f 2384 2034 2662
f 2256 2385 2034
f 2385 2662 2034
f 2035 2115 2116
f 2116 2036 2035
f 2036 2116 2074
f 3165 2037 4017
f 4017 2037 4019
f 2494 2037 3165
f 4019 2037 2595
f 2595 2037 2494
f 2038 2096 2075
f 2096 2038 2074
f 2039 2137 2117
f 2039 2117 2152
f 2039 2152 2095
f 2040 2041 2042
f 2042 2044 2040
f 2041 2040 2118
f 2119 2118 2040
f 2044 2045 2040
f 2077 2040 2045
f 2119 2040 2077
f 2041 2058 2059
f 2043 2041 2059
f 2041 2043 2042
f 2118 2058 2041
f 2044 2042 2045
f 2083 2045 2042
f 2101 2042 2043
f 2101 2083 2042
f 2059 2099 2043
f 2101 2043 2099
f 2081 2077 2045
f 2140 2081 2045
f 2124 2140 2045
f 2083 2084 2045
f 2084 2124 2045
f 2746 2046 3156
f 2734 2046 2746
f 2046 2734 2752
f 2048 2047 2142
f 2185 2142 2047
f 2139 2185 2047
f 2048 2178 2128
f 2048 2142 2159
f 2048 2159 2178
f 2049 2078 2122
f 2144 2049 2122
f 2050 2049 2144
f 2144 2147 2050
f 2050 2147 2113
f 2087 2067 2051
f 2051 2181 2087
f 2181 2051 2182
f 2182 2051 2055
f 2067 2111 2052
f 2090 2172 2053
f 2070 2053 2172
f 2131 2054 2171
f 2191 2055 2133
f 2055 2191 2182
f 2056 2204 2173
f 2056 2070 2204
f 2058 2118 2175
f 2058 2194 2059
f 2058 2175 2194
f 2059 2194 2097
f 2059 2097 2060
f 2060 2099 2059
f 2061 2060 2076
f 2060 2061 2078
f 2097 2076 2060
f 2078 2099 2060
f 2079 2061 2076
f 2061 2122 2078
f 2061 2079 2102
f 2102 2122 2061
f 2062 2585 2211
f 2585 2062 2468
f 2145 2063 2300
f 2177 2269 2063
f 2361 2063 2269
f 2063 2361 2300
f 2158 2064 2146
f 2065 2754 3851
f 2065 3851 3850
f 2065 3160 2754
f 2065 2753 3160
f 2129 2160 2066
f 2087 2112 2067
f 2124 2067 2112
f 2111 2067 2124
f 2199 2201 2069
f 2132 2069 2201
f 2070 2172 2202
f 2202 2204 2070
f 2233 2071 2203
f 2071 2214 2150
f 2233 2214 2071
f 2071 2114 2203
f 2072 2094 2134
f 2134 2151 2072
f 2095 2094 2073
f 2174 2096 2074
f 2174 2074 2116
f 2075 2192 2135
f 2192 2075 2096
f 2076 2098 2079
f 2076 2138 2098
f 2076 2097 2138
f 2195 2077 2081
f 2195 2119 2077
f 2098 2153 2079
f 2079 2153 2102
f 2758 2080 2757
f 2155 2080 2750
f 2080 2758 2750
f 2081 2223 2195
f 2081 2187 2223
f 2187 2081 2140
f 2176 2267 2082
f 2082 2267 2196
f 2084 2111 2124
f 2085 2145 2199
f 2087 2164 2112
f 2087 2198 2164
f 2198 2087 2181
f 2146 2088 2180
f 2089 2130 2232
f 2089 2232 2171
f 2113 2167 2090
f 2169 2090 2167
f 2090 2169 2172
f 2091 2131 2180
f 2129 2092 2200
f 2150 2214 2092
f 2092 2214 2200
f 2133 2093 2216
f 2247 2216 2093
f 2247 2093 2151
f 2095 2152 2094
f 2234 2094 2217
f 2094 2234 2134
f 2094 2152 2217
f 2192 2096 2249
f 2174 2249 2096
f 2194 2235 2097
f 2138 2097 2236
f 2236 2097 2235
f 2221 2098 2138
f 2221 2209 2098
f 2209 2153 2098
f 2103 2281 2100
f 2153 2186 2102
f 2122 2102 2186
f 2139 2104 2239
f 2104 2266 2239
f 2176 2106 2224
f 2224 2106 2108
f 2224 2108 2268
f 2268 2108 2301
f 2301 2108 2160
f 3377 2109 3869
f 3173 2110 2985
f 2774 2110 2977
f 2977 2110 3173
f 2112 2161 2140
f 2112 2164 2161
f 2140 2124 2112
f 2113 2147 2167
f 2183 2203 2114
f 2115 2173 2184
f 2115 2184 2116
f 2184 2174 2116
f 2117 2205 2152
f 2117 2137 2220
f 2205 2117 2220
f 2118 2207 2175
f 2222 2118 2119
f 2222 2207 2118
f 2119 2320 2222
f 2296 2119 2195
f 2119 2296 2320
f 2122 2186 2188
f 2122 2188 2144
f 2123 2225 2507
f 2507 2229 2123
f 2125 2126 2509
f 2126 2127 2509
f 2372 2612 2127
f 2127 2612 2509
f 2128 2178 2179
f 2148 2128 2179
f 2283 2160 2129
f 2283 2129 2286
f 2200 2286 2129
f 2367 2130 2322
f 2232 2130 2367
f 2130 2148 2322
f 2131 2212 2180
f 2171 2212 2131
f 2183 2132 2215
f 2215 2132 2201
f 2216 2191 2133
f 2234 2151 2134
f 2219 2135 2192
f 2219 2193 2135
f 2136 2135 2193
f 2193 2137 2136
f 2220 2137 2193
f 2138 2236 2221
f 2185 2139 2239
f 2161 2187 2140
f 2141 3152 3345
f 2141 3345 2757
f 2197 2159 2142
f 2142 2185 2197
f 2143 2270 2154
f 2158 2270 2143
f 2147 2144 2188
f 2145 2284 2199
f 2300 2284 2145
f 2212 2158 2146
f 2212 2146 2180
f 2167 2147 2188
f 2179 2342 2148
f 2148 2342 2322
f 2234 2247 2151
f 2217 2152 2205
f 2153 2209 2238
f 2153 2238 2240
f 2153 2240 2186
f 2339 2266 2154
f 2270 2339 2154
f 2750 2740 2155
f 2740 2755 2155
f 2270 2158 2212
f 2226 2178 2159
f 2197 2226 2159
f 2301 2160 2283
f 2226 2187 2161
f 2164 2226 2161
f 2487 2162 2163
f 2487 2590 2162
f 2590 2254 2162
f 2198 2226 2164
f 2165 2591 2253
f 2780 2165 2166
f 2594 2165 2780
f 2165 2594 2591
f 2189 2169 2167
f 2167 2188 2210
f 2189 2167 2210
f 3861 2168 2973
f 2383 2973 2168
f 2660 2383 2168
f 2660 2168 2490
f 2172 2169 2213
f 2260 2169 2189
f 2169 2260 2321
f 2370 2213 2169
f 2321 2370 2169
f 2973 2383 2170
f 2170 2383 2663
f 2385 2256 2170
f 2385 2170 2663
f 2212 2171 2232
f 2262 2202 2172
f 2213 2344 2172
f 2344 2262 2172
f 2274 2173 2273
f 2204 2273 2173
f 2264 2184 2173
f 2173 2274 2264
f 2248 2174 2184
f 2249 2174 2248
f 2207 2194 2175
f 2224 2265 2176
f 2265 2267 2176
f 2196 2241 2177
f 2177 2241 2269
f 2226 2179 2178
f 2303 2179 2226
f 2303 2342 2179
f 2261 2198 2181
f 2271 2261 2181
f 2181 2182 2271
f 2287 2182 2191
f 2373 2271 2182
f 2373 2182 2287
f 2215 2272 2183
f 2272 2203 2183
f 2184 2264 2248
f 2197 2185 2298
f 2298 2185 2336
f 2336 2185 2239
f 2188 2186 2210
f 2282 2186 2240
f 2210 2186 2243
f 2282 2243 2186
f 2187 2226 2197
f 2197 2223 2187
f 2189 2210 2243
f 2189 2243 2260
f 2287 2191 2216
f 2276 2192 2249
f 2219 2192 2276
f 2206 2220 2193
f 2193 2219 2206
f 2194 2319 2251
f 2194 2207 2319
f 2251 2235 2194
f 2223 2297 2195
f 2195 2297 2296
f 2196 2267 2241
f 2223 2197 2297
f 2197 2298 2297
f 2198 2343 2226
f 2343 2198 2261
f 2199 2368 2201
f 2368 2199 2284
f 2214 2304 2200
f 2304 2420 2200
f 2200 2420 2286
f 2215 2201 2306
f 2368 2306 2201
f 2263 2202 2262
f 2202 2263 2204
f 2305 2233 2203
f 2371 2203 2272
f 2203 2371 2305
f 2345 2204 2263
f 2345 2273 2204
f 2279 2205 2220
f 2278 2205 2279
f 2278 2217 2205
f 2279 2220 2206
f 2293 2279 2206
f 2206 2294 2293
f 2219 2280 2206
f 2206 2280 2315
f 2315 2294 2206
f 2222 2382 2207
f 2319 2207 2486
f 2207 2382 2486
f 2209 2221 2400
f 2439 2209 2400
f 2439 2469 2209
f 2458 2209 2469
f 2458 2238 2209
f 2270 2212 2302
f 2212 2232 2302
f 2370 2344 2213
f 2305 2214 2233
f 2304 2214 2305
f 2272 2215 2306
f 2307 2287 2216
f 2307 2216 2346
f 2346 2216 2247
f 2290 2217 2278
f 2288 2217 2290
f 2234 2217 2288
f 2291 2280 2219
f 2276 2291 2219
f 2381 2221 2236
f 2381 2400 2221
f 2320 2382 2222
f 2337 2224 2268
f 2337 2265 2224
f 2226 2343 2303
f 2228 2611 2227
f 2372 2230 2612
f 2232 2404 2302
f 2367 2404 2232
f 2275 2247 2234
f 2234 2308 2275
f 2326 2234 2288
f 2234 2326 2308
f 2252 2235 2251
f 2236 2235 2252
f 2236 2252 2295
f 2236 2295 2379
f 2236 2379 2381
f 2240 2238 2359
f 2359 2238 2402
f 2458 2402 2238
f 2266 2460 2239
f 2460 2440 2239
f 2440 2336 2239
f 2282 2240 2359
f 2418 2241 2511
f 2418 2269 2241
f 2241 2267 2401
f 2401 2544 2241
f 2511 2241 2544
f 2243 2282 2362
f 2363 2243 2362
f 2260 2243 2363
f 2247 2275 2346
f 2310 2277 2248
f 2277 2249 2248
f 2309 2310 2248
f 2248 2264 2309
f 2289 2276 2249
f 2289 2249 2277
f 2357 2252 2251
f 2357 2251 2319
f 2295 2252 2357
f 2254 2590 2742
f 2255 2254 2742
f 2593 2255 2742
f 2257 4019 2595
f 2257 2595 2661
f 2781 2491 2257
f 2661 2781 2257
f 2258 2494 3353
f 2972 2258 3353
f 2258 2972 2259
f 2258 2259 2493
f 2716 2596 2258
f 2258 2493 2716
f 2596 2494 2258
f 2493 2259 2384
f 2363 2365 2260
f 2260 2365 2321
f 2406 2261 2271
f 2343 2261 2369
f 2369 2261 2406
f 2374 2262 2344
f 2374 2263 2262
f 2345 2263 2374
f 2274 2309 2264
f 2457 2265 2337
f 2267 2265 2401
f 2265 2510 2401
f 2457 2599 2265
f 2510 2265 2599
f 2460 2266 2530
f 2489 2266 2339
f 2266 2489 2530
f 2337 2268 2299
f 2268 2360 2299
f 2360 2268 2301
f 2418 2361 2269
f 2403 2339 2270
f 2270 2442 2403
f 2442 2270 2302
f 2271 2373 2406
f 2306 2371 2272
f 2345 2389 2273
f 2274 2273 2389
f 2274 2389 2391
f 2309 2274 2348
f 2274 2375 2348
f 2375 2274 2391
f 2275 2347 2346
f 2308 2347 2275
f 2289 2313 2276
f 2313 2291 2276
f 2328 2277 2310
f 2328 2289 2277
f 2314 2278 2279
f 2292 2278 2314
f 2278 2292 2290
f 2314 2279 2293
f 2291 2315 2280
f 2386 2282 2359
f 2362 2282 2386
f 2283 2286 2340
f 2301 2283 2364
f 2340 2364 2283
f 2387 2368 2284
f 2300 2387 2284
f 2340 2286 2420
f 2287 2307 2407
f 2287 2407 2373
f 2327 2326 2288
f 2288 2311 2327
f 2290 2311 2288
f 2289 2331 2313
f 2289 2328 2331
f 2290 2312 2311
f 2290 2292 2312
f 2313 2318 2291
f 2334 2315 2291
f 2318 2334 2291
f 2316 2312 2292
f 2292 2314 2317
f 2316 2292 2317
f 2293 2332 2314
f 2332 2293 2294
f 2315 2333 2294
f 2294 2333 2335
f 2294 2335 2332
f 2295 2430 2379
f 2295 2357 2399
f 2295 2399 2430
f 2296 2297 2417
f 2296 2561 2320
f 2561 2296 2417
f 2298 2417 2297
f 2298 2336 2459
f 2417 2298 2459
f 2299 2402 2337
f 2299 2386 2402
f 2360 2386 2299
f 2361 2387 2300
f 2301 2364 2360
f 2404 2442 2302
f 2343 2419 2303
f 2342 2303 2419
f 2305 2371 2304
f 2304 2371 2431
f 2431 2420 2304
f 2306 2368 2432
f 2432 2371 2306
f 2388 2307 2346
f 2388 2407 2307
f 2326 2327 2308
f 2308 2327 2347
f 2349 2310 2309
f 2349 2309 2348
f 2310 2349 2329
f 2329 2328 2310
f 2350 2327 2311
f 2350 2311 2351
f 2351 2311 2312
f 2312 2376 2351
f 2376 2312 2316
f 2331 2355 2313
f 2355 2318 2313
f 2317 2314 2377
f 2353 2314 2332
f 2314 2353 2377
f 2315 2334 2333
f 2377 2316 2317
f 2316 2412 2376
f 2412 2316 2377
f 2354 2334 2318
f 2354 2318 2355
f 2319 2456 2357
f 2456 2319 2486
f 2365 2370 2321
f 2471 2367 2322
f 2322 2342 2471
f 3521 2323 2985
f 2985 2323 3169
f 2988 2324 3378
f 3155 2324 2988
f 2330 3870 2325
f 2330 2325 3857
f 2410 2327 2350
f 2347 2327 2423
f 2327 2410 2423
f 2331 2328 2352
f 2328 2329 2352
f 2349 2394 2329
f 2425 2329 2394
f 2329 2425 2352
f 3870 2330 3178
f 3178 2330 3154
f 3154 2330 3857
f 2355 2331 2396
f 2331 2352 2396
f 2353 2332 2356
f 2335 2356 2332
f 2335 2333 2378
f 2378 2333 2334
f 2354 2397 2334
f 2413 2378 2334
f 2334 2397 2413
f 2398 2356 2335
f 2398 2335 2378
f 2336 2440 2459
f 2337 2402 2441
f 2337 2441 2457
f 2403 2489 2339
f 2420 2514 2340
f 2564 2364 2340
f 2514 2564 2340
f 2419 2546 2342
f 2546 2565 2342
f 2471 2342 2565
f 2419 2343 2369
f 2374 2344 2433
f 2515 2344 2370
f 2433 2344 2474
f 2474 2344 2515
f 2374 2433 2345
f 2433 2421 2345
f 2408 2345 2421
f 2389 2345 2408
f 2347 2390 2346
f 2390 2388 2346
f 2390 2347 2422
f 2423 2422 2347
f 2348 2375 2435
f 2435 2392 2348
f 2348 2392 2349
f 2392 2394 2349
f 2351 2395 2350
f 2410 2350 2395
f 2395 2351 2376
f 2426 2352 2448
f 2425 2448 2352
f 2396 2352 2426
f 2377 2353 2436
f 2450 2353 2416
f 2436 2353 2450
f 2356 2416 2353
f 2415 2354 2355
f 2397 2354 2414
f 2414 2354 2415
f 2396 2415 2355
f 2398 2416 2356
f 2357 2455 2399
f 2357 2456 2455
f 2359 2402 2386
f 2362 2386 2360
f 2360 2363 2362
f 2360 2364 2444
f 2360 2443 2363
f 2444 2443 2360
f 2418 2513 2361
f 2387 2361 2513
f 2363 2462 2365
f 2443 2462 2363
f 2564 2531 2364
f 2531 2444 2364
f 2365 2495 2370
f 2617 2495 2365
f 2617 2365 2665
f 2462 2665 2365
f 2471 2492 2367
f 2367 2492 2404
f 2387 2432 2368
f 2419 2369 2547
f 2547 2369 2496
f 2406 2496 2369
f 2515 2370 2495
f 2472 2371 2432
f 2431 2371 2472
f 2406 2373 2445
f 2373 2407 2445
f 2391 2434 2375
f 2375 2434 2435
f 2427 2395 2376
f 2427 2376 2412
f 2412 2377 2436
f 2413 2398 2378
f 2381 2379 2430
f 2430 2630 2381
f 2400 2381 2650
f 2650 2381 2630
f 2486 2382 2577
f 2663 2383 2660
f 2558 2493 2384
f 2384 2662 2558
f 2663 2662 2385
f 2387 2513 2432
f 2388 2390 2446
f 2407 2388 2533
f 2388 2446 2533
f 2409 2389 2408
f 2389 2409 2391
f 2477 2446 2390
f 2422 2477 2390
f 2391 2409 2434
f 2435 2447 2392
f 2447 2394 2392
f 2532 2393 2522
f 2464 2425 2394
f 2464 2394 2447
f 2410 2395 2424
f 2424 2395 2427
f 2396 2426 2428
f 2452 2415 2396
f 2452 2396 2428
f 2414 2429 2397
f 2429 2413 2397
f 2413 2438 2398
f 2416 2398 2438
f 2506 2399 2467
f 2506 2430 2399
f 2455 2454 2399
f 2467 2399 2454
f 2400 2651 2439
f 2631 2401 2510
f 2544 2401 2631
f 2402 2458 2441
f 2403 2579 2489
f 2442 2579 2403
f 2442 2404 2563
f 2404 2492 2563
f 2497 2496 2406
f 2445 2473 2406
f 2497 2406 2473
f 2533 2445 2407
f 2476 2409 2408
f 2421 2476 2408
f 2434 2409 2476
f 2410 2463 2478
f 2463 2410 2424
f 2423 2410 2478
f 2449 2427 2412
f 2449 2412 2436
f 2429 2437 2413
f 2437 2438 2413
f 2429 2414 2453
f 2415 2453 2414
f 2452 2453 2415
f 2416 2483 2450
f 2465 2416 2438
f 2465 2483 2416
f 2417 2459 2561
f 2512 2418 2511
f 2418 2512 2513
f 2419 2547 2634
f 2634 2546 2419
f 2420 2431 2472
f 2420 2472 2562
f 2420 2562 2514
f 2475 2421 2433
f 2475 2567 2421
f 2476 2421 2567
f 2422 2478 2477
f 2423 2478 2422
f 2424 2427 2479
f 2463 2424 2479
f 2448 2425 2464
f 2426 2448 2428
f 2479 2427 2481
f 2482 2427 2449
f 2481 2427 2482
f 2480 2428 2448
f 2480 2452 2428
f 2429 2451 2437
f 2453 2451 2429
f 2506 2615 2430
f 2615 2630 2430
f 2472 2432 2513
f 2433 2474 2475
f 2434 2499 2435
f 2516 2434 2476
f 2434 2548 2499
f 2434 2516 2548
f 2517 2435 2499
f 2517 2447 2435
f 2482 2436 2501
f 2501 2436 2502
f 2449 2436 2482
f 2436 2450 2483
f 2483 2502 2436
f 2484 2437 2451
f 2465 2437 2484
f 2465 2438 2437
f 2469 2439 2651
f 2440 2460 2616
f 2600 2579 2442
f 2442 2563 2600
f 2444 2545 2443
f 2462 2443 2545
f 2444 2531 2545
f 2566 2473 2445
f 2566 2445 2533
f 2446 2477 2534
f 2534 2533 2446
f 2447 2517 2537
f 2447 2537 2464
f 2500 2480 2448
f 2500 2448 2464
f 2466 2451 2453
f 2539 2451 2466
f 2484 2451 2539
f 2466 2453 2452
f 2452 2480 2519
f 2452 2519 2466
f 2454 2455 2543
f 2467 2454 2485
f 2559 2543 2455
f 2456 2559 2455
f 2456 2598 2559
f 2456 2486 2598
f 2460 2530 2616
f 2665 2462 2545
f 2463 2536 2478
f 2518 2536 2463
f 2479 2518 2463
f 2550 2500 2464
f 2537 2550 2464
f 2521 2465 2484
f 2520 2465 2521
f 2520 2483 2465
f 2466 2519 2575
f 2575 2539 2466
f 2629 2613 2467
f 2467 2613 2506
f 2565 2652 2471
f 2471 2652 2492
f 2512 2562 2472
f 2513 2512 2472
f 2473 2636 2497
f 2620 2636 2473
f 2620 2473 2566
f 2601 2475 2474
f 2581 2474 2515
f 2474 2581 2619
f 2474 2619 2601
f 2601 2567 2475
f 2516 2476 2548
f 2476 2567 2602
f 2548 2476 2602
f 2535 2477 2478
f 2534 2477 2535
f 2478 2568 2535
f 2568 2478 2536
f 2538 2479 2481
f 2518 2479 2538
f 2500 2519 2480
f 2538 2481 2482
f 2552 2538 2482
f 2482 2501 2552
f 2483 2520 2502
f 2484 2539 2553
f 2553 2521 2484
f 2672 2598 2486
f 2672 2486 2577
f 2632 2489 2579
f 2632 2530 2489
f 2780 2491 2781
f 2492 2600 2563
f 2664 2600 2492
f 2492 2652 2664
f 2716 2493 2558
f 2494 2596 2979
f 2494 2979 2595
f 2494 3165 3353
f 2617 2635 2495
f 2515 2495 2581
f 2581 2495 2635
f 2547 2496 2580
f 2496 2497 2580
f 2497 2618 2580
f 2636 2618 2497
f 2517 2499 2622
f 2622 2499 2548
f 2500 2550 2570
f 2519 2500 2570
f 2571 2501 2572
f 2501 2502 2572
f 2501 2571 2552
f 2502 3355 2572
f 3355 2502 2520
f 2524 2503 2504
f 2524 2504 2525
f 2525 2504 2587
f 2586 2608 2504
f 2608 2587 2504
f 2615 2506 2613
f 2673 2510 2599
f 2673 2631 2510
f 2544 2562 2511
f 2511 2562 2512
f 2633 2564 2514
f 2514 2562 2691
f 2514 2691 2633
f 2582 2537 2517
f 2517 2622 2582
f 2603 2518 2551
f 2518 2603 2536
f 2538 2551 2518
f 2519 2570 2569
f 2569 2573 2519
f 2575 2519 2573
f 2520 2521 3355
f 4020 2521 3174
f 3355 2521 4020
f 3174 2521 2553
f 2526 2523 2556
f 2529 2523 2526
f 2523 2529 2527
f 2588 2523 2527
f 2610 2556 2523
f 2523 2588 2610
f 2525 2528 2524
f 2540 2528 2525
f 2525 2587 2589
f 2540 2525 2589
f 2529 2526 2592
f 2526 2556 2609
f 2529 2557 2527
f 2645 2588 2527
f 2557 2645 2527
f 2528 2540 2541
f 2528 2541 2597
f 2649 2528 2597
f 2648 2557 2529
f 2529 2592 2646
f 2648 2529 2646
f 2690 2616 2530
f 2690 2530 2632
f 2531 2692 2545
f 2564 2706 2531
f 2531 2706 2692
f 2533 2621 2566
f 2533 2534 2621
f 2534 2654 2666
f 2666 2621 2534
f 2667 2534 2655
f 2534 2667 2654
f 2655 2534 2549
f 2535 2549 2534
f 2568 2549 2535
f 2536 2623 2568
f 2536 2603 2623
f 2537 2582 2965
f 2550 2537 2965
f 2538 2552 2551
f 2539 2575 3863
f 2553 2539 3863
f 2541 2647 2597
f 2542 2594 2554
f 2594 2542 2591
f 2614 2543 2559
f 2543 2614 2647
f 2545 2692 2674
f 2665 2545 2674
f 2693 2546 2634
f 2546 2693 2565
f 2547 2675 2634
f 2547 2580 2675
f 2602 2668 2548
f 2668 2637 2548
f 2548 2637 2638
f 2622 2548 2638
f 2656 2655 2549
f 2568 2656 2549
f 2550 2569 2570
f 2625 2569 2550
f 2626 2550 2965
f 2639 2625 2550
f 2639 2550 2626
f 2552 3163 2551
f 2603 2551 2604
f 2604 2551 3163
f 3163 2552 3164
f 2571 3164 2552
f 2574 2553 3863
f 2553 2574 3174
f 2554 2594 2780
f 2554 2780 2781
f 2781 2661 2554
f 2555 2661 2979
f 2609 2556 2576
f 2629 2645 2557
f 2629 2557 2613
f 2557 2648 2613
f 2558 2662 2560
f 2662 2743 2560
f 2706 2564 2633
f 2707 2652 2565
f 2707 2565 2693
f 2620 2566 2621
f 2567 2601 2678
f 2602 2567 2678
f 2623 2656 2568
f 2625 2607 2569
f 2573 2569 2607
f 3164 2571 2605
f 2572 2605 2571
f 4020 2572 3355
f 2583 2572 4020
f 2605 2572 2967
f 2583 2967 2572
f 2606 2573 2607
f 2606 2575 2573
f 2641 2574 3863
f 3174 2574 2584
f 2574 2643 2584
f 2641 2643 2574
f 3863 2575 2606
f 3155 2578 3154
f 2578 2989 3178
f 2578 3155 2988
f 2578 3178 3154
f 2578 2988 2989
f 2632 2579 2600
f 2676 2675 2580
f 2580 2618 2676
f 2619 2581 2677
f 2582 2622 2680
f 2624 2582 2680
f 2582 2624 2965
f 2583 4020 3174
f 3174 2584 2583
f 3523 2642 2583
f 2584 3523 2583
f 2583 2642 2658
f 2658 2967 2583
f 2643 3523 2584
f 2586 2644 2608
f 2979 2661 2595
f 2745 2596 2716
f 2597 2647 2614
f 2614 2689 2597
f 2632 2600 2705
f 2653 2601 2619
f 2678 2601 2653
f 2602 2678 2668
f 2603 2604 2657
f 2623 2603 2657
f 3163 2627 2604
f 2627 2683 2604
f 2657 2604 2683
f 2669 2605 2967
f 2640 2605 2669
f 2605 2640 2628
f 2628 3164 2605
f 3862 2606 2607
f 2606 2641 3863
f 2606 3862 3702
f 2606 3702 2641
f 2659 2607 2625
f 2659 3862 2607
f 2671 2608 2644
f 2615 2613 2648
f 2617 2665 2635
f 2677 2653 2619
f 2636 2620 2699
f 2666 2699 2620
f 2666 2620 2621
f 2622 2638 2637
f 2637 2700 2622
f 2622 2700 2680
f 2656 2623 2679
f 2681 2679 2623
f 2623 2657 2681
f 2624 2626 2965
f 2624 2680 2711
f 2711 2712 2624
f 2712 2626 2624
f 2625 2639 2684
f 2684 2659 2625
f 2685 2626 2712
f 2626 2685 2639
f 2683 2627 3697
f 3163 2628 2627
f 2628 3697 2627
f 2628 3163 3164
f 2628 3349 3697
f 2640 3349 2628
f 2705 2690 2632
f 2708 2634 2675
f 2708 2693 2634
f 2668 2719 2637
f 2720 2637 2719
f 2637 2720 2700
f 2695 2684 2639
f 2695 2639 2685
f 2696 2703 2640
f 2640 2703 3349
f 2669 2696 2640
f 2687 2641 3702
f 2641 2687 2643
f 2658 2642 3698
f 3523 2687 2642
f 2687 3698 2642
f 2643 2687 3523
f 2678 2653 2717
f 2717 2653 2677
f 2667 2709 2654
f 2654 2718 2666
f 2709 2718 2654
f 2667 2655 2694
f 2656 2694 2655
f 2656 2679 2694
f 2682 2657 2683
f 2682 2681 2657
f 2658 2669 2967
f 2669 2658 2696
f 2658 2704 2696
f 2704 2658 3698
f 2670 2659 2686
f 2659 2670 3862
f 2684 2686 2659
f 2743 2662 2663
f 2666 2736 2699
f 2667 2694 2709
f 2722 2668 2678
f 2722 2719 2668
f 2670 2686 2714
f 2688 3862 2670
f 2688 2670 3860
f 2714 3860 2670
f 2679 2682 2710
f 2679 2681 2682
f 2694 2679 2729
f 2679 2730 2729
f 2710 2730 2679
f 2680 2700 2711
f 2710 2682 2724
f 2682 2683 2701
f 2724 2682 2701
f 2683 3697 2701
f 2695 2686 2684
f 2713 2685 2712
f 2695 2685 2713
f 2721 2686 2695
f 2721 2714 2686
f 3699 2687 2698
f 2687 3699 3698
f 2698 2687 3702
f 2688 3860 2767
f 2688 2767 3702
f 3862 2688 3702
f 2694 2729 2709
f 2713 2721 2695
f 2696 2704 2726
f 2735 2703 2696
f 2726 2735 2696
f 3699 2697 3698
f 2697 3699 3162
f 3698 2697 2704
f 2726 2704 2697
f 2739 2726 2697
f 2739 2697 3162
f 2727 2698 2767
f 2698 3702 2767
f 2698 2727 3162
f 2698 3162 3699
f 2720 2723 2700
f 2731 2711 2700
f 2700 2723 2731
f 2702 2701 3697
f 2724 2701 2702
f 3349 2702 3697
f 2702 3349 2703
f 2702 2733 2725
f 2725 2724 2702
f 2702 2703 2733
f 2703 2735 2747
f 2747 2733 2703
f 2729 2744 2709
f 2710 2724 2737
f 2710 2737 2730
f 2711 2731 2732
f 2711 2732 2712
f 2712 2732 2734
f 2712 2734 2713
f 2713 2734 2721
f 2741 2714 2721
f 2740 2714 2741
f 3860 2714 2740
f 2767 2715 2727
f 2715 3860 2740
f 2715 2767 3860
f 2715 2740 2750
f 2758 2727 2715
f 2750 2758 2715
f 2719 2722 2728
f 2746 2721 2734
f 2721 2746 2741
f 2751 2731 2723
f 2724 2725 2737
f 2725 2733 2753
f 2725 2753 2759
f 2725 2759 2737
f 2738 2735 2726
f 2748 2726 2739
f 2726 2748 2738
f 3162 2727 2749
f 2727 2758 2749
f 2751 2732 2731
f 2734 2732 2752
f 2733 2754 3160
f 2754 2733 2747
f 2733 3160 2753
f 2738 2747 2735
f 2748 2756 2738
f 2739 3162 2749
f 2739 2749 2748
f 2740 2741 2755
f 2755 2741 2746
f 2746 3156 2755
f 2748 3345 2756
f 2748 2757 3345
f 2757 2748 2749
f 2749 2758 2757
f 3152 2756 3345
f 3153 2756 3152
f 3854 2762 4183
f 2865 2762 4486
f 2764 2763 4184
f 2763 3346 4184
f 2763 2772 4189
f 2771 2763 4189
f 3346 2764 4184
f 2764 3080 4674
f 2769 2768 4187
f 2768 3827 4818
f 3818 2768 4818
f 2769 3105 4793
f 2770 3700 4188
f 2770 2911 4718
f 3294 2770 4718
f 2771 2890 4914
f 3481 2772 4731
f 3525 2776 4198
f 2776 3539 4224
f 2784 2776 4224
f 2778 2777 4199
f 2777 2779 4199
f 2812 2777 4292
f 2777 3204 4292
f 2778 2888 4599
f 3406 2779 3448
f 3179 2782 4206
f 2782 3180 4206
f 2782 3440 4506
f 2871 2782 4506
f 2783 3365 4207
f 3364 2783 4207
f 3119 2783 4811
f 2784 3714 4214
f 3374 2785 4215
f 2785 2786 4215
f 3381 2785 4238
f 2785 3358 4238
f 3187 2786 4233
f 2787 3375 4216
f 2787 3391 4251
f 3375 2788 4216
f 2802 2788 4375
f 3535 2789 4218
f 2789 2790 4218
f 2790 3535 4218
f 2790 2807 4287
f 2792 2791 4220
f 3760 2791 4579
f 3536 2792 4220
f 2842 2792 3911
f 3389 2794 4352
f 3717 2795 4225
f 3580 2795 4332
f 2796 3187 4233
f 2796 2802 4375
f 2797 3879 4235
f 2797 3576 4311
f 2801 2800 4246
f 2800 3385 4246
f 2800 3419 4383
f 3418 2800 4383
f 3237 2801 4447
f 2801 3238 4447
f 3001 2802 4247
f 2802 3006 4247
f 3547 2803 4256
f 2805 2804 4277
f 4109 2804 4641
f 2804 2908 4641
f 3012 2805 4277
f 2805 4045 4353
f 4044 2805 4353
f 2807 3737 4287
f 3755 2807 4343
f 3203 2808 4290
f 2808 2809 4290
f 2813 2808 4377
f 2809 3203 4290
f 2809 2818 4313
f 3853 2813 4377
f 3897 2815 4308
f 2815 2816 4308
f 2816 3897 4308
f 3269 2816 4559
f 3576 2817 4311
f 2817 4063 4403
f 4053 2817 4403
f 2818 3746 4313
f 2818 3021 4550
f 2819 3020 4316
f 2822 2821 4318
f 2821 2860 4477
f 4037 2822 4318
f 2836 2822 4412
f 2823 3209 4319
f 2824 2823 4319
f 2823 2826 4356
f 3578 2823 4356
f 2824 3588 4380
f 2825 3568 4325
f 2825 4050 4359
f 3568 2826 4325
f 3569 2827 4331
f 3191 2827 4361
f 2828 3569 4331
f 2828 2835 4367
f 2829 2901 4602
f 2830 3755 4346
f 3739 2830 4346
f 3765 2830 4442
f 2831 3906 4351
f 2831 3692 4646
f 2832 3389 4352
f 2832 2838 4387
f 3033 2833 4365
f 2833 2834 4365
f 3597 2833 4391
f 3580 2834 4389
f 3219 2835 4369
f 3909 2836 4384
f 2836 3908 4384
f 2844 2836 4412
f 2839 2838 4388
f 2840 2839 4388
f 3609 2839 4461
f 2839 3610 4461
f 2841 3590 4400
f 2841 3773 3774
f 3244 2842 4521
f 2843 3765 4442
f 2844 3627 4643
f 2909 2844 4643
f 2845 2846 4418
f 2845 2857 4536
f 2846 4076 4418
f 2846 2855 4462
f 2856 2846 4462
f 2847 3601 4425
f 2847 3438 4467
f 3601 2848 4425
f 4078 2848 4427
f 4061 2849 4433
f 2850 3039 4435
f 2850 2905 4615
f 3039 2851 4435
f 2879 2851 4840
f 2853 3044 4453
f 2853 3024 4995
f 2854 3437 4456
f 3428 2854 4456
f 2854 4071 4457
f 3894 2856 4577
f 2856 2859 4577
f 2857 4087 4471
f 2857 2880 4536
f 3246 2859 4473
f 2860 3930 4477
f 2860 2881 4539
f 2861 3049 4482
f 3048 2861 4482
f 2908 2861 4741
f 2861 3978 4741
f 2864 2863 4485
f 3052 2863 4722
f 2984 2864 4485
f 2864 3635 4667
f 2876 2864 4667
f 2865 3952 4869
f 3973 2865 4869
f 3054 2867 4495
f 2867 2868 4495
f 2867 3056 4496
f 2869 2867 4496
f 2868 2878 4533
f 3056 2869 4496
f 4093 2869 4561
f 3173 2870 2977
f 2871 3251 4504
f 3251 2872 4504
f 3528 2872 4567
f 2873 4089 4510
f 2876 3254 4516
f 3254 2877 4516
f 3482 2877 4735
f 2878 2879 4532
f 2878 3447 4533
f 3923 2879 4840
f 3055 2880 4560
f 2881 3783 4538
f 3778 2881 4538
f 2881 3250 4539
f 2883 3072 4547
f 2883 3677 4839
f 3072 2884 4547
f 2884 3955 4580
f 2891 2884 4580
f 3073 2885 4548
f 3677 2885 4827
f 2886 3073 4548
f 2886 2891 4581
f 3272 2887 4569
f 2888 2887 4599
f 2888 3953 4571
f 2889 3630 4573
f 2890 2889 4573
f 3221 2889 4629
f 2889 2907 4629
f 2890 3972 4914
f 3955 2891 4580
f 2891 3787 4581
f 3278 2892 4583
f 2892 3078 4584
f 3078 2893 4584
f 2894 2893 4585
f 2893 2895 4585
f 2895 2894 4585
f 2894 3463 4664
f 2895 3258 4586
f 2896 2895 4586
f 3258 2896 4586
f 2897 2896 4587
f 2896 3950 4587
f 3950 2897 4587
f 4100 2897 4625
f 2897 4101 4625
f 2898 3695 4591
f 2898 3088 4636
f 2899 3266 4595
f 3280 2899 4595
f 2899 3973 4675
f 2915 2899 4675
f 2901 3791 4602
f 2901 3219 4655
f 3868 2902 4940
f 2905 2904 4615
f 3291 2904 4697
f 2905 3475 4845
f 2906 3087 4628
f 3012 2906 4628
f 4105 2906 4666
f 2907 3221 4629
f 2907 3481 4754
f 3464 2909 4692
f 2909 3460 4692
f 3692 2910 4646
f 3968 2910 4648
f 2910 3967 4648
f 3968 2911 4656
f 2911 2912 4656
f 3906 2912 4677
f 2913 3648 4673
f 2914 2913 4673
f 2913 2930 4774
f 3109 2913 4774
f 2914 4116 4742
f 3973 2915 4675
f 3680 2915 4872
f 2916 3906 4677
f 2916 2919 4712
f 2917 3615 4679
f 2918 4114 4694
f 2918 3641 4704
f 3654 2918 4704
f 2919 3701 4726
f 2920 3806 4976
f 2922 3481 4731
f 2922 4129 4798
f 2923 3306 4738
f 3307 2923 4738
f 3806 2923 4976
f 3661 2924 4745
f 2925 2926 4756
f 2926 4126 4756
f 4127 2926 4757
f 2928 2927 4770
f 3998 2927 4847
f 3118 2928 4770
f 2928 3479 4771
f 4140 2929 4807
f 3124 2930 4791
f 3105 2931 4793
f 2931 3311 4863
f 3330 2931 4863
f 2932 3119 4811
f 3831 2933 4832
f 2933 3832 4832
f 2935 2934 4844
f 3135 2934 4888
f 2936 2935 4844
f 2935 3117 4851
f 2939 2935 4851
f 2936 3494 4852
f 2938 2937 4846
f 2937 3128 4846
f 3679 2937 4883
f 2937 3529 4883
f 2940 2938 4856
f 2939 3866 4873
f 2945 2939 4873
f 3131 2940 4856
f 2940 3315 4876
f 2941 4004 4857
f 2942 2941 4857
f 2941 2957 4907
f 4014 2941 4907
f 4004 2942 4857
f 3338 2942 4926
f 4158 2943 4880
f 2945 4156 4891
f 2947 2946 4874
f 2946 4010 4874
f 2959 2946 4917
f 2947 4161 4893
f 4163 2949 4898
f 2960 2949 4923
f 3530 2951 4901
f 2953 2951 4902
f 3325 2952 4906
f 2953 2961 4958
f 2955 2953 4958
f 2954 3577 4904
f 2955 2954 4904
f 2954 2963 4929
f 2956 3325 4906
f 2956 3506 4908
f 2957 4014 4907
f 2957 2958 4915
f 2958 2964 4963
f 3687 2958 4963
f 2959 3137 4920
f 3138 2959 4920
f 3511 2960 4923
f 3141 2960 4936
f 2961 3337 4925
f 3333 2961 4925
f 2962 3338 4927
f 2963 4035 4929
f 2963 4171 4951
f 4179 2963 4951
f 3140 2964 4930
f 3703 2966 4191
f 2983 2966 4601
f 2966 3454 4601
f 2970 3352 4194
f 2970 3833 4837
f 3352 2971 4194
f 2971 3565 4294
f 3016 2971 4294
f 2974 3358 4197
f 2974 3402 4282
f 3358 2975 4197
f 3004 2975 4259
f 3865 2978 4200
f 2978 3866 4200
f 2978 4121 4769
f 3118 2978 4769
f 3363 2980 4204
f 2981 3104 4715
f 2983 3528 4205
f 3454 2983 4601
f 2986 3370 4211
f 2986 3393 4315
f 3374 2986 4315
f 2987 3712 4213
f 3183 2987 4223
f 2991 4022 4219
f 3026 2991 4326
f 2991 3027 4326
f 2992 4023 4024
f 2994 3183 4223
f 3222 2994 4390
f 2994 3037 4390
f 3010 3393 2995
f 3196 2996 3195
f 2997 3542 4228
f 3871 3000 4237
f 3001 3003 4239
f 3003 3002 4239
f 3391 3002 4278
f 3003 3738 4280
f 3717 3003 4280
f 3005 3004 4245
f 3010 3004 4259
f 3196 3005 4245
f 3005 3553 4271
f 3011 3006 4605
f 3008 3009 4252
f 3008 3881 4264
f 3748 3009 4324
f 3011 3394 4258
f 3395 3011 4258
f 3381 3011 4605
f 3014 3559 4284
f 3560 3014 4284
f 3015 3014 4286
f 3014 4030 4286
f 3015 3708 4304
f 3016 4154 4867
f 3572 3017 4305
f 3029 3017 4337
f 3017 3745 4337
f 3019 3018 4307
f 3018 3026 4481
f 3891 3018 4481
f 3202 3019 4307
f 3745 3019 4312
f 3536 3020 3564
f 3020 3021 4316
f 3021 3031 4550
f 3886 3023 4320
f 3579 3024 4322
f 3027 3028 4328
f 3028 3743 4328
f 3028 3032 4364
f 3210 3028 4364
f 3745 3029 4337
f 3029 3584 4371
f 3031 3030 4344
f 3030 3584 4344
f 3030 3760 4396
f 3584 3031 4344
f 3032 3210 4364
f 3032 3404 4386
f 3421 3032 4386
f 3033 3582 4370
f 3582 3034 4370
f 3038 3034 4416
f 3722 3035 4606
f 3035 4029 4606
f 3907 3036 4373
f 4058 3036 4421
f 3883 3037 4420
f 3223 3038 4393
f 3916 3038 4416
f 3039 3090 4691
f 3618 3039 4691
f 3040 3228 4445
f 3042 3040 4451
f 3040 3043 4451
f 3041 3240 4450
f 3042 3041 4450
f 3259 3041 4524
f 3041 3260 4524
f 3044 3043 4453
f 3607 3044 4454
f 3044 3608 4454
f 3243 3045 4470
f 3046 3045 4474
f 3422 3046 4474
f 3046 3603 4508
f 3048 3100 4703
f 3808 3049 4733
f 3050 3775 4483
f 3050 3296 4680
f 3775 3051 4483
f 3052 3053 4484
f 3053 3092 4668
f 3091 3053 4668
f 3055 3054 4494
f 3444 3055 4494
f 3079 3055 4560
f 3056 3637 4622
f 3057 3778 4502
f 3756 3057 4502
f 3057 3059 4544
f 3247 3057 4544
f 3937 3058 4503
f 3058 3060 4541
f 3242 3058 4541
f 3771 3060 4509
f 3061 3771 4509
f 3939 3063 4518
f 3279 3063 4705
f 3064 3255 4519
f 3256 3064 4519
f 3074 3064 4551
f 3064 3947 4551
f 3065 3067 4520
f 3065 3151 5000
f 3067 3066 4520
f 3066 4160 4882
f 4159 3066 4882
f 3067 3499 4881
f 3134 3067 4881
f 3068 3114 4760
f 3070 3068 4760
f 4182 3072 4968
f 3125 3073 4823
f 3075 3934 4556
f 3076 3267 4555
f 3076 3278 4624
f 3934 3077 4556
f 3078 3077 4557
f 3079 3625 4607
f 3080 3271 4564
f 3080 3093 4674
f 3859 3081 4566
f 3649 3081 4991
f 3083 3799 4644
f 3084 4182 4968
f 3788 3085 4596
f 3115 3085 4762
f 3085 3167 4762
f 3957 3086 4603
f 3086 3120 4782
f 4122 3086 4782
f 3088 3087 4636
f 3288 3088 4634
f 3088 3280 4634
f 3290 3090 4659
f 3091 3123 4785
f 4129 3093 4768
f 3094 3803 4676
f 3101 3094 4747
f 3094 3453 4747
f 3351 3095 4682
f 3095 3096 4682
f 3095 3671 4989
f 3666 3095 4989
f 3302 3096 4750
f 3098 3097 4695
f 4120 3097 4728
f 3097 4121 4728
f 3964 3098 4695
f 3098 3794 4696
f 3100 3299 4703
f 3100 3648 4776
f 3660 3100 4776
f 3101 3279 4705
f 3458 3102 4711
f 3103 3458 4711
f 3103 3308 4748
f 3104 3301 4715
f 3623 3104 4749
f 3104 3112 4749
f 3105 3700 4720
f 3106 3105 4720
f 3106 3302 4750
f 3955 3108 4725
f 3108 4123 4744
f 3109 3110 4732
f 3110 3658 4732
f 3812 3110 4994
f 3110 3149 4994
f 4123 3111 4744
f 3111 3122 4784
f 3120 3111 4784
f 3112 3623 4749
f 3112 4126 4802
f 3113 3662 4759
f 3113 3684 4966
f 3114 4112 4913
f 4110 3114 4913
f 3115 3649 4991
f 3116 3487 4767
f 3116 3119 4775
f 3119 3313 4775
f 3120 4122 4782
f 3122 3120 4784
f 4133 3121 4783
f 3124 3121 4997
f 3122 3124 4791
f 3123 3306 4785
f 3123 3326 4868
f 3150 3124 4997
f 3125 4147 4822
f 4148 3125 4822
f 3492 3125 4823
f 3126 3832 4833
f 3126 4014 4986
f 3832 3127 4833
f 3839 3127 4879
f 3131 3128 4987
f 3129 4145 4850
f 3130 4152 4875
f 4005 3132 4858
f 3132 3133 4858
f 3132 4158 4910
f 3133 3134 4862
f 3330 3133 4862
f 3134 3330 4862
f 3499 3134 4881
f 3136 3135 4888
f 3135 3139 4948
f 3138 3136 4978
f 3136 4164 4978
f 3516 3137 4988
f 3511 3139 4922
f 3140 3144 4961
f 3141 3342 4931
f 3142 3848 4954
f 3143 3142 4954
f 3143 3686 4959
f 3144 3685 4961
f 3342 3144 4962
f 3684 3146 4966
f 3146 3515 4975
f 3148 3146 4975
f 3147 3689 4971
f 3147 3148 4972
f 3983 3147 4972
f 3515 3148 4975
f 3149 3150 4996
f 3992 3149 4996
f 3150 3992 4996
f 3151 4013 5000
f 3689 3151 5001
f 3151 3683 5001
f 3154 3857 3158
f 3158 3856 3159
f 3858 3165 3856
f 3166 3168 4190
f 3166 3948 4554
f 3168 3167 4190
f 3168 3262 4526
f 3607 3168 4526
f 3172 3171 4192
f 3171 3282 4647
f 3362 3171 4647
f 3172 4117 4967
f 3177 3176 4201
f 3449 3176 4545
f 3176 3409 4545
f 3527 3177 4201
f 3219 3177 4655
f 3180 3454 4642
f 3183 3192 4234
f 3191 3183 4234
f 3185 3541 4227
f 3185 3375 4244
f 3541 3186 4227
f 3187 3186 4229
f 3371 3187 4229
f 3543 3188 4230
f 3190 3188 4232
f 3189 3212 4653
f 3877 3190 4232
f 3190 4039 4339
f 4038 3190 4339
f 3192 3191 4234
f 3217 3191 4361
f 3192 3219 4369
f 3880 3194 4240
f 3214 3194 4431
f 3198 3389 4250
f 3198 3208 4298
f 3729 3199 4255
f 3201 3199 4270
f 3734 3200 4260
f 3200 3550 4272
f 3554 3200 4272
f 3526 3201 4270
f 3201 3727 4378
f 3202 3556 4289
f 3556 3203 4289
f 4078 3204 4511
f 3206 3205 4295
f 3205 3207 4295
f 3205 3216 4354
f 3756 3205 4354
f 3206 3279 4593
f 3287 3207 4992
f 3208 3209 4299
f 3893 3208 4299
f 3210 3211 4327
f 3211 3744 4327
f 3211 3218 4395
f 3212 3213 4336
f 3212 3551 4653
f 3213 3718 4842
f 3214 4041 4348
f 3215 3214 4431
f 4055 3217 4912
f 3217 4049 4912
f 3218 4051 4362
f 4052 3218 4362
f 3218 3901 4395
f 3220 3908 4382
f 3908 3221 4382
f 3902 3222 4392
f 3222 3910 4392
f 3223 3601 4432
f 3224 4057 4394
f 3225 3224 4394
f 3761 3224 4422
f 3225 3408 4428
f 3429 3228 4409
f 3229 3240 4449
f 3408 3230 4428
f 3231 3230 4429
f 3764 3231 4429
f 3231 3769 4469
f 3245 3231 4469
f 3233 3232 4430
f 3232 3247 4475
f 3770 3232 4475
f 3432 3233 4430
f 3250 3233 4500
f 3233 3614 4500
f 3920 3235 4437
f 3235 3440 4478
f 3441 3235 4478
f 4079 3236 4440
f 3236 4080 4440
f 3969 3236 4658
f 3236 3289 4658
f 3238 3237 4447
f 3237 3239 4448
f 4081 3237 4448
f 3240 3238 4449
f 3239 3434 4491
f 3924 3241 4458
f 3241 3914 4515
f 3246 3241 4515
f 3242 3424 4464
f 3243 3242 4464
f 3928 3244 4466
f 3244 3929 4466
f 3769 3245 4469
f 3762 3245 4476
f 3247 3770 4475
f 3248 3249 4492
f 3248 3941 4527
f 3249 3437 4492
f 3249 3257 4522
f 3613 3249 4522
f 3251 3921 4505
f 3273 3252 4604
f 3253 3272 4657
f 3254 3632 4701
f 3256 3338 4926
f 3963 3257 4618
f 3436 3259 4523
f 3260 3259 4524
f 3261 3260 4525
f 3260 3262 4525
f 3261 3949 4558
f 3619 3264 4534
f 3264 4096 4562
f 3265 3619 4534
f 3265 3942 4535
f 3266 3623 4549
f 3624 3266 4549
f 3373 3267 4688
f 3268 3269 4559
f 3269 3274 4578
f 3273 3269 4578
f 3271 3270 4564
f 3270 3810 4736
f 3811 3270 4736
f 3271 3962 4700
f 3272 3927 4657
f 3274 3273 4578
f 3959 3273 4604
f 3274 3635 4592
f 3626 3274 4592
f 3631 3275 4582
f 3665 3275 4763
f 3275 3663 4763
f 3276 3631 4582
f 3507 3276 4918
f 3277 3278 4583
f 3277 3466 4621
f 3465 3277 4621
f 3278 3284 4624
f 3281 3361 4598
f 3354 3281 4598
f 3281 3931 4600
f 3283 3638 4610
f 3283 3373 4688
f 3459 3284 4623
f 3284 3285 4623
f 3970 3285 4662
f 3467 3286 4630
f 3286 3468 4630
f 3286 3287 4632
f 3956 3287 4992
f 3288 4113 4672
f 4045 3288 4672
f 3289 3319 4816
f 3291 3290 4659
f 3290 3292 4660
f 3796 3290 4660
f 3480 3292 4730
f 3292 3305 4730
f 3295 3294 4678
f 3966 3295 4678
f 3295 3643 4681
f 3296 3297 4680
f 3296 3800 4717
f 3302 3296 4717
f 3643 3297 4681
f 3298 3661 4772
f 3962 3299 4700
f 3363 3300 4714
f 3680 3300 4887
f 3301 3680 4887
f 3303 3462 4723
f 3488 3303 4789
f 3462 3304 4723
f 3308 3304 4748
f 4141 3305 4808
f 3307 3823 4998
f 3784 3308 4990
f 3814 3309 4752
f 3309 3981 4799
f 3666 3310 4764
f 3310 3311 4764
f 4005 3310 4864
f 3310 3997 4864
f 3669 3312 4773
f 3312 3985 4778
f 3482 3313 4806
f 3314 3315 4777
f 3314 3482 4806
f 3985 3316 4778
f 3316 3488 4790
f 3317 3316 4790
f 3317 3818 4781
f 3488 3317 4790
f 3319 3318 4813
f 3320 3318 4815
f 3319 3489 4816
f 3320 3327 4853
f 3495 3320 4853
f 3321 4002 4919
f 3976 3321 4919
f 3323 3322 4829
f 3322 3678 4829
f 4154 3322 4866
f 3678 3323 4829
f 3323 3830 4831
f 3834 3324 4838
f 3324 3332 4886
f 3679 3325 4843
f 3325 3326 4843
f 3326 3679 4843
f 3326 3329 4868
f 4012 3327 4894
f 3328 3989 4861
f 3328 3498 4865
f 3497 3328 4865
f 3989 3329 4861
f 3331 4003 4878
f 3331 3518 4973
f 4003 3332 4878
f 3332 3500 4886
f 3333 4170 4905
f 3334 3507 4918
f 3845 3334 4945
f 3334 3847 4945
f 3336 3335 4924
f 3335 3343 4956
f 3504 3335 4956
f 3512 3336 4924
f 3336 3517 4950
f 3342 3337 4931
f 3338 3339 4927
f 4180 3339 4964
f 3340 3506 4909
f 4169 3343 4932
f 3343 3504 4956
f 3517 3344 4950
f 3344 4177 4952
f 3465 3346 4665
f 3734 3347 4261
f 3347 3735 4261
f 3784 3348 4546
f 4018 3350 4193
f 3981 3350 4713
f 3350 3982 4713
f 3352 3451 4576
f 3354 3706 3705
f 3356 3524 4196
f 3357 3356 4196
f 3534 3356 4217
f 3357 4106 4639
f 4085 3359 4468
f 3454 3360 4642
f 3362 3361 4203
f 3471 3363 4714
f 3364 3530 4208
f 3494 3365 4852
f 3367 3366 4209
f 3366 3710 4209
f 3871 3368 4210
f 3368 4028 4241
f 3369 3871 4210
f 3732 3369 4257
f 4096 3372 4563
f 3533 3373 4212
f 3375 3383 4244
f 3645 3376 4669
f 3378 3377 3869
f 3714 3383 4243
f 3386 3883 4248
f 3386 3431 4472
f 3387 3882 4249
f 3387 3430 4424
f 3882 3388 4249
f 3388 3620 4537
f 3614 3388 4537
f 3588 3390 4358
f 3391 3392 4251
f 3896 3392 4303
f 3402 3394 4282
f 3395 3583 4341
f 3562 3395 4341
f 3396 3728 4267
f 3396 3896 4334
f 3400 3399 4276
f 3969 3399 4740
f 3399 3985 4740
f 3401 3400 4276
f 3400 3647 4743
f 3986 3401 4804
f 3401 3489 4804
f 3575 3402 4314
f 3404 3574 4309
f 3573 3404 4309
f 3712 3407 4329
f 3418 3407 4381
f 3408 3409 4347
f 3409 3902 4347
f 3410 3557 4401
f 4048 3412 4357
f 4052 3412 4363
f 4050 3413 4360
f 3429 3413 4686
f 3414 4052 4363
f 3414 4046 4368
f 3415 3416 4366
f 3415 3719 4724
f 3416 3754 4366
f 3416 3417 4372
f 3920 3417 4436
f 4055 3418 4381
f 3419 3418 4383
f 3611 3419 4487
f 4056 3420 4385
f 3420 4057 4385
f 3449 3420 4575
f 3420 4063 4575
f 3421 4067 4405
f 3422 3423 4398
f 3423 3599 4398
f 3423 3424 4399
f 3425 3423 4399
f 3425 3771 4479
f 3428 3897 4408
f 3430 3431 4424
f 3769 3430 4498
f 3430 3432 4498
f 3431 3763 4472
f 3604 3433 4438
f 3719 3433 4724
f 3434 3436 4444
f 3434 3443 4491
f 3436 3435 4444
f 3438 3927 4460
f 3926 3438 4460
f 3438 3439 4467
f 4075 3439 4497
f 3441 3931 4480
f 3442 3606 4489
f 3443 3442 4489
f 3442 3934 4490
f 3444 3447 4543
f 3445 4075 4497
f 3445 3935 4501
f 3446 4098 4985
f 4073 3446 4985
f 3450 3488 4789
f 3485 3451 4755
f 3452 3937 4597
f 3452 4091 4670
f 3937 3453 4597
f 3458 3457 4608
f 3457 3904 4608
f 3461 3457 4612
f 3904 3458 4608
f 3638 3459 4609
f 3459 3460 4609
f 3460 3464 4692
f 3462 3461 4612
f 3647 3461 4743
f 3463 3960 4617
f 3962 3463 4617
f 3463 3466 4664
f 3630 3464 4620
f 3466 3465 4621
f 3971 3465 4665
f 3467 3965 4635
f 3940 3467 4635
f 3481 3468 4754
f 3469 3470 4661
f 3469 4128 4766
f 3470 3482 4735
f 3473 3472 4684
f 3477 3472 4953
f 3474 3473 4684
f 3473 3975 4982
f 3474 3515 4946
f 3476 3475 4699
f 3475 4093 4699
f 3478 3476 4727
f 3476 4114 4727
f 3477 3984 4721
f 3983 3477 4721
f 3518 3477 4953
f 3478 3653 4761
f 3664 3478 4761
f 3480 3479 4729
f 3780 3483 4753
f 3485 3483 4885
f 3484 3485 4755
f 4128 3486 4766
f 3487 3486 4983
f 3490 3669 4814
f 4080 3490 4817
f 3669 3491 4814
f 3492 3674 4820
f 3493 3492 4820
f 3493 3987 4821
f 4163 3494 4890
f 3495 3496 4999
f 4144 3495 4999
f 4152 3496 4854
f 3506 3498 4908
f 3827 3499 5002
f 3502 3500 4895
f 3501 3502 4892
f 3501 3816 4899
f 4146 3502 4895
f 4011 3503 4900
f 4157 3505 4903
f 3843 3505 4935
f 3506 4036 4909
f 4166 3507 4943
f 3508 3510 4921
f 3508 3511 4922
f 3510 3509 4921
f 3509 3517 4955
f 3848 3509 4955
f 3510 3516 4949
f 4177 3513 4939
f 3516 3513 4949
f 3514 4166 4943
f 3514 3516 4988
f 3515 3841 4946
f 3517 3848 4955
f 3518 3519 4973
f 3975 3519 4982
f 3629 3524 4570
f 3526 3525 4198
f 3626 3528 4567
f 3530 3529 4208
f 3533 3585 4349
f 3903 3533 4349
f 3534 3625 4552
f 4086 3534 4552
f 3535 3538 4221
f 3538 3537 4221
f 3538 3549 4279
f 3558 3538 4279
f 3542 3539 4228
f 3541 3542 4236
f 3542 3716 4236
f 3543 3873 4306
f 3544 3545 4242
f 3544 3888 4283
f 3545 3725 4242
f 3545 3549 4265
f 3736 3545 4265
f 3547 3729 4254
f 3549 3736 4265
f 3872 3551 4268
f 3552 3575 4314
f 3884 3554 4274
f 3554 3886 4274
f 3556 3555 4273
f 3749 3555 4441
f 3885 3556 4273
f 3558 3889 4321
f 3578 3558 4321
f 3559 3560 4284
f 3559 3901 4335
f 3873 3560 4306
f 3562 3563 4291
f 3563 3738 4291
f 3563 3582 4340
f 3677 3565 4839
f 3892 3566 4296
f 3566 3567 4296
f 3617 3566 4529
f 3795 3567 4614
f 3568 3569 4301
f 3895 3570 4302
f 3572 3570 4330
f 3571 3572 4305
f 3571 4077 4800
f 4022 3572 4330
f 3574 3573 4309
f 4069 3573 4407
f 3574 4021 4376
f 3592 3574 4376
f 3898 3575 4310
f 3575 3880 4310
f 3576 4040 4345
f 3579 3588 4358
f 3916 3583 4419
f 3777 3585 4531
f 4046 3586 4355
f 3586 3587 4355
f 3959 3586 4980
f 3587 4046 4355
f 3587 3600 4415
f 3590 3599 4400
f 3591 4085 4465
f 4054 3594 4379
f 3643 3594 4649
f 3595 4054 4379
f 4107 3595 4650
f 3597 4075 4417
f 3600 3753 4415
f 3600 3604 4438
f 3603 3602 4434
f 4085 3602 4465
f 3761 3603 4434
f 3919 3604 4439
f 3604 3921 4439
f 3605 4081 4446
f 3606 3605 4446
f 3605 3611 4487
f 4081 3606 4446
f 3649 3608 4685
f 3609 3649 4685
f 3659 3610 4977
f 4082 3611 4553
f 3613 3612 4493
f 3633 3612 4589
f 3620 3614 4537
f 3747 3615 4513
f 3615 3616 4513
f 3953 3616 4689
f 4065 3617 4529
f 3618 3617 4530
f 3617 3933 4530
f 3619 3777 4531
f 3620 3944 4934
f 3624 3657 4708
f 3625 3637 4607
f 3628 3627 4568
f 3627 4097 4568
f 4090 3629 4570
f 3629 3798 4640
f 3636 3629 4640
f 3631 3846 4944
f 3633 3632 4588
f 3634 3633 4589
f 3636 3915 4594
f 3954 3636 4594
f 3637 3641 4622
f 3963 3639 4619
f 4128 3639 4937
f 3640 3970 4663
f 3642 3966 4645
f 3967 3642 4645
f 3642 4107 4650
f 3801 3643 4649
f 3646 3645 4669
f 3645 3653 4702
f 3654 3645 4702
f 3647 3646 4671
f 4108 3647 4671
f 3650 3953 4689
f 3650 3680 4872
f 3651 3977 4693
f 3652 3651 4693
f 3651 3661 4745
f 3656 3655 4707
f 3655 3980 4707
f 3787 3655 4819
f 3655 3674 4819
f 3980 3656 4707
f 3656 4092 4788
f 3657 4113 4708
f 4131 3657 4780
f 3660 3658 4737
f 3658 3810 4737
f 3659 3936 4734
f 3951 3659 4734
f 4074 3659 4977
f 3661 3667 4772
f 3662 3663 4759
f 3689 3662 4971
f 3663 3665 4763
f 3664 3986 4765
f 3977 3664 4765
f 3665 3688 4970
f 4143 3667 4809
f 3668 3669 4773
f 3668 3817 4779
f 4092 3670 4788
f 3819 3671 4792
f 3671 3814 4792
f 3672 3837 4870
f 3675 4148 4826
f 3676 3675 4826
f 3675 3677 4827
f 3678 3676 4828
f 3995 3678 4828
f 4174 3683 4933
f 3846 3684 4944
f 3686 3685 4959
f 3686 3849 4960
f 3687 3686 4960
f 3688 3847 4970
f 3688 4174 4974
f 3693 3692 4185
f 3692 3694 4185
f 3694 3693 4185
f 3693 3954 4572
f 4106 3694 4637
f 3859 3695 4186
f 3696 3859 4186
f 3696 3788 4596
f 3700 3701 4188
f 3701 3809 4726
f 3703 3806 4683
f 3709 3708 4195
f 3708 3744 4304
f 3709 3890 4300
f 4110 3710 3786
f 3712 3711 4213
f 3711 3925 4463
f 3917 3711 4463
f 3750 3712 4329
f 3714 3713 4214
f 3727 3713 4253
f 3719 3718 4226
f 3720 3719 4226
f 3720 4038 4338
f 3722 3876 4231
f 3876 3723 4231
f 3754 3723 4342
f 3727 3725 4378
f 3728 3727 4253
f 3729 3730 4254
f 3731 3729 4255
f 3730 3765 4443
f 3731 3736 4269
f 3733 3732 4257
f 4026 3732 4263
f 3732 3735 4263
f 4025 3733 4266
f 3735 3734 4261
f 3735 4026 4263
f 3736 3737 4269
f 3739 3740 4281
f 3755 3739 4346
f 4031 3740 4288
f 3740 4032 4288
f 3741 4088 4507
f 4033 3742 4297
f 3760 3742 4396
f 3746 3745 4312
f 3887 3748 4323
f 3749 3748 4324
f 3750 4082 4452
f 3751 3900 4333
f 3752 3751 4333
f 3751 3754 4342
f 4038 3753 4338
f 3762 3761 4422
f 3770 3762 4476
f 3910 3763 4426
f 3764 3910 4426
f 3765 3766 4443
f 3767 3925 4459
f 3768 3767 4459
f 3767 3943 4540
f 3944 3767 4540
f 3925 3768 4459
f 3768 4083 4499
f 3777 3768 4499
f 3771 3772 4479
f 3783 3778 4538
f 3779 3802 4758
f 3780 4091 4514
f 4091 3781 4514
f 3803 3781 4676
f 3782 4044 4517
f 3782 3808 4733
f 3783 3909 4590
f 3956 3783 4590
f 3809 3784 4990
f 4107 3785 4638
f 3788 3797 4631
f 3790 3801 4651
f 3791 4040 4654
f 4032 3791 4654
f 3792 3948 4611
f 4102 3792 4626
f 3948 3793 4611
f 3795 3794 4613
f 3796 3795 4614
f 3797 4105 4633
f 3799 3800 4644
f 4018 3799 4716
f 3929 3802 4652
f 4124 3803 4751
f 3958 3807 4709
f 3807 3980 4709
f 3808 3807 4710
f 4116 3808 4710
f 3810 3811 4736
f 3811 3813 4801
f 4130 3811 4801
f 3812 3979 4739
f 3979 3813 4739
f 3815 3814 4752
f 3814 3819 4792
f 3831 3815 4834
f 3817 3816 4779
f 3818 3817 4781
f 3827 3818 4818
f 3819 3836 4841
f 3821 3820 4795
f 4118 3820 4796
f 3821 3988 4803
f 3823 3822 4998
f 3823 3989 4797
f 3833 3825 4837
f 4139 3826 4805
f 3830 3826 4831
f 3828 4137 4825
f 3829 3828 4825
f 4135 3828 4830
f 4137 3829 4825
f 3829 4172 4979
f 4138 3829 4979
f 3830 4135 4830
f 3832 3831 4832
f 3991 3831 4834
f 3833 4150 4835
f 4149 3833 4835
f 3835 3834 4838
f 3834 4011 4884
f 3836 3997 4841
f 3836 4008 4860
f 4006 3836 4860
f 3838 3839 4879
f 4004 3839 4981
f 3839 3947 4981
f 4015 3841 4916
f 3842 4015 4916
f 3842 3846 4942
f 3844 3843 4935
f 3843 3849 4984
f 3844 4007 4957
f 4175 3845 4938
f 3845 4176 4938
f 3846 4178 4942
f 3854 3935 4690
f 3951 3859 4566
f 3868 3867 4202
f 3946 3867 4746
f 3867 3982 4746
f 3874 3871 4237
f 3872 4025 4222
f 4025 3873 4222
f 3884 3876 4262
f 3876 4023 4262
f 3907 3879 4374
f 3883 3882 4248
f 3917 3883 4420
f 4023 3884 4262
f 3900 3886 4320
f 3887 4030 4275
f 4028 3887 4275
f 3888 3889 4283
f 3896 3888 4334
f 3891 3890 4285
f 3892 3941 4528
f 3893 3896 4303
f 3894 3895 4302
f 3895 3914 4413
f 3897 3912 4408
f 3903 4084 4455
f 3904 4043 4350
f 4043 3905 4350
f 3906 3905 4351
f 4053 3907 4374
f 3908 3909 4384
f 4048 3912 4410
f 3913 4048 4410
f 3913 3959 4980
f 3915 4073 4414
f 4072 3915 4414
f 3925 3917 4463
f 4084 3922 4455
f 3934 3922 4490
f 3924 3933 4488
f 3929 3928 4466
f 4089 3928 4512
f 3944 3930 4934
f 3931 3932 4480
f 3935 3936 4501
f 3940 3939 4518
f 3939 3992 4812
f 3993 3939 4812
f 3941 4064 4528
f 3942 3943 4535
f 4037 3942 4565
f 3948 3949 4554
f 3949 3950 4558
f 3957 3955 4725
f 3958 3957 4603
f 3961 3960 4616
f 3960 4100 4616
f 3960 3962 4617
f 3978 3961 4698
f 3965 4115 4706
f 3979 3965 4706
f 3966 3967 4645
f 3971 3970 4662
f 3970 3972 4663
f 3975 3974 4687
f 3974 4012 4894
f 3976 3975 4687
f 4104 3978 4698
f 3981 3991 4799
f 4011 3984 4884
f 3987 4134 4787
f 3987 3994 4821
f 3989 3988 4797
f 3993 4133 4993
f 3994 3995 4824
f 4147 3994 4824
f 3996 4136 4836
f 3996 4009 4928
f 3999 3998 4847
f 4156 3998 4877
f 3998 4010 4877
f 3999 4140 4848
f 4140 4000 4848
f 4001 4000 4849
f 4161 4001 4889
f 4002 4079 4855
f 4003 4002 4855
f 4079 4003 4855
f 4006 4007 4859
f 4014 4008 4986
f 4149 4009 4871
f 4009 4172 4928
f 4013 4011 4900
f 4012 4015 4911
f 4015 4153 4911
f 4022 4021 4219
f 4027 4025 4266
f 4028 4027 4241
f 4040 4032 4654
f 4033 4077 4423
f 4035 4036 4317
f 4095 4037 4565
f 4046 4039 4368
f 4041 4062 4402
f 4061 4041 4402
f 4043 4106 4637
f 4045 4044 4353
f 4044 4092 4517
f 4047 4048 4357
f 4047 4067 4406
f 4050 4049 4359
f 4067 4051 4405
f 4057 4056 4385
f 4056 4058 4421
f 4058 4059 4397
f 4059 4085 4468
f 4065 4064 4404
f 4071 4066 4457
f 4067 4068 4406
f 4071 4068 4411
f 4069 4071 4411
f 4072 4107 4638
f 4077 4076 4800
f 4146 4080 4817
f 4082 4083 4452
f 4084 4082 4553
f 4087 4086 4471
f 4088 4087 4507
f 4089 4088 4510
f 4090 4089 4512
f 4091 4112 4670
f 4094 4093 4561
f 4096 4095 4562
f 4097 4096 4563
f 4101 4100 4625
f 4101 4102 4627
f 4103 4102 4626
f 4102 4104 4627
f 4109 4105 4666
f 4116 4122 4742
f 4118 4117 4719
f 4120 4128 4937
f 4123 4133 4783
f 4125 4124 4751
f 4124 4182 4969
f 4133 4125 4993
f 4127 4136 4794
f 4137 4127 4794
f 4130 4129 4768
f 4131 4134 4786
f 4134 4135 4787
f 4138 4139 4805
f 4172 4138 4979
f 4139 4154 4866
f 4141 4140 4807
f 4142 4143 4810
f 4144 4143 4809
f 4143 4145 4810
f 4154 4150 4867
f 4153 4152 4854
f 4152 4155 4875
f 4155 4161 4889
f 4156 4164 4891
f 4157 4158 4880
f 4160 4159 4882
f 4168 4159 4897
f 4159 4169 4897
f 4161 4165 4893
f 4167 4165 4941
f 4165 4178 4941
f 4167 4166 4896
f 4168 4174 4933
f 4173 4169 4932
f 4170 4171 4905
f 4180 4170 4965
f 4177 4173 4952
f 4174 4176 4974
f 4176 4175 4938
f 4181 4180 4964
