####
#
# OBJ File Generated by Meshlab
#
####
# Object lion.obj
#
# Vertices: 2213
# Faces: 4422
#
####
v 1.184123 -1.077704 -0.626650
v -1.319603 -1.467528 -0.628221
v -0.136505 -1.770502 0.994992
v 0.244355 -0.926399 1.572513
v -0.721254 -0.463129 0.876116
v -0.765175 -0.500575 -0.009120
v 0.307843 0.935287 0.768309
v -0.677732 -0.656273 0.514634
v -0.148544 0.080839 1.507994
v 0.743162 -1.137366 0.189345
v -0.198318 1.171931 -0.347526
v 0.230328 0.223810 1.312158
v -0.480390 -0.209116 1.377859
v -0.172561 -0.959147 1.088411
v 0.878734 0.265423 0.326620
v -0.694431 1.138791 0.184080
v 0.433711 -0.992643 0.839828
v -1.125036 0.657533 0.027644
v 1.208212 -1.834909 -0.628423
v -0.570138 1.051230 0.442000
v -0.620367 -0.363871 0.995588
v 0.332960 -0.950250 1.027025
v -0.057393 0.664106 1.071226
v 1.201582 0.383624 0.253538
v -0.524114 0.278694 1.065377
v 0.073544 -0.322154 1.760765
v -1.173132 0.488369 0.351958
v -0.595635 0.791830 -0.601401
v -0.028885 1.233706 -0.076269
v -1.097874 -1.873872 0.408596
v -1.200023 -1.929612 -0.393127
v 0.245210 -0.691387 1.531761
v -1.085068 -1.938374 -0.532805
v -0.357396 0.627274 -0.906690
v 0.253718 1.200772 0.044302
v 0.842452 -0.753107 -0.551097
v 0.824007 0.438554 -0.404113
v -0.896201 1.045545 0.142345
v -0.349081 -0.056658 1.518211
v -0.422118 -0.537577 1.565035
v 0.081297 0.430807 1.210676
v 0.379277 0.210433 0.962661
v 0.775707 -1.792003 0.601792
v -0.480204 -1.213132 0.674825
v -0.373558 0.216014 0.959992
v 0.504517 1.000812 -0.443493
v 0.408934 0.309730 0.964809
v 0.467820 -1.687536 0.754991
v -0.642136 0.893467 -0.379596
v 0.112994 -1.907009 1.011777
v 0.455996 -0.467583 1.544014
v -0.195362 -1.266015 0.869213
v 0.205732 -0.087476 -0.800411
v 0.889087 0.105480 0.492125
v 0.054725 -1.986161 -0.203072
v -1.112102 -1.574884 -0.793045
v -1.180900 -1.012360 -0.547675
v -0.492681 -1.930435 0.873871
v 0.707336 0.300774 -0.581375
v -0.779861 -1.255396 0.179526
v 0.715562 -0.733570 -0.633972
v -0.316173 0.195062 1.028094
v -0.292701 1.190563 -0.074223
v 0.766490 0.081248 0.870826
v -0.338498 -1.931795 0.961761
v 0.084824 -1.451891 -0.809067
v 1.235496 0.637880 0.402993
v 0.305954 0.446884 1.233469
v 0.022723 0.688972 -0.982357
v 0.067075 -0.458305 1.739663
v 0.663069 -0.596789 -0.618367
v 0.643036 -1.384800 0.325449
v 0.867713 0.211474 0.493470
v 0.282723 -0.725909 1.577140
v -1.009443 0.121255 0.246669
v -0.802080 -0.255253 -0.404220
v -0.770022 -0.801997 -0.635260
v 0.011471 0.938159 0.783184
v 1.291412 -1.854534 0.064165
v 0.738990 1.172527 0.439139
v -1.252747 -1.815124 0.276279
v 0.312580 -0.616844 1.617056
v 0.393792 0.320970 1.155790
v -0.214883 -1.319575 0.842588
v 0.305471 -0.838547 1.401675
v -0.314739 1.110356 0.398778
v 0.093736 -1.721005 0.963168
v -0.791854 -0.566571 0.505417
v -0.635198 -0.158441 1.044905
v 0.682716 0.693769 -0.540224
v 0.288656 1.042543 0.536552
v 0.021330 1.060063 -0.727337
v -0.013130 -1.914137 1.047468
v 0.252594 -0.138767 1.735330
v 0.770177 -0.516018 0.741555
v -0.643073 -1.384687 0.325498
v -0.161861 -0.974638 1.036783
v -1.086074 -0.977964 -0.151290
v 0.352788 -0.682462 1.462459
v 0.510929 -1.012034 -0.837102
v -0.961151 0.991127 0.118313
v 0.638026 0.503384 0.891301
v -0.700530 -0.084127 0.938264
v 0.388098 -0.736999 1.218322
v 1.336044 -1.735693 0.047028
v -0.421967 -1.046894 0.826258
v 0.437164 0.651506 1.078854
v -0.528131 -0.306758 1.180086
v 0.456986 -1.738829 0.777258
v -0.355259 0.131287 1.227304
v -0.257973 -1.978230 0.523669
v -0.254292 -1.717764 0.955335
v -0.333793 1.077818 -0.504837
v 0.295437 0.323062 1.237664
v -0.486734 -0.916447 0.849536
v 0.812085 -0.514179 0.185174
v 1.046223 1.110508 0.461974
v -0.554616 0.870505 -0.578831
v 0.360387 -0.892837 1.287202
v 0.402437 -1.971200 0.481999
v -0.512918 1.000167 -0.427309
v -0.599313 -1.513436 0.612738
v 0.331743 0.001648 1.379400
v 0.246835 -1.977609 0.509234
v -0.199403 -1.004247 1.461969
v -0.858920 -0.428435 0.214814
v -0.399542 0.737000 1.003074
v 0.376634 -0.781999 1.158938
v -0.330215 0.014001 1.361020
v -0.606269 -1.114277 0.548603
v 0.364743 1.054326 -0.522110
v -0.339814 -1.015843 0.879825
v 0.547570 -0.889630 0.725540
v 0.501826 -0.291861 1.237380
v 0.923729 0.170682 0.297572
v -0.121673 -1.715275 -0.792829
v 0.039379 -1.107320 1.024925
v -1.049005 -1.360336 0.104289
v -0.707277 -1.948880 -0.501981
v -0.243819 -1.061452 0.877817
v 0.317668 -0.947758 1.259624
v 1.180922 -1.012361 -0.547652
v 0.386084 0.156360 1.138142
v -0.570889 -0.312979 1.100576
v -0.646572 -1.747291 -0.741824
v -1.157273 -1.247048 -0.751921
v -0.601633 -1.954882 -0.337186
v -0.003342 -1.539037 -0.791199
v -1.096332 0.449501 0.333522
v -0.771956 0.415641 -0.501547
v -1.046784 0.513543 -0.139530
v 0.014006 -1.885949 1.048049
v 0.698563 0.884636 -0.298446
v -0.764292 0.086098 0.872712
v 0.762253 0.563059 -0.479396
v 0.286134 0.531169 1.215514
v 0.902001 0.082367 0.356722
v 0.003559 -1.011982 1.458424
v -0.021095 -0.643842 -0.647238
v 0.940099 0.415074 0.266883
v -0.043911 -1.179583 -0.791137
v 0.650645 -1.951311 -0.484372
v 0.178136 -1.459885 0.845935
v 1.285072 -1.185535 -0.598296
v -1.237953 -1.862610 0.254142
v -0.147794 -0.695612 -0.702315
v 0.787271 -1.963406 -0.037267
v -0.888505 -0.716404 -0.460002
v -0.299643 -1.614322 -0.822344
v -0.476560 -0.670953 1.240054
v 0.983167 0.836110 0.257092
v 0.581129 0.541100 0.983106
v -0.873531 -0.705604 -0.252079
v -0.737959 -0.791962 0.069346
v 0.124776 0.628125 1.114868
v 0.250313 0.108438 1.159193
v -0.519678 -1.422357 0.710453
v 0.856126 -0.482493 0.476383
v 1.045796 0.138898 0.104043
v -1.101295 -1.137539 -0.041002
v -0.882383 0.235254 0.349378
v -1.043110 0.130018 0.210734
v -0.750421 -1.148862 0.184331
v -0.270228 -1.789167 -0.725238
v -0.985414 0.884137 -0.020516
v 0.810810 -0.655007 -0.073981
v -0.108814 -0.265512 1.777999
v 0.480724 0.575207 -0.797222
v -0.737927 -0.631599 0.341309
v 0.517529 0.193935 1.104963
v 0.287286 -0.689629 1.427054
v 1.015320 0.800502 -0.070742
v -1.243178 -1.801931 -0.627002
v -0.175732 0.440708 1.235814
v 0.750398 -0.501760 -0.521176
v 0.767156 0.813857 -0.297101
v 0.744513 0.124951 -0.528465
v -0.006771 1.002128 0.677661
v 0.471715 -0.155212 1.360164
v -0.261723 -0.772211 1.391610
v 0.000612 1.034819 0.609243
v -0.554535 -1.510749 -0.882920
v -1.315873 -1.818224 0.054026
v -0.523795 -1.051297 0.604907
v 0.729398 -1.507651 0.298486
v -1.276839 0.659267 0.382970
v -1.355442 -1.250808 -0.398062
v 0.564906 -1.624583 0.710900
v -0.776584 0.953904 0.296147
v -0.579806 -1.907872 0.747619
v 0.872452 0.409017 -0.342739
v 0.623629 0.618448 -0.653353
v -0.283362 0.069930 1.276397
v 0.729109 -0.020460 -0.526474
v -1.242105 -1.401761 -0.030017
v -1.245582 -1.267393 -0.701106
v 0.264109 -0.763548 1.352666
v -0.288896 0.250785 1.224772
v -0.622590 -0.599401 -0.631374
v 0.768049 0.397324 -0.507969
v -0.438820 -1.975611 0.133771
v 0.506466 -0.346077 1.362141
v -0.266261 -1.415317 0.894845
v -0.606598 0.314813 -0.681748
v 0.660577 0.236774 0.929658
v -0.232923 0.225836 1.303774
v -0.507949 -1.199176 0.629898
v -0.385657 0.458382 -0.892856
v -0.313835 0.240503 -0.883009
v -1.202909 0.550676 0.174684
v -0.923984 -0.351926 0.243880
v 0.111525 -1.723276 -0.791277
v -0.741595 -1.875610 0.743433
v 0.522442 -0.588599 1.224107
v 0.004973 -1.928486 1.043258
v 1.016184 -1.806558 -0.724398
v 0.192210 0.649464 -0.973256
v -0.195157 0.731817 -0.939290
v -0.810701 -0.349070 -0.083637
v -1.051857 -0.856013 -0.400644
v -1.181414 0.923967 0.467627
v 0.751395 -0.256835 0.820346
v 0.525785 -0.524139 1.355546
v -0.929445 0.254340 0.251320
v -1.217823 -1.794875 0.308927
v 0.708802 0.715985 0.514518
v -0.735776 0.381333 -0.547592
v -1.203080 0.395898 0.296922
v -0.972248 -0.236677 0.256708
v 1.299658 -1.117126 -0.387676
v -0.131036 -0.256222 1.808755
v 0.814611 -0.113127 -0.224770
v -0.481349 0.380906 1.209865
v -0.413671 -0.315806 1.554175
v -0.383288 -0.912562 1.184097
v 0.974696 0.100353 0.265109
v 0.410772 -1.043321 0.835146
v 0.489689 0.669388 0.977606
v 0.297078 -0.729280 1.524608
v 0.798573 1.099072 0.165382
v -0.512815 0.346469 1.189666
v -0.839394 -0.146174 0.646221
v 1.226588 -1.900237 0.058054
v 0.654543 -0.235306 0.939916
v 0.411511 -0.664950 1.509488
v -0.484167 -0.274164 1.312857
v -0.385414 -1.271827 -0.887996
v 0.440872 -0.657195 1.412605
v 0.931135 0.119125 0.303926
v 1.105524 0.993221 0.351303
v 0.689329 -0.169608 -0.557093
v -1.321680 -1.291945 -0.585319
v -0.879682 0.213085 -0.287361
v 0.813362 -0.209200 -0.139110
v -0.506247 -0.225586 1.250493
v 0.280441 -0.964044 1.248726
v -1.189924 -1.851296 0.342029
v -0.482917 -0.794419 1.121547
v -1.343316 -1.546076 -0.607336
v 0.932586 -0.047179 0.467314
v 0.215518 0.196028 1.356307
v 0.471315 0.279428 0.979342
v -0.706279 0.237463 -0.580409
v 0.822745 -1.866690 0.662495
v -0.983865 -0.153042 0.209693
v -0.818126 -0.470841 -0.384415
v -0.318296 -0.995748 0.917454
v 0.471265 -0.130060 -0.690424
v 0.226872 1.085230 -0.588050
v -0.014953 -1.680942 -0.797124
v -0.623288 -1.562621 0.436096
v 0.736492 -1.873281 -0.670395
v 0.703597 0.816303 0.380123
v 0.795785 -0.667805 -0.543552
v -0.222730 1.193499 -0.222127
v 0.609961 0.454978 -0.686356
v -0.385866 -1.147069 0.828978
v -0.711125 0.723590 0.485519
v -0.858775 -1.147370 0.118975
v -0.390712 -0.266059 1.577044
v -0.302226 -0.843382 1.343501
v 1.161608 -1.806020 0.361260
v -0.701410 -1.867837 0.784027
v -0.360321 -1.584268 0.784971
v 0.493719 1.048410 0.441853
v 0.473441 -0.264655 1.483548
v 0.512650 0.803954 0.820269
v -0.057534 0.939894 -0.844566
v 0.165616 -0.259445 1.679508
v -0.736572 -0.397535 -0.512757
v -1.249550 -1.878484 0.161047
v -0.859723 -0.476373 0.382051
v -0.665981 -0.163770 0.931560
v 0.283240 -1.662741 -0.800836
v -1.128600 0.395794 0.057701
v -0.308510 0.642281 1.142893
v 0.362753 -1.255141 0.837044
v 0.301085 -0.952015 1.437644
v 0.057103 0.702863 1.040218
v -1.285034 -1.185581 -0.598386
v 0.484179 -0.790528 1.122363
v -0.581404 -0.814951 0.972613
v 0.815088 -0.267331 0.697724
v 0.817178 0.205714 -0.385008
v 0.321078 -0.805081 1.325220
v -1.283583 -1.820757 -0.565323
v 0.105238 0.010016 1.604559
v 0.677796 -0.656220 0.514603
v 0.793282 -1.065328 0.136938
v 0.275409 -0.767117 1.437953
v 1.332116 -1.636531 -0.601791
v 0.043980 -0.459950 1.775240
v -0.243963 -0.662123 1.609488
v 0.332502 1.098598 -0.452464
v -0.482785 -1.378758 0.707685
v -0.371512 -0.756922 1.276517
v -0.421581 0.824613 0.881878
v 0.136968 -1.671604 0.954028
v -0.145405 -1.487341 0.845281
v 1.356625 -1.462427 -0.580934
v 0.079597 0.469199 -0.999007
v 0.697939 -1.763573 0.721812
v 0.286886 1.148029 0.287843
v -0.774097 0.642064 0.351801
v 0.309761 0.321072 -0.909164
v -1.349901 -1.324497 -0.277497
v -0.901940 0.679399 -0.258611
v -0.357583 -0.943605 1.149933
v -0.302267 -0.950104 1.441101
v 1.107842 0.565939 0.345138
v -0.588155 0.895727 -0.490353
v 0.346801 -0.060429 1.533266
v -0.681781 0.748127 -0.504963
v -1.228544 0.862081 0.437855
v 0.948859 -0.816536 -0.229256
v 0.055178 -1.022420 1.080354
v 0.713750 -0.633197 0.395564
v -0.562505 -1.290066 0.658433
v 0.407653 -0.179554 1.536004
v -0.702854 0.319616 0.803052
v 1.023485 0.841260 0.291389
v 0.263186 0.872709 -0.833059
v -0.670830 -1.884963 0.773687
v 0.570694 -0.315097 1.101678
v -1.208852 -1.488184 -0.760852
v 0.352493 0.305651 1.119198
v -1.037961 1.106009 0.476746
v -0.122365 1.223072 -0.163836
v 0.005250 -0.282765 1.849095
v 0.099403 1.100705 -0.633657
v -1.106903 0.791017 0.053944
v -0.537435 0.209494 1.062669
v 1.297497 -1.810943 -0.503861
v -0.422162 -1.977517 0.674055
v -0.348764 -0.901645 1.304592
v 0.272470 -0.250582 1.695121
v -0.433976 0.090578 -0.769357
v -0.759428 -0.616335 -0.555648
v 0.472236 0.031751 1.248419
v -0.263629 -0.982496 1.488466
v 0.619396 -0.373738 0.998337
v -0.734000 -0.927157 0.146279
v -1.251594 0.669499 0.300643
v 0.413777 -0.931338 1.041908
v 0.265344 -0.807030 1.348275
v 1.036571 0.554804 -0.149199
v -0.588371 -1.616675 0.694258
v -0.793306 -0.582828 0.596586
v -0.079866 -0.973794 1.621813
v 0.963054 -0.967886 0.010700
v 0.310390 -1.584476 0.880695
v 0.157752 -0.444255 1.730480
v 0.174987 -1.980172 0.895388
v -0.413752 -0.931330 1.041996
v 1.185140 0.467939 0.142461
v -0.922025 -1.811217 0.491935
v -1.299915 -1.117131 -0.387651
v 0.558533 -1.508492 0.687826
v 1.252164 0.663201 0.299153
v -0.416111 -0.107232 -0.723425
v 0.308181 -0.171031 1.688505
v -0.420663 1.169365 0.151401
v 0.736907 -0.704498 0.324718
v 0.758655 -0.083827 -0.472525
v -0.828099 0.564702 -0.382191
v -0.109128 -1.729351 0.971144
v -1.271718 -1.381205 -0.702296
v 0.637215 -0.030585 1.102101
v 0.698371 -1.895633 0.650173
v -0.377638 -0.780663 1.155856
v 0.674957 -1.681873 0.513329
v -0.294275 -1.963373 -0.532985
v 0.686350 0.735584 -0.508031
v 0.090096 -1.014077 1.530085
v 0.741579 -1.266322 -0.890103
v 0.758978 -0.646510 -0.013021
v 0.256239 -1.069260 0.867413
v 0.289744 -1.746368 -0.759086
v -0.667712 -0.571211 0.960100
v 0.349391 -1.947556 -0.569056
v 0.766134 0.469494 -0.501167
v -0.337394 -0.604552 1.604817
v 0.682561 1.141270 0.185679
v -1.063366 -1.949507 0.039630
v -0.326023 -0.805642 1.322957
v -0.264289 -0.805449 1.348893
v -0.452408 -1.789729 0.813088
v 1.023304 0.092712 0.199033
v 0.290565 1.013756 -0.665360
v -0.508119 1.152502 0.301544
v -0.757044 -0.518998 -0.517739
v 0.334122 -0.849867 1.461490
v -0.322974 0.780670 -0.861117
v 0.259872 0.044083 1.477419
v 0.709386 -1.938736 0.285869
v 0.456006 -0.581580 1.521024
v -0.339014 0.506261 1.210219
v 0.475660 0.246324 -0.774947
v -0.335733 -0.949454 1.023151
v -0.273367 -0.803355 1.579430
v -0.153966 -1.980234 0.495525
v 0.821402 -0.567635 -0.248123
v 0.060521 -0.649510 1.646937
v 1.067667 0.900728 0.416525
v -1.353342 -1.437985 -0.578865
v 0.783022 -0.474500 -0.202253
v -0.406005 -1.611520 0.758375
v 0.245265 0.217004 1.292409
v -1.002126 0.042082 0.064329
v -0.624288 0.179554 1.053862
v 0.805874 -0.524919 0.279146
v -0.000017 -1.960702 0.942092
v -0.881405 1.000871 0.298832
v 0.549010 0.342054 1.166508
v -0.335073 -0.842151 1.469522
v -0.312598 -0.874695 1.397011
v 0.206184 0.314691 1.283921
v 0.030106 -0.617833 1.627024
v -0.531036 0.973093 0.540983
v 0.848539 0.078070 -0.249526
v -0.142914 -1.261631 0.946447
v 1.008457 0.104627 -0.009805
v 0.867182 0.597296 -0.328734
v 0.955916 0.078474 -0.116371
v -0.366793 -1.762702 0.840227
v -0.300412 -1.697755 -0.787717
v 1.306667 -1.815585 0.160317
v 0.693937 0.791462 -0.429676
v -0.163606 -1.979329 0.882915
v 0.742790 0.647847 -0.468428
v 0.951419 -0.751988 -0.406847
v -0.150871 0.818699 0.949143
v -0.375349 1.130275 -0.262389
v 0.199123 -1.177478 0.881191
v -0.848060 0.156013 0.586967
v -0.031138 -0.783531 -0.670133
v -0.181749 -0.837091 1.640607
v 0.554722 -1.510650 -0.882924
v -0.376887 -1.455399 0.768425
v 0.898645 1.077152 0.456801
v -0.038145 -1.790152 -0.749628
v -0.889195 -0.206362 -0.037801
v -0.630487 -1.634161 0.522931
v -0.103521 -0.296304 1.688737
v 0.357337 -0.118110 1.602024
v -0.016337 -1.154650 1.021161
v -1.322990 -1.176534 -0.342453
v -0.674867 -1.681834 0.513446
v -0.324618 0.263976 0.975604
v -0.247798 0.105843 1.395170
v -1.290527 -1.563925 -0.659831
v 0.471821 -0.607300 1.481373
v -0.723197 -0.049073 -0.530312
v -0.035796 -0.601897 1.692028
v -0.548847 -1.465773 0.699756
v -0.758910 1.050519 0.408450
v 0.828861 0.562481 -0.381602
v -0.493064 -0.488173 1.478553
v 0.407762 -1.969354 0.334739
v -0.494366 0.208251 -0.754303
v -0.559270 -0.934511 0.531659
v 1.261047 -1.558405 0.055510
v 0.326596 -0.867463 1.508580
v -1.179013 -1.614407 -0.752753
v 0.832290 0.624355 0.271292
v -0.609922 0.978903 0.449060
v -0.910047 -0.910920 0.020586
v 1.061824 -1.882854 0.420761
v 0.277662 0.602178 1.172959
v 0.509013 1.152599 0.283325
v -0.281933 -0.115950 1.687708
v -0.726002 0.740009 -0.426716
v -0.633507 0.641569 -0.633847
v 0.630481 -1.634109 0.522787
v -0.961438 -0.143790 0.115094
v -0.597207 1.105138 0.037903
v 0.521708 1.029706 0.483263
v -0.755462 -0.694454 0.180842
v 0.023920 -0.597012 1.694246
v -0.357824 -0.992798 0.886646
v 0.816270 -0.363099 -0.063497
v 0.312464 1.098374 0.415866
v 0.415073 -0.780190 -0.738912
v -1.186715 0.472230 0.144798
v 0.385247 -0.606778 1.572425
v 0.868806 -1.860542 0.606456
v -0.615974 -1.940766 0.574931
v 0.323642 -1.946114 0.954517
v -0.235985 -1.636813 0.958510
v 0.569329 -0.781857 1.017731
v -0.289475 -0.712942 1.481985
v -0.604079 0.478526 -0.691925
v -0.934588 -0.832989 -0.076399
v 1.301200 -1.630244 0.064313
v 0.934007 -0.832356 -0.076316
v 1.012707 -1.945259 0.126304
v 0.715644 0.909237 0.346269
v -0.662969 -1.944189 -0.558591
v 1.160498 0.719263 0.161996
v 0.381116 -0.962873 0.899501
v -0.860256 -1.872943 0.624985
v 0.699514 -0.310994 -0.546717
v -0.508057 -1.952340 0.711353
v 0.577716 -0.818231 0.450904
v -0.730542 0.751008 0.285485
v -0.385291 0.673205 1.097701
v -1.239854 -1.901784 -0.348199
v 0.253073 -1.229161 0.841709
v -1.274012 -1.855499 -0.504041
v -0.657339 -0.885486 0.438986
v -0.553588 1.045166 -0.191633
v 0.790783 0.129270 -0.436651
v 0.308003 -0.930185 1.479016
v 0.092344 -1.938398 1.009569
v 0.403536 -0.933914 0.944247
v 0.956342 -1.648854 -0.793122
v -0.827490 0.305392 -0.393396
v 1.048635 -0.931998 -0.160435
v 0.272660 0.968593 0.718646
v -1.240374 -1.145324 -0.202233
v 0.208155 -0.235971 1.670671
v 0.025757 -0.796137 -0.671157
v 0.832983 -0.658993 -0.117284
v -0.439345 -1.456714 -0.890622
v 0.976590 -0.100745 0.325243
v -0.557301 -1.920924 -0.618150
v 0.977574 0.473750 0.263190
v -1.360096 -1.334332 -0.524218
v 1.199376 -1.322330 -0.755224
v -0.904914 0.174786 0.322835
v -0.958052 0.316172 0.236609
v 0.801381 -0.571851 0.602500
v -0.371967 -0.850009 1.268581
v 0.797926 -0.156458 -0.273939
v -0.955927 0.078476 -0.116381
v -1.047893 0.940658 0.159583
v 0.940104 0.628847 -0.245616
v 1.044805 -1.816560 -0.712992
v -0.414748 1.074409 0.435376
v -0.817930 -0.396957 -0.309217
v 0.859755 -0.476317 0.381963
v 0.667459 -0.772243 0.783860
v -0.222050 0.084196 -0.864125
v 0.781693 -0.441767 -0.125048
v 0.483855 0.976832 0.577047
v 0.249284 0.107167 1.385315
v -0.329663 -0.875697 1.332929
v -0.214244 -1.944565 0.987990
v -0.567108 0.519535 1.047418
v -1.271297 0.570339 0.352011
v 0.476127 -0.913049 0.888790
v 1.114170 0.728637 0.380570
v 0.482195 0.391535 1.202090
v 0.330721 0.143284 1.096900
v 0.621675 0.471380 0.967897
v 0.508513 -1.252945 0.653999
v 0.166790 -1.907782 -0.613050
v -0.278822 0.447953 -0.951848
v -0.532207 0.424271 1.115913
v 0.715801 -0.533991 -0.567566
v -0.000553 0.038504 1.579657
v 0.290077 0.068129 1.271076
v -0.709081 -0.700466 0.734683
v -0.602439 -1.337162 -0.904989
v -0.307993 0.285516 1.160921
v 0.092721 1.230521 -0.084392
v -0.162077 -0.465473 1.726413
v -0.210282 -1.002508 1.505281
v 0.560166 0.464284 1.066164
v 0.359354 1.172905 0.177174
v -0.480016 1.054305 0.427089
v -0.490047 0.665998 0.980665
v 0.203268 -0.688768 1.572878
v -0.464931 -1.731088 0.771641
v -0.475032 -1.194968 0.691172
v -0.871583 0.199797 0.493046
v -0.346577 0.144321 1.134840
v 0.455546 -0.182747 1.467445
v 0.756675 0.474638 0.628754
v -0.272221 -0.235173 1.699490
v -0.007631 0.285717 1.288620
v 0.049531 -1.543490 0.910641
v 0.363233 1.181733 0.074260
v -1.013649 0.530751 0.269899
v 0.229354 -0.481577 -0.698283
v -0.700236 0.832314 0.380727
v 0.969343 0.025729 0.282274
v -0.195221 -1.972268 0.944278
v -0.575770 -0.819368 0.452344
v 0.002311 -0.362825 -0.696126
v -0.353696 -0.682171 1.461389
v 0.578301 -0.709699 -0.679752
v -0.181197 0.580496 1.158155
v -0.163856 0.573298 -0.991701
v 0.492273 -0.916552 0.838145
v -0.794513 -0.738069 -0.000606
v 1.006797 -0.819930 -0.336062
v 0.008911 0.869712 -0.893507
v 0.181889 -1.964657 0.966524
v 0.477918 -1.408904 0.714140
v 1.232722 -1.052857 -0.298475
v 0.318213 -0.679458 1.343282
v -0.143292 -1.431949 0.857156
v 0.580854 1.145760 0.163280
v -0.640664 -1.151151 0.519355
v -0.797929 -0.189800 -0.307561
v 0.589953 -1.904222 0.742328
v 0.298373 -1.422361 0.892290
v -0.684161 -1.030511 0.411256
v -0.939788 -0.043312 0.439024
v 0.713430 0.234984 0.838214
v 0.444983 -0.684084 1.249385
v 0.459697 0.140926 0.998189
v 1.046917 -1.498602 0.185938
v 0.376877 -1.455824 0.768381
v -0.093171 -0.294883 1.740571
v 0.847451 -0.456118 0.224322
v 1.193048 -1.449041 0.040521
v -1.141150 -1.947268 -0.340107
v 0.359726 -0.811286 1.257923
v -0.127849 0.630915 1.113732
v -0.082118 -0.653376 1.653600
v -0.871236 0.413298 -0.344172
v -1.038521 0.243347 0.295035
v 0.347168 -1.691381 0.819730
v -0.806344 -0.562178 -0.446256
v -0.696182 0.818255 -0.391522
v 1.203800 -1.898107 -0.561314
v -1.296711 -1.131296 -0.489963
v 0.459531 -1.791710 0.811865
v 0.487805 -0.973735 0.793467
v -0.589317 -1.516952 0.657291
v 0.219243 -0.748575 1.626710
v 1.264766 0.592456 0.380764
v -0.349487 -0.819162 1.279398
v -0.028228 0.426183 -0.995938
v 0.619708 -0.618811 1.000442
v 0.667952 -1.131379 -0.866597
v 0.370368 -0.846736 1.270774
v 0.411436 -0.844835 1.179277
v -0.887957 -1.916889 -0.622057
v 0.866315 -0.437318 0.507921
v 0.604454 -1.935026 0.619720
v 0.774197 0.641960 0.351835
v 0.575289 0.212309 1.120495
v 0.858064 -0.363566 0.141722
v -0.639782 -0.730128 0.928573
v 0.166873 -1.609380 -0.805633
v 0.358288 -0.666344 1.400415
v -0.956401 -1.649031 -0.793066
v 0.566507 -1.276386 0.650401
v 0.319044 -1.972802 0.888683
v 1.339523 -1.315675 -0.248976
v 1.228536 0.862102 0.437864
v 0.692008 -1.844159 0.784038
v 1.001571 -0.937564 -0.041567
v 0.511332 -0.089209 1.252547
v 0.960730 0.283612 -0.229125
v -0.998237 1.043583 0.232147
v 1.165859 0.373630 0.309817
v -0.738471 -1.379742 0.229071
v -0.569006 -0.851295 0.769570
v -0.593280 0.010267 -0.649633
v -0.313393 0.953688 0.731488
v 0.493486 -0.462936 1.481645
v -0.771858 -0.074140 -0.449427
v -0.347297 -1.691256 0.819747
v 0.576988 -0.026427 1.169533
v 0.246199 0.163638 1.113052
v -0.627779 -0.668009 0.975213
v 0.142633 -0.719941 1.667506
v -0.739333 -0.315131 -0.499285
v -0.775497 -0.402834 -0.190288
v -0.444562 -0.792435 1.144077
v -0.816540 -0.418791 0.055322
v -0.820954 0.473894 -0.406802
v -0.924850 -0.062693 -0.089812
v -0.794476 -0.567193 -0.104858
v -0.287072 0.083748 1.246812
v 0.127158 0.320736 -0.964093
v 1.223106 0.568772 0.219007
v 0.378420 0.560297 1.188880
v -0.800371 0.046659 -0.341454
v 0.635959 0.097209 1.093294
v 0.977357 0.400385 -0.232430
v -0.208417 -1.981905 -0.444235
v -0.404941 -0.549756 -0.678803
v 1.170572 -1.631011 -0.753227
v -1.012608 1.127893 0.443532
v -0.268966 0.088145 1.286662
v -0.376495 0.600294 1.174207
v -0.588848 0.942322 0.513802
v -0.066147 -1.364313 -0.812425
v -1.100150 -1.954452 -0.417106
v -1.104167 -0.986043 -0.605262
v 0.572843 -1.406805 0.684671
v 0.002956 -1.465669 0.939426
v -0.168505 1.027813 0.595332
v 0.523386 1.026820 -0.311941
v 0.599156 -1.667193 0.712231
v -0.748873 0.569632 -0.497021
v -0.396870 1.007855 0.562347
v 0.126139 0.898280 -0.863172
v -0.706463 -0.927440 0.239822
v 0.739957 -0.858353 0.299020
v -1.178938 -1.863745 -0.620847
v -1.335634 -1.223521 -0.500585
v 0.668099 -0.556775 0.960526
v 0.533920 -0.529483 1.204741
v 0.179527 0.577362 1.159771
v 1.133855 -0.950222 -0.308464
v -0.165505 -0.274302 1.685591
v 0.405226 1.074237 0.442359
v -0.269046 1.003487 -0.698477
v 0.640660 -0.349209 -0.594654
v 0.657284 0.873099 -0.385311
v -0.121662 0.232882 1.323555
v -1.130769 0.528684 0.028544
v 0.448426 0.360133 1.210822
v -0.668641 0.127955 1.018173
v -0.288179 -0.691149 1.491618
v 0.437897 0.109782 -0.771989
v 0.061371 -0.529708 1.737902
v 0.539598 1.119425 0.433538
v 0.425947 -1.132932 0.800951
v 0.805059 0.099501 0.774047
v -0.609324 -0.715835 0.463484
v 0.870942 -0.443420 0.279183
v -0.593752 -1.509697 0.503013
v 0.410993 -1.975221 0.774243
v -0.128620 -0.406651 1.736299
v 1.353148 -1.415078 -0.240633
v 1.265660 0.577847 0.304943
v -0.161037 1.221673 -0.083232
v 0.480967 -1.922682 0.900501
v 0.548044 -1.958163 -0.298209
v -1.340872 -1.677584 -0.517820
v -0.137560 0.154160 1.407873
v 0.646613 -1.747224 -0.741874
v 0.945008 -0.163592 0.072847
v 0.895378 0.656487 0.244180
v 0.563252 -1.902891 -0.642128
v -1.166392 -1.740794 0.293344
v 0.941105 0.081656 0.299664
v 0.896183 -0.060013 0.558442
v 0.613852 0.842085 -0.523254
v 1.350700 -1.240849 -0.385923
v -0.523457 -0.430771 1.222204
v -0.346981 -0.681628 1.252162
v 0.739279 0.763647 0.262135
v 0.814535 -0.525148 0.626579
v -0.165063 -1.909759 -0.611076
v -0.809895 -0.596139 -0.169533
v 0.581150 -0.948384 0.498642
v -0.184532 -0.127780 -0.786460
v -0.718283 -0.793065 0.107872
v 0.623534 -1.300132 0.610585
v 1.369012 -1.459875 -0.529949
v -1.012269 -1.801171 -0.727357
v -0.277136 -1.984505 0.755742
v 0.778659 -0.327638 -0.175929
v -0.278166 0.257081 1.076777
v -0.029642 -0.618679 1.629249
v -0.596244 0.280830 1.060520
v 0.281120 -0.687680 1.500790
v 1.339114 -1.650410 -0.002061
v -0.435950 -1.903367 0.932500
v -0.510343 -0.945299 0.765666
v 1.352759 -1.611005 -0.551994
v -0.263787 0.063037 1.351603
v 0.327799 -1.822382 0.924827
v -0.187053 -0.175937 1.798488
v 0.544268 -1.896320 0.868114
v -0.415052 1.146377 0.359472
v 0.155522 -0.664716 1.643054
v 1.009445 0.121260 0.246673
v -0.281874 -0.961948 1.032155
v -0.032021 -1.502469 0.923573
v -0.813343 -0.511040 0.186663
v 0.722898 0.519724 0.695277
v 0.084681 -0.464631 1.735118
v 0.824186 -1.888122 0.644486
v 1.244238 -1.651446 -0.681511
v 0.385559 0.458439 -0.892989
v -1.107787 0.565948 0.345075
v -0.713816 -0.633173 0.395517
v 0.783669 0.236072 0.651206
v 0.420882 -1.976827 0.651610
v -0.823652 -1.857019 0.650470
v -1.045795 0.138896 0.104038
v -0.781910 -0.310392 -0.175194
v -0.238827 -0.759244 -0.732332
v 1.000028 0.020981 0.182031
v -0.058948 -0.341466 1.834244
v 0.070024 -1.908708 1.023825
v -0.769645 0.998796 -0.057054
v 0.402379 -1.840725 0.901659
v -0.803466 -1.080053 -0.812928
v 0.931539 0.164597 -0.209549
v -0.281676 -0.709701 1.448906
v 0.223314 -0.343704 1.715464
v 0.718283 -0.793028 0.107865
v 0.151323 -1.188250 -0.831096
v 0.488918 -1.052851 0.755012
v -0.784512 0.032944 -0.429627
v -1.213589 -1.909750 -0.129919
v 0.032358 -0.676906 1.677850
v -0.740568 0.017507 0.918619
v -0.141353 -0.182988 1.805620
v 0.606683 0.154865 1.099377
v 0.636799 1.024413 -0.108643
v 0.641001 -0.920793 -0.759675
v 0.493762 0.178568 0.959789
v -0.640667 -0.349203 -0.594652
v -0.403076 0.310044 0.965144
v 0.066578 0.785724 0.969626
v -0.226683 -0.201635 1.779983
v 0.342365 -0.683862 1.250915
v 1.097816 0.378823 0.321474
v -0.517006 0.181840 1.161543
v 0.514794 1.148269 0.369876
v 0.749859 -1.844261 0.734901
v 0.391329 -0.504917 1.589738
v -0.324480 -0.930306 1.321396
v -0.501525 0.182789 0.974233
v -0.953211 0.577425 -0.250806
v 1.325572 -1.720932 -0.189423
v -0.801731 -0.145309 -0.251792
v 0.869933 -0.694473 -0.259290
v 0.696882 -0.670914 0.874054
v -0.895673 0.656119 0.244241
v -0.342624 -1.130204 0.844458
v 0.972781 -0.808929 -0.476719
v -0.215722 0.701672 1.072007
v -0.492455 -0.097636 1.281171
v -0.148637 1.217408 0.026501
v 1.033337 0.870858 0.026533
v 0.511587 1.142079 0.067429
v -0.352051 -0.157574 1.632773
v -0.986427 0.063991 0.243219
v 0.657278 -0.885528 0.439035
v -1.021215 0.603472 -0.157160
v 1.120526 0.243093 0.283466
v -0.226596 0.117390 1.420284
v -1.155352 0.728646 0.155580
v -0.532327 -1.850605 -0.685474
v 0.430996 0.076626 1.252353
v -0.995217 -0.974179 -0.011619
v -0.694624 0.670253 0.616978
v 0.737958 -0.791910 0.069331
v 0.569783 -1.902314 0.839962
v 0.425865 1.151597 -0.040900
v -0.005947 -0.649539 1.664458
v -0.633712 -1.651986 0.652499
v -0.994523 0.312068 0.247587
v -0.671767 -1.847602 0.795506
v 0.804905 0.706535 -0.338592
v 1.104612 0.715262 0.003750
v -0.738268 -0.832215 0.337833
v -0.189508 -1.630377 0.962929
v -0.099929 0.663733 -0.985081
v -1.243089 -1.043877 -0.428257
v -0.942861 0.132114 0.299038
v -0.750272 0.483582 0.642005
v 0.213776 -0.547488 1.690160
v 0.290477 0.112114 1.175155
v 0.805981 0.005627 0.769190
v -0.525323 -1.057181 0.574593
v -0.148713 -1.014777 0.974675
v 0.272272 0.034772 1.392186
v -1.348065 -1.595534 -0.166660
v 0.064235 -0.952178 1.640923
v -0.040257 -0.683026 1.680157
v 0.264299 1.113902 0.383926
v 0.589267 -1.517264 0.657315
v -0.513455 0.844768 0.767096
v 0.571721 1.108357 0.445005
v 0.164957 -0.959992 1.092733
v 0.331878 -0.994529 0.904778
v -0.686080 -1.630928 -0.824985
v 0.851770 -1.126955 0.116641
v 0.374484 -1.252098 -0.882935
v 0.176294 1.203118 -0.230613
v 1.106908 0.791022 0.053944
v -1.039855 0.998390 0.459974
v -0.450715 0.453802 1.160509
v -0.842445 -0.753084 -0.551096
v -1.141677 -1.477396 -0.793867
v 0.476102 -1.120807 -0.868573
v -1.166658 0.376726 0.310816
v 0.801450 -1.568797 -0.838653
v 0.960514 -1.130080 0.064134
v -0.983097 0.836109 0.257022
v 0.972249 -0.236677 0.256708
v 0.098301 -0.376569 1.697865
v -0.272956 0.570942 1.192691
v -0.859684 -0.469795 0.502557
v -0.270861 -0.754577 1.352231
v -0.250787 0.194077 1.107814
v -0.251805 0.108058 1.184327
v 0.958295 0.568423 -0.245896
v 0.448284 -1.337023 0.717681
v 0.564301 0.869986 0.665933
v 0.774579 0.794329 0.231204
v -0.559153 -0.797809 0.494357
v 1.253483 -1.781965 -0.627866
v 1.008388 -1.877022 -0.667912
v -0.757979 -1.921841 0.484659
v -0.560184 0.464282 1.066157
v -0.219029 -0.147580 1.761052
v -0.839360 0.198896 -0.334238
v 0.672300 0.939567 -0.237077
v -0.399070 -0.753401 1.161276
v -1.052667 -0.934591 -0.163720
v 0.910444 -1.397130 0.199921
v -0.336455 -0.859877 1.489318
v 0.581051 -1.840331 0.820980
v 0.661960 -0.061202 1.054522
v -0.073636 -0.985199 1.117720
v -0.744106 -0.598487 0.422388
v 0.288464 -0.792629 1.562836
v -0.974368 0.168139 0.292221
v 0.620431 0.326954 1.002757
v 0.458029 0.308733 1.100132
v 0.371560 -1.340205 0.814227
v 0.256088 -1.727786 0.954351
v -0.585866 1.135005 0.114063
v -0.717950 0.859230 -0.305591
v 0.770041 -0.802011 -0.635241
v -0.672962 0.348873 0.897489
v 0.951107 -1.897066 0.452044
v 0.846624 -0.571520 -0.345688
v -0.753693 -1.853425 0.738005
v 0.740329 -1.387297 -0.890675
v 0.015482 1.162523 0.277620
v 0.559572 -0.882731 0.652268
v 0.276686 0.258977 1.083900
v 0.423236 1.150662 0.352743
v -0.791370 0.316381 0.595431
v 1.320077 -1.807617 0.038202
v -1.067635 0.900367 0.416564
v -0.196678 -1.167272 0.884530
v -0.074205 0.844581 0.904630
v 0.001496 -1.969105 0.692957
v -1.167399 -1.356317 -0.782251
v -0.263816 1.126823 0.352910
v -0.297023 -0.007637 1.483243
v 0.276369 -1.977589 -0.455748
v -0.222758 -0.003769 1.588292
v -0.493246 -0.285889 1.262772
v 0.506409 0.884310 -0.621903
v -0.279029 -0.768040 1.442880
v 0.153343 -0.681625 1.624232
v -0.955172 0.948752 0.288637
v 0.539408 0.314743 1.153245
v 0.528670 -1.055950 0.562012
v 0.227855 -1.440634 0.884873
v 1.131172 -1.320695 -0.789822
v -1.200233 0.777712 0.282037
v 1.208891 -1.488128 -0.760736
v 0.229911 0.776592 0.994568
v -0.347256 -0.021910 1.419557
v 0.320461 -1.043066 -0.823909
v 0.904408 0.036642 0.543179
v 0.684931 -0.768943 0.397111
v -0.357289 -0.641485 -0.701002
v 0.317808 -0.780853 1.492397
v 0.088882 -1.812261 0.993676
v -0.890949 -1.549290 0.291171
v 0.305553 -0.698693 1.304313
v 0.187044 0.245407 1.320421
v 0.059050 -0.340765 1.834950
v -0.745896 -1.783960 0.648208
v -0.293898 -0.686496 1.414441
v -0.095168 -0.932737 1.646273
v 0.985232 1.113076 0.481208
v -0.032351 -0.341413 1.846974
v 0.234668 1.131148 -0.457333
v -0.722434 -1.195270 -0.880697
v 0.207669 -1.001815 1.459449
v 0.381976 -0.020319 1.381513
v -1.114134 0.728872 0.380559
v -0.368212 -0.433091 -0.679734
v -0.108395 1.125795 -0.562338
v 0.550613 -0.059569 -0.666182
v 0.046873 1.201326 -0.330777
v 0.733787 -1.871286 0.754905
v -0.220615 1.065449 -0.636307
v 0.759407 1.050170 0.408370
v 0.927459 0.898539 -0.065737
v 0.792578 -1.929808 0.373246
v -0.972673 -1.963260 -0.076155
v 0.948348 -0.072660 -0.030031
v -0.869882 -0.632892 -0.348222
v 0.937112 -1.794422 0.462339
v -0.474482 -0.716389 -0.708332
v -0.161888 -0.208149 1.822314
v 0.321574 0.941513 -0.732996
v 0.043565 -1.985626 -0.446352
v -0.826762 0.896707 0.233890
v 0.567247 -0.854332 0.762037
v 0.824235 -0.485340 -0.300313
v -0.662634 -1.938114 0.399982
v 0.318639 0.270518 0.980123
v -0.833054 -0.659077 -0.117266
v -0.753153 0.121132 -0.516870
v -0.190076 -0.209548 1.757909
v -1.305362 -1.791548 -0.179704
v -0.469941 0.613262 -0.801311
v -0.154000 -0.681297 1.626272
v -0.218060 0.838460 -0.874906
v -0.795656 0.830639 -0.255606
v -1.368798 -1.324999 -0.449177
v -0.585190 0.403455 1.051141
v 0.749933 -0.628028 0.703704
v 0.205071 0.962467 -0.782961
v -0.684805 0.264355 0.875639
v 0.000145 -0.432839 1.798910
v 0.419916 0.905781 0.762737
v -0.886138 0.112613 0.503576
v -0.528453 -0.436910 1.353871
v 1.054083 -1.325097 0.083057
v -0.017137 1.231998 -0.181678
v -0.551494 -1.616506 0.712331
v 0.280076 0.005248 1.519368
v -0.297565 0.433218 1.240867
v -0.158126 1.040020 -0.715085
v -0.271021 -0.690452 1.508307
v 0.248691 0.147270 -0.879671
v 0.559557 0.092827 1.165218
v -0.541331 -0.856190 0.841052
v 0.858009 -0.074203 -0.165303
v -0.051630 1.012325 -0.782825
v -0.965325 1.025061 0.431177
v 0.888499 -0.716402 -0.460026
v -0.251235 -0.206068 1.736502
v -0.447552 -0.005259 1.289978
v -0.775714 0.091609 -0.472442
v 0.981658 -0.174098 0.306924
v -0.028478 -0.511627 -0.656556
v 0.144161 0.141902 1.423648
v -0.230906 0.180741 1.361173
v 0.254637 -1.135172 0.846675
v -0.372578 -1.331302 0.815655
v -0.573644 -0.144736 1.166078
v 0.905695 -1.702407 -0.771183
v -0.672331 -0.565938 -0.603528
v 0.921893 -0.253683 0.101320
v 0.474956 0.567249 1.132353
v 0.090528 0.294605 1.279713
v 0.808699 -0.590831 -0.176207
v 0.380699 0.261966 0.936808
v -1.214162 -1.916597 -0.484020
v -0.288878 0.502216 1.225462
v 0.936430 -1.864566 0.555840
v 0.597488 0.788145 -0.601773
v -0.191711 -1.550886 0.920426
v 0.322675 0.291827 0.985114
v 0.281659 -0.219098 1.699640
v -0.199055 0.233973 1.326271
v -0.517596 -0.689421 1.148466
v 0.066192 -0.756864 1.688053
v -0.038629 1.099975 0.437354
v 0.082770 0.887184 0.850852
v 0.627710 0.050668 -0.629986
v -0.798219 -0.392297 -0.410004
v -0.816258 1.172986 0.459945
v 0.507534 -0.218022 1.250257
v -0.491342 0.504320 -0.792524
v 0.724807 1.110813 0.127103
v 0.794497 -0.738058 -0.000592
v -0.507928 -1.868528 0.870669
v -0.842306 -0.577061 -0.392336
v -0.588088 -1.719628 0.745993
v 0.384919 -1.675494 0.784719
v -0.342495 -0.675452 1.502206
v 0.872766 0.286639 -0.321789
v -0.505315 -0.887656 0.985328
v -0.748724 0.850388 0.270226
v -0.402282 0.057853 1.277953
v 0.707738 -0.699963 0.727078
v 0.858642 1.166224 0.473657
v 0.528040 -0.872575 0.826064
v 1.122373 -1.951865 -0.351924
v -0.858283 -0.362786 0.140757
v 0.167123 -1.811231 0.998847
v 0.588107 -0.757116 0.450073
v -0.919376 -0.098241 0.491576
v 1.318692 -1.473125 -0.630260
v 1.075340 -1.223110 0.020382
v 0.432719 -1.911160 0.934811
v 0.804807 -0.131342 0.704805
v -0.436497 0.652214 1.078835
v -0.398301 -0.115372 1.487676
v 0.524013 0.278821 1.065400
v 0.593644 -1.509484 0.502889
v -1.006866 -0.821715 -0.333422
v 0.159567 0.838320 0.927778
v -0.423055 -1.312582 0.736287
v 0.282005 0.071140 1.283133
v 1.047889 0.940660 0.159559
v -1.317584 -1.759047 -0.520232
v -1.300351 -1.654636 -0.633283
v 0.179006 0.725855 -0.948341
v 0.560993 0.937226 -0.467919
v 0.869834 -0.632750 -0.348244
v -0.174927 0.903024 0.845423
v -0.158154 -0.522351 -0.691988
v -0.075578 -1.739366 0.972309
v -1.201980 0.384454 0.254222
v -0.418207 1.150102 -0.064220
v -0.793298 -1.065348 0.136996
v -0.791785 -0.284667 0.750479
v 0.158747 -0.194441 1.815668
v 0.181352 0.424559 1.245116
v 0.435711 1.109208 0.419779
v 0.725144 0.746771 0.316059
v -0.253517 0.644437 -0.956425
v 0.251556 -0.087852 1.673356
v -0.914518 0.401468 0.276444
v 1.353244 -1.543450 -0.590935
v 0.239369 -0.966394 1.549439
v -0.381437 0.713545 -0.850105
v 0.404166 -0.675718 1.415195
v 0.759428 -0.616346 -0.555645
v 1.047662 0.440095 -0.138629
v -0.662226 -0.777267 0.782136
v 0.091572 -0.656650 1.648210
v -0.965441 0.255709 0.245308
v -0.095214 0.311245 1.270424
v -0.301562 -0.830487 1.405484
v -0.013351 -1.102912 1.043131
v 0.975538 -1.964378 -0.144184
v 1.175024 0.945562 0.469939
v -0.300806 -1.748394 0.911256
v 0.574961 0.254147 1.086500
v 0.032908 0.592063 1.116979
v 0.150244 -0.957248 1.170801
v 0.734454 -0.980778 0.172501
v -0.909930 -0.276024 0.109119
v 1.256809 0.763731 0.389892
v 0.901315 0.180304 0.326214
v -0.952861 -0.085388 -0.003452
v 0.755467 -0.694437 0.180845
v 0.001806 -1.012203 1.114340
v 0.504831 -1.441560 0.716808
v -0.775522 -0.595379 0.266592
v 0.589746 0.622533 0.879408
v -1.113822 -1.048837 -0.116369
v -0.505477 -0.628182 1.228737
v -0.445607 0.289374 0.958289
v -0.237888 -0.454504 -0.699863
v -0.284928 1.187445 0.125973
v -0.890857 0.874097 0.229499
v -0.369967 -1.371470 -0.889670
v -0.262202 -0.927925 1.559969
v 0.929447 0.254392 0.251327
v -0.620801 -0.028619 1.121084
v 0.764787 0.879870 0.264036
v -0.740372 0.662660 -0.462699
v 0.027256 -0.440595 1.801058
v 0.158273 -1.415375 0.848717
v -0.687669 0.924923 -0.246604
v -0.981972 -1.129426 -0.772604
v 0.275880 -1.391209 0.887552
v 0.147754 0.201780 1.351888
v 0.607687 1.114608 0.065095
v -1.034121 0.280885 0.299670
v 0.369820 0.331771 -0.877396
v -0.723231 0.913302 0.336754
v -0.629474 -1.688452 0.709042
v 0.983867 -0.153032 0.209693
v -0.572444 0.272837 1.088982
v 0.737941 -0.631549 0.341285
v -0.976689 -1.895203 0.442559
v -0.299673 1.122944 -0.413263
v 0.610608 0.319789 -0.678550
v -0.044439 -0.634314 1.636482
v 0.797144 -0.926753 0.086972
v -1.333063 -1.691489 -0.143809
v 0.514316 1.078921 -0.167696
v -0.515123 1.145936 0.375943
v -0.331226 -0.747088 1.348542
v -0.917094 1.106400 0.264363
v 0.760970 -0.543643 -0.038449
v 0.238740 -0.758863 -0.732266
v -0.790441 -0.074906 -0.395827
v 0.039498 -0.325950 1.847764
v 0.377061 -1.125323 0.834899
v -0.819869 0.072725 -0.296218
v -0.339344 -0.664417 1.566098
v -0.244311 0.977461 0.702775
v 1.225283 -1.102314 -0.221159
v -1.156726 0.609487 0.379187
v 1.265584 0.674130 0.404897
v 0.258888 -0.973363 1.368383
v 0.561190 0.783395 0.784399
v 0.320196 -0.792752 1.458816
v 0.646471 -0.492797 -0.606316
v 0.931894 0.010016 0.411903
v 0.738450 -1.379834 0.228986
v 0.765638 0.954699 0.304818
v -1.024806 -1.626053 0.282995
v -0.111963 1.190140 0.180016
v 0.278903 -1.000946 0.937188
v -0.484961 0.345676 -0.786658
v -0.727907 0.919174 -0.213161
v 0.481171 -0.207986 1.396181
v -0.145605 -0.655914 1.653966
v -0.843110 0.107674 0.684646
v 0.640582 -1.151134 0.519443
v -0.653000 -1.893931 0.703319
v 0.826971 0.896740 0.233819
v -0.736913 -0.704521 0.324712
v -0.460212 1.068559 -0.320430
v -0.405861 -0.173047 1.533430
v 0.487774 -1.602971 0.731630
v 0.162791 1.206404 0.091537
v 0.533388 -0.456734 1.337703
v -0.298242 -0.091757 -0.777795
v 0.978018 0.174236 0.291472
v -0.068623 -1.000292 1.586182
v 1.141567 -1.477231 -0.793857
v 0.154872 -1.037571 0.946896
v 0.204092 -1.277269 0.855683
v -0.613877 -0.481654 -0.615208
v 0.806347 -0.562158 -0.446232
v -1.190613 -1.021945 -0.264123
v -0.318542 -0.069500 1.592395
v 0.338433 -0.672632 1.517386
v -0.272875 -0.965895 1.321335
v 1.227953 -1.030509 -0.351312
v 1.270114 -1.856346 0.200072
v -1.367624 -1.482079 -0.553009
v 1.292310 -1.748360 0.180493
v -0.297376 -0.729718 1.525108
v 0.798130 -0.401544 -0.410295
v 0.616152 0.532572 -0.678489
v -0.074442 -1.916165 1.023034
v 1.351594 -1.227028 -0.432019
v -0.533692 -0.549365 1.206710
v -0.245283 0.269363 -0.919648
v 0.564674 0.320988 1.134136
v -0.460129 -0.478072 1.540968
v 0.098118 -1.612949 0.893273
v -0.450294 -0.653868 1.325203
v 0.964870 1.155060 0.461767
v -0.308254 0.311513 1.223773
v -0.660256 -0.035457 1.066261
v 0.616974 -1.452276 0.406671
v 0.170515 -0.607311 -0.698371
v -0.832406 0.624198 0.271276
v 0.267885 0.093579 1.289561
v -1.169839 -1.905456 -0.573895
v 1.008049 -1.961391 -0.397712
v 0.790128 0.732901 0.230503
v 0.070108 -0.991454 1.601389
v 0.779150 -0.048365 -0.433167
v -0.582022 0.763510 0.772204
v -0.273982 -1.101788 0.850450
v 1.124950 0.374658 0.065333
v -0.729424 -1.507592 0.298568
v 0.929030 -0.217781 0.423276
v -1.276201 -1.753025 0.211955
v 0.440762 -1.885847 0.921549
v 0.719015 -0.132487 -0.528314
v -0.821398 -0.084995 0.692535
v 0.558675 -0.800526 0.488632
v 0.590414 0.274358 1.073564
v -0.905642 -1.702512 -0.771159
v 0.901985 -0.389397 0.390681
v -0.292946 -1.857395 0.958624
v 0.131493 -1.976331 0.586363
v 0.196411 1.038703 -0.697717
v 1.278575 -1.847424 -0.467232
v -0.283248 -0.726083 1.577098
v -0.634187 -1.193193 0.468320
v 1.103909 -1.113188 -0.057426
v 0.800352 0.046672 -0.341432
v -0.216663 -0.617429 -0.702757
v -0.802464 0.172537 -0.411411
v -0.348301 -0.674208 1.527480
v 0.451030 0.881284 0.779925
v 0.681808 0.270049 0.881593
v -0.725828 1.119507 0.145590
v 0.960873 0.850264 -0.086015
v 0.894752 0.381210 0.295973
v 0.703628 -1.739803 0.652723
v -0.643569 -0.176472 -0.594698
v -0.578241 -0.709709 -0.679792
v -0.808564 0.554365 0.356871
v -0.988517 0.348461 -0.212359
v -0.997145 -1.142154 0.048043
v -1.112734 0.237742 0.283773
v 0.484542 -0.248968 1.447144
v -0.028782 -0.435823 1.804184
v 0.029992 0.286175 -0.961686
v -0.380682 0.262006 0.936793
v 0.779851 -1.255418 0.179431
v 0.634194 -1.193267 0.467427
v 0.560315 -0.936821 0.519466
v 0.680387 -0.095627 0.982431
v -0.272146 -0.455463 1.681010
v 1.287398 -1.140566 -0.292119
v -0.626331 0.251472 0.996720
v -0.496388 1.113828 0.423297
v 1.038979 0.241835 0.294382
v 0.787401 -0.528840 -0.103475
v -0.066732 -0.058159 -0.820089
v -1.121063 -1.936106 0.052861
v -0.673621 -0.757202 0.824366
v 0.609532 -1.119197 0.547827
v 0.451145 0.447193 1.165267
v -0.447070 -0.931602 0.883745
v -0.042308 0.514510 1.162521
v -0.951452 -0.752049 -0.406798
v -0.905573 -0.832475 -0.019477
v -1.005390 0.101838 -0.015123
v 0.247571 -0.211141 1.726762
v 0.220826 -0.189696 1.789529
v -0.354209 0.084964 1.267348
v 0.818176 -0.361684 -0.324337
v -0.326877 -1.301858 0.859657
v -0.509741 -0.870768 1.028580
v 1.199347 -1.604636 0.153230
v 0.807814 1.131925 0.473363
v 0.640350 -1.747033 0.747616
v -0.072470 -1.111595 0.994014
v -1.105672 -1.706027 -0.758111
v -0.011957 -0.968210 1.192014
v -0.902096 -0.389011 0.390713
v -0.150112 -1.983106 -0.195602
v -0.972743 -0.808902 -0.476710
v 0.617021 -0.812577 0.814212
v -0.255651 0.569220 -0.967813
v 0.015298 -1.366321 -0.802162
v -0.163513 -0.957928 1.178988
v -0.377195 -1.546158 -0.863280
v 0.168791 -1.313473 -0.841164
v 0.167745 -0.983214 1.014080
v -0.669992 1.156341 0.439282
v 0.005450 1.221591 0.042699
v 0.525863 -0.440580 1.222370
v -0.588093 -0.757055 0.450091
v 0.619870 0.702897 0.761023
v 0.379588 0.601800 1.171459
v 1.119334 1.048155 0.457585
v 0.484328 -0.274009 1.312867
v 0.879409 -0.655802 -0.398629
v -0.683981 -0.698228 0.394211
v 1.206171 -1.925987 -0.356957
v -0.118785 -0.253397 1.833192
v 0.852847 1.175386 0.461049
v 0.201835 -1.991867 0.125433
v -0.626550 -0.788486 0.893026
v 0.232889 -0.997790 1.499190
v -0.218960 -0.342603 1.717497
v 1.254025 -1.835944 -0.592126
v -0.585664 -0.760546 0.616644
v -0.002785 -0.115901 1.737915
v -0.910875 -0.699994 -0.355472
v 0.911612 0.092973 0.326281
v 1.022136 1.001442 0.452322
v -0.463756 0.976339 0.587835
v -0.519149 -1.013276 0.679991
v -0.503287 -0.850571 1.064457
v 0.358681 -0.471717 -0.681818
v 0.798105 -0.256826 -0.416720
v -0.461564 -0.180743 1.453985
v 0.846621 0.290313 0.458570
v -0.601502 0.729361 -0.635786
v 1.321045 -1.746073 -0.541388
v 0.595749 -1.314836 -0.906624
v -0.901603 0.083617 0.357726
v 1.327228 -1.182347 -0.352740
v 0.811183 0.312702 0.540537
v -0.489119 -0.263640 1.438079
v -0.621862 -0.520521 1.013852
v 0.685099 0.855876 0.411656
v -0.328526 0.830069 0.935151
v 0.461272 0.670663 -0.794074
v 1.007752 0.058139 0.059181
v 1.239489 -1.037425 -0.414720
v 0.380479 -0.918694 1.184172
v -0.089962 -1.282129 0.974583
v -0.528158 -0.883097 0.800440
v 0.559655 -1.069594 0.547661
v 0.392970 0.528951 -0.889728
v 0.683026 -0.621160 0.923847
v 1.287265 -1.438105 -0.053485
v 0.525863 0.231569 1.030518
v 0.482780 -0.895107 1.019690
v 0.309872 -0.025810 1.520531
v -1.046371 -1.837309 -0.696394
v -0.775234 -0.246581 -0.451366
v 1.173885 0.573792 0.114977
v -0.078961 -0.470950 1.735764
v 0.160538 1.173522 -0.374482
v 0.768961 0.100376 -0.488264
v 1.367404 -1.316804 -0.453075
v -0.697854 -0.645247 0.888686
v 0.375103 0.613268 -0.894601
v -0.343486 -1.816834 0.908379
v -0.245691 -1.986751 0.241717
v 0.052612 -0.128086 1.755241
v -0.846370 0.354513 0.404029
v -0.311528 1.169978 -0.197644
v -0.268409 -1.327453 0.863466
v -0.437621 -1.862463 0.905356
v 0.888632 -0.187445 -0.050667
v -0.720387 -1.419752 -0.887500
v -1.358632 -1.574157 -0.560153
v 1.120531 -1.225614 -0.760380
v -0.299605 0.788942 0.988563
v 0.155996 0.289055 1.293543
v 0.149780 -0.735340 -0.713355
v 0.816584 -0.418684 0.055347
v -0.267571 0.092815 1.198393
v -1.333699 -1.753052 0.028873
v -0.858385 -0.030540 0.648629
v -0.852902 0.752539 0.217855
v 0.537324 0.209557 1.062763
v 0.290984 0.782068 -0.877989
v -0.682802 -1.309245 0.256120
v -1.118428 0.852670 0.196842
v 0.202906 0.417056 -0.971722
v 0.707824 -0.854877 0.394399
v -1.295138 -1.751398 -0.600849
v 1.125354 -1.671210 0.260298
v 0.073707 -1.246170 0.986953
v 0.560902 -0.627661 1.094278
v 1.240859 -1.900047 -0.425678
v -0.343279 -1.316967 0.852323
v 0.817164 1.007307 0.314666
v -0.711116 -0.921301 0.190935
v -0.785738 -0.438144 -0.105252
v 1.029071 0.724087 -0.100793
v 1.203087 0.395863 0.296908
v -0.968095 0.421460 -0.244535
v 0.031602 -1.184817 -0.788830
v -0.555675 0.341980 1.155803
v -0.181622 -1.752049 0.992028
v -1.265661 0.577847 0.304948
v -0.988626 -0.024867 0.219121
v -0.023060 -1.590982 0.933170
v 0.932934 0.483452 -0.281836
v 0.628798 -1.640168 0.649797
v -0.965843 -0.247161 0.200701
v 0.880937 -0.279966 0.005639
v 0.113553 -0.695650 1.672807
v 0.473584 -1.270869 0.689781
v -0.761019 -0.543706 -0.038440
v -0.593905 -1.846596 0.822283
v 0.609067 0.948231 -0.337427
v -0.305558 -0.941472 1.388435
v -0.570028 0.201816 1.127960
v 0.530776 0.922436 -0.544272
v 0.660430 0.428209 0.896311
v 0.439420 -1.456638 -0.890625
v -0.721920 -0.747613 0.119698
v -0.949459 0.835044 -0.112037
v -0.627877 1.030241 -0.103986
v 0.161448 -0.996265 -0.791140
v -0.295223 -1.059129 -0.826661
v 0.044129 -1.802791 -0.735138
v -0.364569 -0.808267 1.238894
v 0.360299 -1.584321 0.784924
v 0.287786 0.247200 1.216029
v -0.839693 0.274520 0.504601
v 0.354308 0.136242 1.216851
v 0.499370 -1.131296 0.639999
v -0.987457 0.453599 0.263014
v 1.245654 -1.267253 -0.700941
v 0.575887 0.669490 -0.690648
v 0.300602 -1.748520 0.911447
v 0.437963 0.475960 1.157391
v -0.533605 -1.068918 0.558326
v -0.113657 -0.247483 -0.745551
v 0.744022 -0.598521 0.422366
v 0.919312 -0.862665 -0.008505
v 0.723909 0.730958 -0.438480
v 0.128939 -0.406053 1.735964
v 0.658787 -1.087044 0.342157
v 0.429207 0.000526 1.309027
v 0.620026 0.698468 -0.626976
v -0.070478 -0.324326 1.771969
v 0.668286 -1.478799 0.319869
v 0.359919 -0.759875 1.307177
v 0.423965 -1.704583 -0.790156
v 1.055455 -1.924176 0.237968
v -0.294110 -0.722357 1.348294
v -0.096166 0.829058 -0.907868
v -0.894038 0.281994 0.288098
v 0.560371 0.411298 1.093645
v 0.348511 -1.033714 0.864886
v -0.015636 -0.546402 1.738277
v 0.394205 -0.764297 1.155035
v -0.250330 -1.181918 0.842691
v 0.325406 -0.895536 1.348408
v -0.331582 0.941491 -0.725490
v -0.095383 -0.817716 1.678774
v 0.019821 -1.597976 0.937083
v 0.307410 0.801498 0.974721
v 0.413993 -0.716336 1.194130
v -1.198452 -1.911861 0.050478
v 0.662872 1.011310 0.410670
v -1.272256 -1.861336 -0.163896
v -0.503605 -1.303718 0.676350
v -0.183287 -1.912566 1.005380
v 1.257159 -1.870609 -0.530262
v -1.260454 0.602912 0.386928
v 0.777425 0.202846 -0.481305
v 1.116676 -1.854500 0.417937
v 0.311147 0.635828 -0.934016
v 0.366792 -1.756313 0.835347
v 0.494313 -0.896039 0.938134
v 0.271073 -1.312031 0.860334
v -0.136582 0.974935 0.711898
v -1.334330 -1.652383 -0.591597
v -0.976582 -0.100761 0.325237
v 1.182486 0.965867 0.441155
v 1.214523 -1.908828 -0.143199
v -0.496447 0.865557 -0.649244
v 0.992181 -0.032452 0.189433
v 0.619482 0.939630 0.464838
v 0.212333 -1.660220 0.971503
v -0.706156 -0.501792 -0.566372
v -0.748710 -1.960515 0.008760
v -0.627612 0.551127 0.875191
v -0.581054 0.540727 0.983146
v 0.553864 -0.463987 1.130718
v -0.898742 1.077100 0.456682
v 0.199432 -0.711566 1.624973
v -0.489082 -1.047264 0.758141
v -1.337792 -1.641808 -0.013675
v 0.127255 1.191934 0.168587
v -0.334133 1.169466 0.204286
v 0.515546 -1.003547 0.704514
v 0.239410 0.007354 1.558823
v -1.012060 -1.395884 -0.822471
v -0.408493 -0.710082 1.208895
v -0.629227 -1.246081 -0.899934
v -0.251382 -1.011248 0.932823
v 0.104508 -0.271356 1.770584
v 1.039046 0.336233 -0.133129
v 0.382505 0.668992 1.104880
v -0.460480 -1.921843 0.915596
v -0.051135 1.206794 -0.310429
v 1.126414 -1.899457 -0.604458
v 0.703480 -1.944114 -0.549963
v -0.818091 0.668397 -0.345440
v -0.139146 -1.067483 0.936445
v 1.321797 -1.291838 -0.585127
v 1.041266 -1.114332 -0.729850
v -0.273215 0.895086 0.840417
v -0.422538 -0.839125 1.167880
v -0.816105 -0.529132 0.619855
v 0.638768 -0.180607 -0.597736
v -1.236640 0.837080 0.405282
v -0.715545 -0.733580 -0.633997
v -0.589217 -1.370795 0.665822
v 0.806349 -1.219742 -0.871386
v -0.309570 1.190181 0.027589
v -0.010524 -1.878991 1.047742
v 0.395730 0.741146 1.002095
v -0.565294 -0.851155 0.660134
v 1.156746 0.609432 0.379192
v -0.837499 -0.616349 -0.251696
v 0.212257 -0.206334 1.789738
v 0.864652 -0.698842 -0.196549
v 1.276721 0.587962 0.344881
v -1.221055 -1.023746 -0.345049
v -0.319517 -0.790295 1.461120
v 0.722941 -0.495931 0.870817
v -0.062573 -0.530433 1.738836
v -0.902594 1.170949 0.446219
v -0.621677 0.471385 0.967893
v -0.012566 1.126414 -0.590453
v 0.742961 -0.866043 -0.688787
v 0.187048 -0.016990 1.625243
v -0.797176 -0.926789 0.086995
v -0.146756 0.475070 -0.991053
v -0.526246 1.100749 -0.061022
v 0.914278 1.096985 0.235701
v 0.693488 0.129958 -0.582515
v 0.903806 -0.758867 -0.242156
v -0.017701 -1.746256 1.008582
v -0.247436 -0.174357 1.759439
v 0.747973 -0.366928 -0.488224
v -0.686925 -0.116113 -0.561929
v 1.099592 -1.001777 -0.141001
v 1.118427 0.852679 0.196840
v 0.014350 -1.944857 1.019732
v -0.579134 -1.899430 0.838537
v 0.398183 -0.856625 1.200896
v 0.171077 -0.211660 -0.760411
v -0.436061 0.195017 0.961232
v -0.405138 -1.502665 0.743337
v 0.472291 -1.201451 0.694122
v 0.360362 0.400703 1.205274
v -1.121060 0.287565 0.147020
v -0.442104 1.041292 0.482775
v 1.022495 0.249656 -0.125087
v 0.795655 -0.249968 -0.287398
v 0.471536 1.062353 0.426957
v 0.544804 -0.853160 0.841771
v 0.205207 0.714238 1.059386
v 0.340596 0.349100 1.207176
v 0.316185 0.195027 1.028105
v 0.631852 -0.710027 0.954521
v -0.986475 -0.045649 0.161054
v -0.981647 -0.174266 0.306902
v 0.819854 0.072729 -0.296197
v -0.995873 -1.929199 -0.586411
v 0.456803 -0.947487 0.849578
v -0.197541 1.113202 -0.542214
v 0.807920 0.641858 -0.374073
v -1.321783 -1.275076 -0.228417
v 0.389012 -0.252011 1.577823
v 0.532670 0.193172 1.148958
v 1.200865 -1.880853 0.264551
v -0.653755 0.896222 0.445119
v -0.150529 -0.011366 1.624977
v 0.955204 0.948719 0.288542
v 0.590680 0.225540 1.100437
v -0.316078 0.148466 1.093226
v 0.312470 -0.935029 1.348711
v 0.339533 -1.270200 0.852880
v -1.056315 0.403405 -0.117307
v -0.097699 -0.205354 1.821643
v -0.537693 -0.198025 -0.649595
v 1.335604 -1.223576 -0.500827
v 0.262137 0.862929 0.887855
v -0.193949 0.948477 -0.801817
v -0.734444 -0.278177 0.846665
v -0.528420 1.021766 0.489279
v 0.665728 -0.164845 0.932158
v 0.378561 -0.064876 1.462104
v 0.576548 -0.828212 0.691884
v 0.773770 0.865649 -0.239198
v 0.116108 -0.266983 1.816339
v -0.264118 0.167278 1.266795
v 0.808655 0.554456 0.356587
v 0.484287 0.435947 -0.797920
v -0.948952 -0.816858 -0.228496
v -0.969344 0.025720 0.282264
v -1.250548 0.714764 0.415936
v 1.240725 -1.249724 -0.120235
v 0.511211 1.124169 0.418952
v 0.232982 0.119919 1.412445
v -0.088903 -1.812267 0.993671
v 0.449993 0.258821 0.955265
v 0.800233 -0.579478 -0.119557
v -0.686447 -0.721912 0.848721
v -0.239592 -0.321785 -0.719294
v -0.823500 -1.323014 -0.876788
v 0.377302 -1.546151 -0.863313
v 0.331791 -0.745679 1.348453
v 0.855441 0.183056 -0.299129
v 0.125926 -0.437336 -0.693559
v 0.705819 -0.929914 0.239889
v -1.362942 -1.495052 -0.434521
v -0.767907 0.476337 -0.497010
v -0.613003 0.958034 -0.305494
v 0.411890 -1.341737 0.744485
v -0.536232 0.202609 1.121014
v 0.965843 -0.247159 0.200702
v -0.224322 -0.960103 1.564565
v -0.922292 1.163685 0.471072
v -0.389051 -1.725314 0.802997
v 0.789069 -0.440590 -0.084854
v 1.252809 -1.815092 0.276266
v 1.112862 -1.943552 -0.495838
v -0.065514 0.783288 0.971863
v -0.147970 -1.128170 -0.819949
v 0.400624 -1.532492 0.747845
v 0.343547 -0.948935 1.125435
v 0.336278 -0.662999 1.566281
v -0.363099 0.142626 1.207065
v -0.088968 -0.962024 1.258281
v 0.411486 1.069546 -0.424859
v -0.457891 -1.583693 -0.861202
v -0.935926 -0.214813 0.092196
v -0.374788 -0.719386 1.234984
v -0.414883 -0.418695 -0.663787
v 0.476017 -0.725218 1.166385
v -0.474336 -0.948200 0.832248
v -0.467926 0.955090 -0.577625
v -0.538630 -0.084269 -0.668455
v 0.857129 -1.732394 0.447129
v -0.169979 -0.978028 1.329011
v 0.817402 -0.496095 -0.393926
v 0.683979 -0.698219 0.394203
v 0.852981 0.752508 0.217960
v -0.060164 -0.433854 1.751284
v -0.404284 -0.675681 1.415327
v 0.708257 -0.942664 0.213843
v -0.896251 -0.416756 0.357932
v 1.041245 -1.944607 -0.531063
v 0.685967 -1.630863 -0.824995
v 0.313263 -0.873668 1.390456
v 1.347534 -1.593161 -0.153152
v 0.610339 -0.493910 1.028388
v 0.447362 -1.940929 0.894692
v 0.363326 -0.383379 -0.683495
v 0.511719 -1.871830 0.871757
v 0.855917 0.143943 0.580479
v 1.266429 -1.868528 -0.165577
v 0.273796 -0.952948 1.072662
v 0.270386 -1.866750 0.970092
v 0.738431 0.174463 0.858379
v 0.457964 -1.583663 -0.861223
v -1.172664 -1.549987 0.130713
v 0.881577 1.000652 0.298889
v -1.325133 -1.719754 0.086189
v -0.462926 0.090858 1.231367
v 0.133712 -1.264890 0.955146
v 0.293133 0.562497 -0.954530
v -0.447977 -1.338712 0.717953
v 0.060441 -1.745050 0.982398
v -0.581538 -0.822670 0.692196
v 0.013897 -1.739277 1.007970
v -0.219251 -1.360127 -0.849862
v -0.842143 -0.087074 -0.178735
v 0.264070 0.162844 1.269225
v -1.289871 -1.623058 0.072720
v -0.798361 -0.009289 0.779954
v -0.744340 -0.621952 0.029942
v -1.351846 -1.226894 -0.432027
v -0.266963 -0.262947 1.698259
v -0.116924 -0.091557 1.715810
v 0.718999 -1.957775 -0.274414
v 0.332972 1.146921 -0.275656
v 0.441040 1.042103 0.486900
v -0.573589 -0.846748 0.909445
v 1.216985 -1.850863 0.305627
v 0.965325 1.025030 0.431332
v -0.660374 0.434330 0.892975
v -0.081472 -0.380972 1.697113
v 0.001515 0.200789 1.365277
v 0.465396 -1.960994 0.763976
v -0.182801 -1.867821 0.998633
v 1.292773 -1.573637 -0.656663
v -0.459684 0.140950 0.998158
v -0.700595 -1.074166 0.240959
v -0.970953 0.680463 0.261543
v 0.607870 1.034056 0.436518
v 0.689097 -1.630982 0.424047
v -0.090935 -1.610738 0.896359
v -0.073396 -1.472489 0.903501
v -0.360033 0.355067 -0.889942
v -0.818358 -0.529220 -0.267256
v 0.981283 -0.040336 0.119766
v 0.681345 -0.724353 0.716887
v -0.337976 0.347650 1.207047
v -0.625121 -1.295566 0.606354
v -0.758998 -0.646453 -0.013088
v 0.135801 -0.233490 1.829748
v 0.117285 -0.113966 1.741506
v -0.344164 -0.260282 -0.710829
v -0.851037 0.588262 -0.347803
v -0.762662 -0.670673 0.251741
v -1.244197 -1.651507 -0.681536
v -1.152450 0.774339 0.421997
v -0.067899 -0.960623 1.214241
v 0.077410 -0.393584 1.706626
v -0.831093 -0.195555 -0.118202
v -0.386282 -0.961719 0.896429
v 0.684100 -1.030572 0.411334
v -0.305966 -0.914370 1.504962
v -1.072084 -1.689783 -0.776022
v 0.400163 1.003262 0.573730
v 1.359973 -1.334467 -0.524527
v 0.609359 -0.715856 0.463448
v -0.756531 1.100414 0.458791
v 1.025020 0.271388 0.293833
v 0.693935 -0.715786 0.825392
v -0.884288 -1.731701 0.431635
v 0.582585 -1.967544 0.074974
v 0.650368 -0.778555 0.845184
v 0.580398 -0.825618 0.958934
v 0.745859 0.023853 0.912798
v -0.399059 -0.853185 1.201259
v -0.475945 -1.120975 -0.868626
v 0.924772 -0.062897 -0.089782
v -0.742880 -0.866007 -0.688821
v 0.672429 0.345157 0.899212
v 0.273589 1.187252 -0.170505
v 0.005787 -0.603737 1.644517
v 0.172190 -0.978477 1.331561
v -0.315024 -0.770902 1.504403
v 0.289268 -0.712624 1.480389
v 0.514216 1.058668 0.429296
v -0.422368 -1.966352 0.414537
v -1.024587 0.256791 -0.125986
v -0.433610 -1.199177 0.770497
v -0.848557 0.078072 -0.249544
v 0.273933 -0.430131 1.680789
v -0.504089 0.975069 -0.498560
v -0.707867 -0.854732 0.394348
v -0.933903 0.006996 0.408583
v -0.178009 -1.462741 0.847000
v -0.100482 0.922726 0.800823
v 1.052122 -0.856496 -0.402048
v -0.464886 -1.003563 0.807033
v -1.126686 -1.835742 0.408717
v -0.312421 -0.688581 1.288060
v -0.309220 -0.267984 1.658055
v -1.059723 0.826684 0.007314
v -0.927393 0.173245 0.294903
v -0.561420 1.112349 0.440959
v 0.744361 -0.621876 0.029926
v -0.421219 -1.961148 0.849613
v -0.651096 0.086190 1.071212
v 0.565770 -0.852582 0.913073
v -0.980311 -1.858782 0.521704
v -0.749646 -0.614011 0.728471
v 0.642267 -0.755801 0.902318
v -0.357263 -0.118253 1.602079
v 0.414508 -0.299556 1.551047
v 0.778883 0.978596 -0.086788
v 0.603438 -0.257394 1.053822
v 0.677087 0.020273 1.039349
v -0.904498 -0.760881 -0.239017
v -0.834164 1.155405 0.475311
v 0.141960 0.572251 -0.995879
v 1.099968 -1.643748 -0.783305
v -1.173399 0.978958 0.442532
v 0.571828 1.058271 0.436880
v -0.598695 -0.973786 -0.804161
v -0.456716 0.025940 1.265163
v 0.561125 -0.298926 -0.628215
v 0.158082 -1.098713 0.914118
v -0.123868 -0.702130 1.674306
v 0.140662 -1.726012 0.986114
v -0.850282 1.147833 0.353360
v 1.100296 -1.942920 0.033391
v -1.183988 -1.078678 -0.627248
v -1.131420 -1.901698 0.267417
v 0.316900 0.455385 -0.934990
v 0.916760 -0.708971 -0.353606
v 0.236703 -1.969480 -0.516072
v 0.739070 0.596342 0.588672
v 0.125155 -1.524504 0.858541
v -0.196954 -0.740869 1.641010
v 0.349062 -0.677181 1.498032
v 0.193978 -0.164267 1.786443
v -1.023427 0.841259 0.291322
v 0.333715 0.833448 0.927990
v -0.588476 0.235272 1.098963
v -0.817037 1.007463 0.314395
v -0.668275 -1.478719 0.319963
v -1.119356 1.048180 0.457610
v 0.316341 -0.080348 1.611313
v -0.871714 0.309296 -0.328057
v -0.256806 0.344474 1.260280
v -0.673731 1.167156 0.407369
v -0.140803 -1.286781 -0.835146
v -0.610202 0.540390 -0.684281
v 0.785715 -0.039075 0.784673
v -0.349798 1.080683 0.435453
v -0.570908 -0.736571 1.041433
v 0.900807 -1.926067 -0.604459
v 0.066818 -0.978798 1.140692
v 0.121013 -0.920106 1.641431
v 0.663020 -1.966975 -0.080604
v 0.783524 -1.919374 0.477004
v 0.841018 0.118537 0.677210
v 0.623260 -1.562533 0.436027
v -0.941116 0.081650 0.299679
v 0.129364 0.972313 0.718795
v 0.501111 -0.946652 0.787345
v -0.576215 -0.767505 0.591979
v 0.312386 -1.984610 0.771285
v 0.102009 -0.284888 1.695731
v 0.094179 0.138708 -0.906342
v -0.139346 -0.405574 -0.703762
v -0.771042 -0.469813 0.759140
v -0.112061 0.436698 1.216637
v 0.071805 -1.446746 0.915031
v 0.642686 0.803687 0.608657
v 0.958334 0.314675 0.236110
v 0.093273 1.133734 -0.545228
v -0.647298 0.793357 0.611448
v 0.000615 0.113771 1.491443
v 0.560992 0.977841 0.502043
v 0.762665 -0.670648 0.251746
v -1.299951 -1.820687 0.177568
v -0.388017 -0.026381 1.383489
v -0.364271 0.313832 1.143869
v -0.245508 -0.692865 1.532513
v -0.199808 -0.694158 1.579303
v 1.296787 -1.131349 -0.490005
v -0.822628 -1.888181 0.647293
v -0.691531 -0.310747 -0.553924
v -0.967859 0.202284 0.282281
v -0.782728 0.235996 0.653021
v -0.412591 -0.667007 1.501477
v -0.167858 0.301174 1.290205
v 0.801995 -0.159014 -0.365456
v 0.862077 -0.145125 0.595885
v 0.330319 0.316596 1.186967
v -0.786281 -0.489004 -0.205393
v -0.523251 0.779850 -0.688306
v -0.325431 0.856247 -0.810319
v -0.880168 -0.280863 0.004307
v 0.593718 -1.246212 -0.899762
v -0.652829 -0.227661 0.940483
v 0.151605 0.084716 1.503591
v -0.040793 -0.463515 1.778246
v -0.569829 0.663131 -0.698248
v 0.558781 0.283764 1.097256
v -0.816727 -0.422631 -0.363046
v 0.289958 -0.726188 1.350987
v 1.300206 -1.806160 -0.180148
v -0.404624 -0.933619 0.943337
v -0.488402 0.227233 0.964932
v 0.998226 1.043606 0.232120
v 1.129330 0.463137 0.035521
v 0.374558 0.726654 -0.849627
v -0.859764 -0.454495 0.264140
v -0.550283 0.310741 1.145956
v -1.181974 0.644351 0.160599
v -0.208156 -0.235947 1.670525
v 1.117266 0.267181 0.163780
v -0.688012 -1.759819 0.731723
v -0.286765 1.044079 0.533127
v -0.943329 -1.218397 -0.829058
v -0.409091 1.069507 -0.429479
v -0.709343 0.246525 0.833081
v 0.353710 0.095485 1.257898
v -0.448039 -0.651277 1.395651
v -0.779095 -1.757764 0.533370
v 0.030735 -0.534162 1.745126
v 0.342962 -0.212277 -0.723423
v -0.560658 -0.423432 1.116892
v -1.018568 -1.952428 -0.490505
v -0.322267 0.293559 0.985963
v -0.571878 0.635327 0.897152
v -0.145130 0.318108 -0.960750
v 0.205963 -0.828417 1.628755
v 0.263207 -1.813445 -0.700942
v 1.297878 -1.719557 -0.613096
v -1.007873 -0.936560 -0.053931
v -0.070040 -1.015348 1.516263
v 0.351695 0.839880 -0.801493
v 1.108803 -0.990363 -0.606354
v -0.719054 -1.964633 -0.108649
v -1.266619 -1.284062 -0.127771
v -0.512427 1.054572 0.429548
v 0.721927 -0.747571 0.119692
v -0.613962 0.835681 -0.530155
v 0.774653 0.770561 -0.326039
v 0.775523 -0.595364 0.266608
v -1.059055 -1.116138 -0.721487
v -0.716850 -1.940929 0.229248
v -0.467127 -0.131572 1.362033
v -0.093316 -1.948752 1.001249
v -0.477757 -0.602208 1.467413
v -0.235941 -0.598453 1.661712
v -0.360919 -0.665382 1.393802
v 0.474465 -0.716290 -0.708291
v -0.739963 -0.858348 0.299007
v -0.624557 -0.807313 0.812844
v 0.001016 -0.212425 1.817792
v -0.520268 0.024828 1.210275
v -0.471569 -0.720806 1.174208
v -1.279991 -1.118427 -0.301120
v -0.826380 -1.882400 -0.665396
v -0.423864 -1.704738 -0.790025
v 0.970811 0.680914 0.261508
v 0.010867 -1.514935 0.927792
v -0.040271 -1.997061 0.105785
v -0.909685 0.028508 0.530963
v 0.219986 -1.926965 0.997486
v 0.856337 0.382148 0.358825
v -0.218214 0.281943 1.291344
v 0.567090 0.519541 1.047432
v -0.254123 0.241176 1.273797
v 1.271751 -1.381140 -0.702195
v -0.436180 0.490143 1.157965
v -0.311965 -0.182544 1.682706
v 1.140476 0.256495 0.258685
v 1.024934 0.454427 0.272627
v -0.570840 -0.337651 -0.623825
v -0.555041 -1.508519 0.690694
v -1.105486 0.993248 0.351254
v -0.310430 -1.584583 0.880671
v 0.790346 -0.053970 -0.379215
v -0.913999 0.092942 0.322709
v 0.503368 -1.190272 0.631334
v 0.110798 1.068500 0.508092
v 0.938714 0.989205 0.090821
v 0.538268 -1.365843 0.692659
v -0.066743 -1.950877 -0.557345
v 0.252360 0.392590 1.257055
v 0.891487 -1.594955 0.321102
v -0.139183 -1.566140 0.871568
v 0.717331 0.929910 -0.204045
v 0.738323 -0.647618 0.640797
v 0.012364 -0.355010 1.840156
v 0.255831 -1.607875 -0.814531
v -0.928514 -1.403120 0.197675
v -0.786193 -0.505512 -0.105433
v 0.902617 1.170948 0.446049
v -1.286190 -1.859314 0.049465
v -0.684930 -0.768921 0.397117
v -0.777221 0.771058 -0.324378
v -0.116329 1.171026 -0.409972
v 1.077160 -1.726562 -0.760137
v 0.175342 0.899729 0.848923
v 0.961318 0.205053 0.278327
v -0.542403 -1.893846 0.868420
v 0.369988 -1.371313 -0.889676
v -0.386691 1.037147 -0.532234
v 0.187618 -0.211416 1.758130
v -0.795783 -0.667800 -0.543559
v 0.848984 -0.600684 -0.402646
v 0.560593 1.098771 -0.016207
v -0.869151 0.389993 0.327484
v -1.051185 0.729690 -0.072605
v 0.144607 -1.552729 0.866972
v 1.311427 -1.254752 -0.222566
v -0.906367 0.046991 -0.171632
v -0.687108 0.724947 -0.515686
v -0.254094 0.123945 1.128416
v 0.442983 -0.803247 1.146300
v 0.749611 1.097769 0.457390
v 0.328982 -0.266465 1.642485
v 1.096367 0.449574 0.333547
v -0.810880 -0.654981 -0.074047
v -0.080453 1.077570 -0.686445
v 0.531687 -0.936933 0.713473
v -0.531491 -0.515162 1.336075
v 1.196831 -1.927593 -0.452035
v -1.222958 0.662788 0.408963
v 0.212604 1.210500 -0.101398
v -0.832311 -0.534270 -0.318968
v -0.691023 -1.637117 0.428672
v -0.790866 -0.426529 -0.053408
v 0.445923 -0.098056 1.382748
v -0.572860 -0.951647 0.504656
v 0.511114 -0.883886 0.994035
v 0.128352 1.038785 -0.729963
v -0.416368 0.904455 0.766258
v 0.816628 -0.422341 -0.363270
v 0.074418 -0.962150 1.265990
v -0.415023 -0.780428 -0.738996
v -0.948596 0.222065 -0.221058
v -0.741744 -0.646202 0.673253
v 0.066416 -1.126806 0.998847
v -0.233532 0.795002 0.973812
v -0.050005 -1.038803 1.069016
v -0.879021 -0.657716 -0.402446
v -0.478994 -0.284931 1.482447
v 1.152497 0.774333 0.422029
v -0.510867 -1.012191 -0.837181
v -0.438557 -0.078314 1.370626
v -0.483132 -0.903662 0.911810
v -0.740456 1.068173 0.057677
v 1.012016 -1.395781 -0.822439
v -0.519738 0.778240 0.840431
v 0.701418 0.308822 0.810254
v 0.988825 0.052056 0.234079
v 0.791751 -0.566737 0.505848
v 1.297081 -1.788112 -0.570740
v 0.585219 -0.758412 0.609235
v -0.928493 -0.217983 0.424179
v 0.903066 -0.832440 -0.572589
v -0.470479 -1.665504 0.748113
v 0.020033 -0.546215 -0.649061
v -0.790116 0.732956 0.230434
v -0.572657 1.071199 0.439301
v 0.043866 -0.634798 1.633061
v 0.578372 -1.829462 -0.696847
v -0.527866 -0.068123 1.226148
v -0.929995 -1.928795 0.315197
v -0.273955 -0.964665 1.248260
v -0.776062 0.215987 -0.484075
v -0.541983 -0.909573 0.706422
v -0.805886 -0.524895 0.279120
v -0.648893 1.034338 0.422641
v 0.057097 1.224914 -0.216228
v 0.603434 -1.947395 0.537013
v 1.237692 -1.782230 0.282329
v -0.069690 0.129429 -0.904519
v 0.404885 -0.549654 -0.678789
v 0.132540 -1.034015 0.963171
v -1.142107 0.258550 0.262107
v 0.681531 -1.883503 0.771742
v 0.046057 -0.604567 1.687174
v -0.661309 1.008786 0.412817
v -0.359703 0.400052 1.205459
v -0.511941 1.141882 0.071020
v 0.681599 -1.312354 0.257706
v -0.106261 -1.912892 1.013635
v 0.993654 0.309836 0.246716
v 0.765217 -0.500364 -0.009144
v 0.333206 -1.132191 0.843870
v -0.474553 0.567314 1.132742
v 0.923988 -0.351916 0.243875
v 0.381683 0.074948 1.270576
v -1.233595 -1.873978 -0.569549
v -0.801470 -1.568968 -0.838636
v 0.450287 -0.652879 1.330065
v 0.869135 1.141969 0.344081
v -0.665334 -0.728608 0.694756
v 0.504617 1.153650 0.158716
v 0.959907 -1.316450 0.141109
v -0.808626 -0.233232 -0.366754
v 0.725328 -0.144670 0.832396
v 0.442031 0.987866 -0.558265
v 0.958203 0.253803 0.245594
v 0.000192 -1.267629 0.998787
v 0.330525 0.654177 1.130758
v -1.035055 -1.889517 -0.645365
v -0.560431 -0.635180 1.093627
v -0.722553 -0.147380 0.835950
v -0.465091 0.309856 1.118047
v 0.522682 -0.663628 1.157718
v -1.108509 0.237955 0.177944
v -0.348456 -1.953636 0.931343
v 0.502230 -0.610167 1.286859
v -0.371091 0.548667 -0.909205
v -1.006906 0.048939 0.182707
v 1.150327 -1.774554 -0.687085
v -0.610476 0.081125 1.123378
v -0.739413 0.175033 0.855270
v -0.195172 -0.711193 1.628129
v -0.264434 0.031461 1.488646
v 0.085814 0.956755 -0.829060
v -0.135911 -0.255306 1.709297
v -0.617077 -1.452289 0.406637
v 0.543785 0.780970 -0.668805
v -0.436581 -0.626998 1.519492
v 0.843546 -1.122431 -0.825368
v 1.136722 0.902469 0.460304
v -0.062494 -0.752649 1.688547
v 0.255638 0.131379 1.120487
v 0.599249 -1.513605 0.612736
v -0.358007 -1.045754 0.858126
v 0.352209 -0.157543 1.632722
v 0.623528 -1.659816 0.688095
v 0.890947 0.874195 0.229479
v -0.227655 0.059158 1.489560
v 0.439358 -0.871831 1.132499
v -0.736584 0.585755 0.609212
v 1.037875 -1.565581 -0.804985
v -0.804338 -0.227942 -0.148959
v 0.213413 -0.337226 -0.719466
v -1.147869 -1.775679 -0.687930
v 0.087294 -0.200631 1.818278
v -0.537263 1.148194 0.180136
v 0.300684 -0.841237 1.341770
v -0.305021 -0.949881 1.115932
v 0.569575 -0.795539 0.618853
v 1.200184 0.777709 0.281943
v -0.842631 0.933157 -0.099039
v -0.658739 -1.087260 0.342317
v -0.774571 0.794393 0.231140
v 0.483601 -0.104520 1.303433
v 0.738259 -0.832247 0.337843
v 0.901507 -0.405977 0.349638
v -0.804005 -1.840458 -0.692275
v -0.376871 -1.979267 0.793806
v 1.079019 0.178530 0.228003
v 0.822696 0.323136 -0.403227
v -0.206246 -1.607430 -0.809191
v -0.978881 -1.962173 -0.375369
v 0.357330 -0.641275 -0.700951
v -0.903019 -0.832417 -0.572616
v -0.030736 0.553860 -1.005286
v 0.082403 -0.816944 1.681303
# 2213 vertices, 0 vertices normals

f 1909 411 1788
f 660 679 1635
f 1069 720 1466
f 215 1755 1766
f 629 2047 550
f 539 898 924
f 335 1759 44
f 2119 247 1046
f 1750 1131 1305
f 1405 204 615
f 583 1282 1980
f 1675 1153 5
f 645 130 1840
f 1692 42 853
f 733 1480 1376
f 774 1603 876
f 813 891 2130
f 1724 1581 953
f 111 374 1834
f 1471 530 1650
f 187 251 1047
f 1317 769 122
f 400 1729 377
f 742 1642 1676
f 2017 1939 1094
f 81 165 277
f 906 2179 176
f 98 1268 1189
f 1022 825 1888
f 945 1384 629
f 2123 606 923
f 147 2013 1988
f 802 605 1978
f 311 1928 2046
f 589 949 2140
f 159 166 1148
f 1778 1054 1617
f 1005 403 1733
f 1025 1105 1598
f 1723 515 1183
f 702 1606 2120
f 2006 1198 2116
f 930 1208 27
f 1697 314 2042
f 1574 808 615
f 1350 424 1879
f 953 2007 714
f 2122 1676 20
f 1944 1411 28
f 2197 1632 1561
f 1599 999 383
f 521 1711 274
f 1024 1028 1656
f 2082 1517 501
f 1848 2022 300
f 1722 169 466
f 2000 1249 1615
f 1656 1216 11
f 825 895 624
f 306 1860 51
f 522 1156 914
f 1008 1760 835
f 17 671 1655
f 1418 21 1948
f 938 1531 1223
f 986 1103 975
f 540 1655 591
f 532 224 283
f 999 1465 885
f 2011 350 171
f 1000 2020 1783
f 1675 1948 2158
f 1874 662 1050
f 1276 761 531
f 227 908 1517
f 1448 872 1363
f 594 2179 906
f 1615 1536 1950
f 483 1013 894
f 1513 2020 569
f 1485 1762 1542
f 758 315 524
f 1367 813 695
f 198 1843 78
f 1282 583 1260
f 1051 1674 308
f 2162 58 1853
f 2204 799 1310
f 382 1152 1475
f 1689 764 80
f 1323 1926 585
f 1589 19 668
f 1301 1643 1585
f 2082 501 945
f 1391 263 1877
f 692 1914 770
f 188 1278 1684
f 1954 217 1698
f 880 2165 1484
f 864 1495 375
f 267 1504 1715
f 1096 786 413
f 2 445 272
f 1599 206 354
f 1346 1381 1851
f 1328 43 411
f 505 160 781
f 1763 1195 267
f 1812 517 1774
f 1957 25 865
f 1237 307 258
f 825 149 895
f 718 2044 1943
f 1746 670 837
f 670 811 837
f 1486 941 725
f 2020 1513 1593
f 897 1521 1993
f 395 1959 1436
f 940 1682 218
f 920 1722 2010
f 240 902 1612
f 1779 1437 1735
f 1179 890 842
f 188 1514 1278
f 370 289 1314
f 1205 338 1875
f 432 1238 1007
f 996 1341 976
f 1075 1389 471
f 316 874 1454
f 1342 1677 1900
f 644 878 2148
f 1440 1742 798
f 2123 1063 606
f 1413 922 1947
f 1089 1516 609
f 804 1213 1962
f 557 951 1895
f 2132 2122 496
f 318 1162 1396
f 1305 1746 837
f 1373 240 1356
f 1865 367 241
f 1840 130 550
f 593 454 1534
f 1625 197 214
f 1314 1056 2084
f 437 1066 1094
f 1493 2053 1112
f 1401 1356 1137
f 1388 1383 134
f 1498 595 1534
f 496 1815 1572
f 1494 756 1145
f 17 1535 257
f 1337 2126 1980
f 871 624 1512
f 769 1317 2173
f 1593 164 1672
f 1463 362 1986
f 2212 901 69
f 656 1047 2172
f 161 1480 733
f 1768 715 6
f 1208 895 149
f 873 1844 142
f 404 1298 1408
f 2009 1434 799
f 453 1572 1074
f 1390 1254 2047
f 968 49 667
f 858 1528 104
f 1592 2093 909
f 1165 195 294
f 1192 1320 727
f 374 800 2205
f 120 1914 124
f 1054 970 804
f 68 2036 114
f 1090 1206 281
f 1041 133 1679
f 1723 1183 1946
f 2139 1083 548
f 354 241 1868
f 596 2034 691
f 1444 1988 2013
f 16 967 1325
f 223 529 900
f 1154 1887 1799
f 1152 60 183
f 2023 1965 24
f 1802 1254 1187
f 1262 389 1708
f 260 1624 2033
f 1122 1287 1393
f 1056 2171 2084
f 1978 939 802
f 1345 1970 450
f 1996 1032 1568
f 1545 1350 311
f 2074 498 1061
f 1899 1109 532
f 2175 422 40
f 2193 967 16
f 118 1563 28
f 325 660 1528
f 801 274 1711
f 710 419 687
f 1371 1738 937
f 896 1493 1966
f 599 1481 253
f 1375 598 2164
f 47 366 1098
f 2098 875 1997
f 811 1515 966
f 395 24 1301
f 933 825 1786
f 731 936 316
f 919 17 540
f 2078 1034 1608
f 501 1517 908
f 279 1452 1274
f 1769 568 1053
f 1654 2156 681
f 255 375 1823
f 1331 1292 2060
f 252 1319 1653
f 1449 1443 427
f 2174 1514 1421
f 582 1820 1374
f 820 1883 1385
f 826 960 2121
f 2035 792 420
f 1950 1336 834
f 1299 612 2102
f 562 1480 161
f 121 1704 1255
f 1577 402 430
f 1382 1576 1258
f 1463 1986 1960
f 2130 822 1027
f 126 1961 231
f 1694 1441 1857
f 1018 1773 334
f 929 100 1947
f 617 1706 1719
f 679 119 1635
f 686 2141 657
f 667 351 1992
f 1768 518 715
f 899 645 1840
f 1967 986 86
f 2079 1302 1818
f 1469 302 2125
f 516 1623 1502
f 785 1079 280
f 508 822 971
f 1403 480 1777
f 762 1025 288
f 1879 30 165
f 1532 1051 308
f 2008 1268 1612
f 41 1177 621
f 805 32 259
f 1994 116 451
f 1418 1675 419
f 1478 883 2023
f 206 1483 590
f 122 894 672
f 1064 614 2110
f 1864 793 1608
f 746 193 2191
f 790 684 505
f 1494 739 952
f 905 815 82
f 722 156 68
f 293 1419 246
f 1722 202 564
f 1888 981 1022
f 979 1509 1937
f 1310 799 1811
f 1085 875 2116
f 465 427 1443
f 1850 1169 1936
f 171 350 361
f 1473 112 1363
f 1250 2168 1937
f 746 2143 193
f 1077 2116 875
f 860 110 1719
f 1205 1875 1566
f 703 1729 1329
f 1478 2023 24
f 536 435 167
f 660 2194 679
f 1416 1410 2016
f 76 2150 1227
f 630 1349 1636
f 1721 131 334
f 1484 1652 1560
f 1370 2087 1805
f 1634 210 58
f 2058 1146 1389
f 2204 145 886
f 1442 1421 188
f 1835 1332 2089
f 593 1534 1353
f 1204 838 1968
f 350 592 361
f 2065 513 741
f 1151 1623 2134
f 233 1934 363
f 983 1147 472
f 670 1746 957
f 1190 170 1286
f 88 312 960
f 1566 648 1205
f 1695 1518 1917
f 1755 1459 1928
f 2108 1153 262
f 964 1135 995
f 1527 205 1241
f 726 1372 139
f 223 1363 529
f 1278 1514 212
f 1447 473 1151
f 1146 1626 1881
f 1932 1316 2169
f 1541 1015 2213
f 1508 977 1942
f 1708 1015 1196
f 692 1744 528
f 1599 383 206
f 2025 1329 1671
f 1748 1391 1472
f 1755 1658 1575
f 700 883 1478
f 1279 1691 2136
f 459 1676 506
f 969 294 36
f 1308 794 544
f 868 1764 1230
f 18 230 885
f 2054 1697 1379
f 1600 77 2057
f 1998 628 1633
f 1631 558 696
f 1551 590 248
f 1402 627 784
f 151 1669 758
f 1061 498 2095
f 144 21 1976
f 1497 46 1145
f 181 1533 570
f 1074 1572 925
f 2155 1586 1889
f 1700 2190 625
f 272 320 216
f 2127 71 2002
f 113 1028 2055
f 974 1602 2101
f 649 1317 645
f 746 1294 2143
f 2097 1019 1870
f 417 1535 919
f 1744 770 1781
f 1538 1592 140
f 1997 1409 2098
f 1150 1483 524
f 1026 1618 1588
f 2012 818 1485
f 75 664 1334
f 1051 238 433
f 893 458 803
f 1499 2054 1413
f 1839 121 1969
f 596 691 1427
f 400 1260 1800
f 896 2053 1493
f 2108 1597 1153
f 1800 795 1695
f 319 175 1647
f 2205 800 469
f 352 123 1433
f 1376 148 733
f 1046 247 283
f 1853 58 543
f 951 557 1321
f 1650 870 1429
f 1191 1338 855
f 1220 1048 1459
f 1818 396 1973
f 1143 1803 193
f 218 802 939
f 1453 2176 1594
f 1482 1782 3
f 1517 2082 130
f 2109 1594 1619
f 1792 580 2078
f 220 421 497
f 1113 286 666
f 1039 988 55
f 250 1423 1272
f 430 1222 1577
f 1722 1378 169
f 1639 1511 1578
f 1062 658 1130
f 150 741 513
f 913 847 893
f 2111 159 1080
f 1410 73 15
f 2104 256 627
f 894 387 672
f 627 565 1564
f 1471 677 1743
f 1483 383 230
f 1265 474 1757
f 1413 974 478
f 549 1093 547
f 2191 1434 746
f 1750 811 966
f 502 1365 534
f 561 1915 309
f 1888 825 933
f 171 361 1664
f 1258 610 35
f 1504 2088 832
f 683 2124 1907
f 976 2073 996
f 526 284 1095
f 847 1490 1168
f 484 752 1779
f 798 809 1161
f 1075 2109 36
f 1519 581 2105
f 731 316 546
f 869 442 1610
f 305 1774 517
f 19 946 1398
f 986 1577 814
f 1661 1530 1877
f 296 1217 1684
f 392 821 763
f 41 1455 1155
f 385 325 217
f 431 666 286
f 1686 880 1484
f 811 670 1555
f 142 1987 873
f 702 1761 1606
f 174 382 796
f 191 99 1832
f 1372 2013 147
f 25 1213 865
f 1206 1579 1690
f 2120 1606 204
f 960 312 1961
f 539 2197 399
f 421 155 497
f 1748 79 263
f 1043 948 2117
f 80 2146 423
f 156 2036 68
f 388 937 1738
f 1862 958 364
f 158 1985 125
f 1169 571 895
f 2104 1564 833
f 549 547 1547
f 388 1597 937
f 2208 466 169
f 852 1619 2176
f 1504 832 166
f 566 792 2035
f 952 1221 851
f 2156 1434 2009
f 158 1731 2087
f 2021 437 2140
f 1377 1720 1731
f 2014 1128 1460
f 1492 6 2080
f 2021 2140 949
f 762 1209 438
f 1795 261 1930
f 1913 945 1606
f 772 693 806
f 1678 359 618
f 29 1063 774
f 546 316 1454
f 470 1657 155
f 1465 1599 2027
f 2081 2201 697
f 1866 2212 69
f 159 1148 1080
f 1331 2060 1446
f 47 1135 964
f 607 2000 1615
f 1900 1132 907
f 2200 1194 1461
f 121 1839 351
f 605 802 218
f 1163 1951 1944
f 782 292 947
f 1894 1065 1159
f 346 911 1575
f 878 1221 892
f 2056 1915 561
f 813 1131 775
f 378 1567 1087
f 628 1998 588
f 1365 2125 534
f 65 588 1549
f 2058 1075 36
f 1273 467 1712
f 253 1481 261
f 1312 807 1782
f 1772 1173 167
f 1654 1294 2156
f 1353 609 1516
f 1236 1830 276
f 927 168 1113
f 508 971 1530
f 2053 896 303
f 45 489 1338
f 1342 958 1862
f 1945 1051 433
f 574 1940 2029
f 556 2188 1867
f 1724 336 1223
f 1237 1921 943
f 453 994 1040
f 1861 1110 2033
f 2022 857 1628
f 1621 299 1152
f 1116 1938 631
f 2087 1178 1830
f 1467 1251 2202
f 644 1207 878
f 1511 2031 996
f 2184 1664 1253
f 1518 795 1349
f 956 349 1810
f 1994 403 1927
f 1712 1553 1776
f 1538 140 1300
f 576 1849 371
f 1758 1442 1428
f 1745 1636 1975
f 527 374 2205
f 1442 1960 1421
f 211 37 497
f 638 1144 69
f 1508 176 709
f 1502 836 2100
f 1218 803 494
f 2050 728 2166
f 806 2063 534
f 1535 17 919
f 415 678 1602
f 1313 1394 124
f 1216 113 1969
f 193 2143 326
f 1506 410 1823
f 1244 1576 1382
f 439 287 817
f 1246 224 1109
f 1031 1907 2124
f 1706 1784 372
f 1489 1088 686
f 593 759 454
f 73 1410 1416
f 527 948 1043
f 1641 830 2161
f 1962 261 1481
f 704 1420 1595
f 2066 1666 1458
f 390 696 1520
f 940 213 730
f 1945 1563 1540
f 1671 1800 1725
f 2052 269 1261
f 680 1635 2186
f 1885 477 1541
f 989 778 2185
f 1053 568 1274
f 1086 1740 931
f 482 1807 239
f 1870 1036 2097
f 691 797 1352
f 1776 1661 1273
f 519 1536 494
f 1941 242 323
f 1239 1872 755
f 1151 63 1447
f 1242 1926 537
f 478 1752 1499
f 377 1791 229
f 1335 1248 199
f 670 957 109
f 227 44 908
f 422 2000 1343
f 2104 428 816
f 282 1692 853
f 14 1377 2195
f 378 431 1567
f 1477 898 386
f 531 1831 1276
f 810 490 1682
f 1340 1136 1290
f 1297 1396 1162
f 903 2030 1850
f 1609 1360 1798
f 2117 948 1215
f 1906 1819 1394
f 1049 34 2164
f 1588 11 295
f 2185 884 2170
f 1387 270 1958
f 442 869 972
f 1308 1814 2107
f 2116 1871 2006
f 289 131 429
f 1769 669 747
f 2124 120 499
f 1673 1138 1001
f 436 525 265
f 1325 1224 16
f 1784 1706 617
f 1392 251 1526
f 866 2061 347
f 10 2135 1241
f 1904 1178 1370
f 56 690 1811
f 1683 684 1157
f 283 1899 532
f 1580 1968 1696
f 841 1522 392
f 216 146 985
f 709 176 2179
f 471 1389 1881
f 941 386 725
f 1095 284 822
f 833 428 2104
f 1790 737 1425
f 2099 1956 1118
f 1270 265 1718
f 1464 744 1785
f 1040 2200 1119
f 362 1056 1038
f 263 1273 1661
f 874 2092 1454
f 1933 1280 1672
f 1767 1307 2158
f 1813 798 340
f 178 581 2203
f 1033 462 780
f 774 368 63
f 972 1732 1277
f 1832 330 191
f 1261 1816 2052
f 1137 240 1612
f 1676 1642 1990
f 1465 999 1599
f 1822 1863 958
f 336 1506 425
f 1219 932 390
f 163 1557 548
f 451 116 657
f 1394 2013 55
f 666 2057 1113
f 1543 1001 1647
f 267 1715 1898
f 1256 2095 300
f 873 2109 1075
f 249 1652 285
f 265 492 436
f 1579 1949 1620
f 2197 1181 399
f 919 1264 417
f 1660 379 685
f 1200 2065 741
f 1235 2096 67
f 1137 1685 1864
f 85 1238 432
f 540 17 1655
f 777 911 1702
f 1432 1424 384
f 289 334 131
f 1388 2201 199
f 1162 503 4
f 914 343 975
f 1802 899 1254
f 225 1309 1665
f 150 1899 247
f 781 2024 2011
f 2129 248 1150
f 1904 1370 1185
f 454 963 1534
f 1533 2060 1160
f 174 636 1621
f 109 1367 208
f 1471 1743 1571
f 1482 112 1312
f 2149 1062 932
f 1581 1286 170
f 270 1141 1958
f 43 342 284
f 1611 773 399
f 1114 1966 1493
f 1128 650 1560
f 1295 1590 1739
f 1835 315 1669
f 1027 695 813
f 1155 156 750
f 139 147 1988
f 2125 302 1553
f 202 1451 604
f 1726 2067 321
f 46 1721 739
f 1971 1510 602
f 586 1765 12
f 646 713 831
f 355 558 751
f 2051 559 1911
f 868 723 845
f 918 1904 1380
f 109 208 48
f 972 2086 1042
f 890 1852 842
f 1569 1617 1979
f 1877 1124 1391
f 1006 2088 1036
f 997 2062 338
f 454 759 995
f 1523 1809 1340
f 832 1006 1320
f 1760 1762 835
f 1018 370 1923
f 1594 1 1453
f 171 1664 2184
f 306 359 1659
f 1663 1400 327
f 1178 1904 918
f 111 469 800
f 1883 1683 246
f 291 488 483
f 318 553 1162
f 538 412 726
f 7 2051 1673
f 2015 554 639
f 1638 335 447
f 1108 364 958
f 1848 1343 1397
f 1926 1323 943
f 450 1890 1345
f 1569 1924 889
f 271 542 1598
f 709 1044 977
f 1158 2164 34
f 418 1982 1505
f 872 106 297
f 1206 621 1780
f 1288 2019 1896
f 1048 1547 203
f 2032 914 975
f 66 2042 688
f 1044 42 1092
f 913 1218 662
f 149 825 1234
f 1679 1374 1041
f 966 648 1566
f 1784 865 372
f 2042 1379 1697
f 459 916 2085
f 1172 1185 2093
f 637 1423 1844
f 776 162 1772
f 463 577 941
f 1469 1730 1035
f 135 157 1402
f 208 1257 48
f 877 192 1326
f 1464 1785 183
f 1339 329 10
f 1920 1202 1757
f 555 1556 1432
f 991 1096 2174
f 931 974 2101
f 1594 2109 1987
f 1796 1317 122
f 388 2090 1857
f 345 1069 1466
f 1070 379 708
f 1606 1399 1913
f 1883 246 1921
f 1876 1107 16
f 2076 1804 1687
f 200 840 1014
f 10 329 1179
f 441 111 1444
f 1927 2202 745
f 1863 408 958
f 564 202 604
f 87 1285 1760
f 974 415 1602
f 95 323 1614
f 1925 778 9
f 919 540 22
f 2210 625 2127
f 708 408 724
f 141 1717 384
f 2004 1071 1775
f 1937 360 979
f 1482 1312 1782
f 888 1189 180
f 578 947 236
f 1581 2007 953
f 1081 1949 1579
f 1222 1381 1346
f 1715 1504 166
f 2091 1873 2128
f 1388 134 1108
f 1382 606 29
f 1912 1655 671
f 1448 1363 223
f 938 1014 1531
f 1846 81 277
f 112 2028 1175
f 1696 1451 1580
f 1569 2187 1778
f 2035 420 1882
f 249 285 1488
f 281 12 1011
f 931 556 1086
f 686 1088 2141
f 137 1172 486
f 877 1326 1030
f 956 1196 440
f 1774 1645 753
f 2112 1292 545
f 803 458 1829
f 1921 1385 1883
f 1293 586 910
f 2176 1619 1594
f 2187 1446 904
f 1983 2106 1398
f 1039 1882 988
f 297 1473 1363
f 949 926 2021
f 333 1231 1931
f 737 1920 1757
f 1016 480 1403
f 579 1346 611
f 1953 580 2150
f 1173 1772 1295
f 856 23 319
f 720 676 341
f 1678 618 2081
f 1000 1263 998
f 659 424 1350
f 935 1522 309
f 1047 857 1076
f 1214 1994 451
f 870 1614 1429
f 1647 175 750
f 1347 859 1816
f 1262 608 1985
f 1249 2000 333
f 1443 807 1312
f 2175 1231 422
f 80 423 644
f 1528 858 1698
f 1905 912 1162
f 753 1156 522
f 123 1678 1021
f 1222 430 1897
f 30 1934 277
f 2008 397 487
f 1909 1527 72
f 615 44 1759
f 1240 157 54
f 1793 833 1564
f 1738 312 388
f 110 1458 617
f 2203 1707 934
f 22 1749 919
f 518 1500 2003
f 1916 2126 1337
f 2010 886 145
f 348 2195 2118
f 186 563 1348
f 1316 1885 2169
f 1996 2117 1032
f 588 2136 1549
f 1946 2080 715
f 792 184 1505
f 973 829 541
f 1944 1951 1411
f 1233 1688 2063
f 1835 1641 315
f 2155 1543 1647
f 82 815 1718
f 1422 462 1965
f 1896 1066 2133
f 1700 625 1291
f 240 1373 57
f 1309 1283 1952
f 1926 1546 1787
f 1424 1667 141
f 1908 766 1004
f 1856 1846 1934
f 1322 1231 1938
f 2123 1588 1063
f 128 104 660
f 534 2125 1275
f 590 1551 206
f 1634 58 1587
f 1962 2159 1930
f 123 352 1678
f 757 1170 1100
f 1501 1052 2048
f 115 1071 1426
f 375 573 1823
f 744 1475 1785
f 331 1783 1161
f 1593 340 1129
f 1283 963 454
f 1349 795 2126
f 956 1831 455
f 47 1092 1692
f 1415 787 1280
f 1869 517 1926
f 1610 442 1091
f 266 1061 13
f 1692 282 47
f 1600 1087 219
f 1920 2012 622
f 990 788 266
f 850 225 1665
f 1822 1900 907
f 1136 2180 1487
f 829 1973 396
f 1512 1160 871
f 1949 1780 1925
f 16 1224 1876
f 1555 670 109
f 2006 1871 1756
f 1182 73 54
f 1002 987 213
f 2211 1995 735
f 215 1333 180
f 1707 1793 1212
f 1690 586 12
f 318 1396 1236
f 1567 854 1087
f 593 1353 1640
f 1966 829 973
f 946 2166 823
f 1820 1817 870
f 23 1177 319
f 1956 2099 1354
f 282 853 1431
f 632 852 2002
f 707 465 1175
f 1634 303 233
f 1831 956 440
f 1157 790 293
f 787 1440 1280
f 1268 2008 560
f 2181 1300 140
f 1368 982 461
f 829 1966 1013
f 1526 1779 1735
f 1177 750 175
f 1802 1187 819
f 375 255 864
f 1551 2076 1687
f 414 1262 1985
f 1717 1749 22
f 1874 2169 1885
f 342 695 862
f 2181 106 872
f 557 150 2119
f 1747 827 1908
f 1899 1951 1049
f 992 1613 1831
f 410 714 1596
f 2053 1634 1587
f 757 1100 884
f 1188 595 102
f 1496 450 760
f 1351 1694 603
f 981 1074 925
f 1491 942 640
f 1771 1663 950
f 682 1311 1303
f 407 985 365
f 1049 2164 1109
f 2171 92 2084
f 1335 306 705
f 1404 2085 742
f 1733 1214 357
f 732 1299 916
f 1816 2024 2137
f 84 1538 872
f 2017 1100 1939
f 1406 278 1101
f 364 381 264
f 823 1783 1983
f 423 260 1110
f 1462 1176 1431
f 188 1684 1428
f 779 2115 1529
f 2145 652 2163
f 267 1582 1824
f 597 782 420
f 1929 1871 1077
f 1159 1579 1620
f 1717 1178 1749
f 791 95 1055
f 493 1046 283
f 1466 1866 1758
f 1287 1016 117
f 355 751 637
f 1193 876 1603
f 172 1188 258
f 1038 991 1986
f 1289 1198 1854
f 1174 117 1016
f 525 82 1718
f 1300 2181 872
f 652 1544 1726
f 669 902 57
f 117 1387 1958
f 1416 619 827
f 424 2117 1879
f 75 1334 182
f 24 1965 1301
f 1683 1883 619
f 716 1703 150
f 1762 152 835
f 225 1751 651
f 531 992 1831
f 1726 2163 652
f 480 1754 1777
f 1129 1161 1783
f 1999 1972 1938
f 991 2152 1497
f 376 2069 1099
f 31 734 659
f 2209 1977 139
f 1300 872 1538
f 2130 409 822
f 1897 1381 1222
f 1017 1058 2041
f 138 1753 2043
f 514 1136 1487
f 862 284 342
f 1545 659 1350
f 1279 1604 1627
f 1940 574 1644
f 830 449 2165
f 1603 774 63
f 759 593 1640
f 69 901 1532
f 936 1094 194
f 2064 717 575
f 780 1088 1489
f 2137 1922 2153
f 1281 1976 2157
f 764 1645 1833
f 599 253 926
f 1242 537 1199
f 928 504 365
f 1657 463 497
f 887 1524 379
f 889 2187 1569
f 1551 930 27
f 452 393 1633
f 749 234 1471
f 1190 1101 2007
f 1818 783 396
f 1409 1256 1134
f 687 1395 322
f 555 591 1556
f 2158 262 1675
f 11 1216 295
f 723 1321 845
f 1889 1543 2155
f 2024 1816 2070
f 978 610 343
f 761 1116 531
f 475 616 1060
f 556 931 2188
f 98 1189 1984
f 1065 1433 910
f 107 172 258
f 235 152 93
f 964 995 83
f 994 1074 981
f 1124 2075 1391
f 1729 703 500
f 19 2166 946
f 555 1717 22
f 1733 403 1214
f 625 2190 1407
f 1838 392 905
f 8 1399 2147
f 7 1889 1059
f 1234 825 1022
f 1974 519 2131
f 733 148 2208
f 1343 1848 40
f 1650 677 1471
f 1108 697 2201
f 431 310 1567
f 926 253 2133
f 721 1436 399
f 690 1310 1811
f 2098 1077 875
f 1339 1241 955
f 630 1636 1700
f 2053 303 1634
f 32 805 1718
f 177 358 1601
f 1055 572 791
f 63 2134 2193
f 371 2061 18
f 90 212 1525
f 824 1880 1758
f 1875 50 1126
f 101 576 699
f 828 120 2124
f 48 1257 1716
f 114 1508 1942
f 638 308 2171
f 2027 1893 699
f 369 2192 2005
f 362 1463 1144
f 320 1878 216
f 14 817 97
f 958 1342 1822
f 1149 1627 1485
f 1279 588 1998
f 1515 391 966
f 1254 189 1187
f 1811 1369 504
f 1360 1154 1798
f 2005 1400 1670
f 2119 1046 1078
f 1836 1139 1084
f 1422 780 462
f 1527 1909 1788
f 37 1117 2207
f 1317 2199 2173
f 317 1668 965
f 2077 35 623
f 1257 1186 1716
f 1156 978 914
f 1128 1307 1460
f 1668 1205 648
f 2035 412 566
f 66 1376 1379
f 558 1631 641
f 619 2103 827
f 1471 234 2160
f 928 365 985
f 349 456 1495
f 857 2022 1076
f 272 216 407
f 1285 1542 1760
f 594 1649 2179
f 264 2151 1677
f 2054 1379 843
f 1228 1798 369
f 1990 611 1346
f 1830 1236 1020
f 396 783 1856
f 486 1368 1425
f 944 790 1296
f 1629 1732 195
f 96 2173 2199
f 160 1327 1922
f 1083 2139 1535
f 799 1369 1811
f 1716 1186 640
f 314 232 2042
f 1299 1924 1569
f 432 1007 503
f 697 379 1524
f 2150 76 1953
f 571 1169 244
f 750 1177 41
f 2146 1624 423
f 877 1030 2033
f 1248 222 1388
f 2058 294 1267
f 1264 1873 417
f 1081 1780 1949
f 501 1606 945
f 1533 1446 2060
f 1590 1882 420
f 1753 245 783
f 671 844 1912
f 1394 55 1906
f 2212 634 901
f 634 598 1375
f 1143 1559 279
f 80 510 861
f 533 954 1984
f 468 786 756
f 15 73 1182
f 1389 1146 1881
f 1419 537 1565
f 924 1632 539
f 245 81 1846
f 545 1119 2200
f 258 307 1605
f 1271 348 2118
f 425 426 938
f 2164 598 228
f 1140 906 176
f 1162 553 503
f 1475 1152 183
f 739 1221 952
f 1864 1034 1401
f 2062 87 338
f 1615 1735 1437
f 1255 1623 473
f 1898 1763 267
f 1029 2068 1546
f 362 1038 1986
f 72 1527 2135
f 403 2202 1927
f 916 459 732
f 943 1565 1926
f 44 615 204
f 592 444 361
f 679 1539 119
f 846 1547 547
f 643 52 84
f 130 645 1796
f 1472 1391 2075
f 1068 761 1276
f 1837 2089 273
f 921 1339 2149
f 1007 1832 259
f 1172 1368 486
f 2122 1815 496
f 1710 2110 614
f 1493 1112 427
f 1110 851 1207
f 1873 2091 1757
f 1365 1469 2125
f 886 2010 184
f 423 1207 644
f 56 1811 504
f 1428 1684 824
f 385 85 2194
f 394 439 348
f 1495 864 1271
f 1825 464 1033
f 1755 1989 1658
f 2106 331 1412
f 359 2182 1659
f 310 1935 1567
f 656 187 1047
f 781 160 567
f 530 1471 2160
f 152 235 835
f 1293 1765 586
f 116 1184 1457
f 1190 2007 170
f 160 1922 2024
f 346 207 1053
f 1464 1892 96
f 860 1706 1496
f 1531 1847 1724
f 956 1810 1196
f 1444 2013 441
f 1727 1426 808
f 269 256 1261
f 1260 583 795
f 1436 1166 386
f 719 213 1458
f 406 1097 900
f 737 818 2012
f 672 1601 1796
f 1597 2108 937
f 340 1593 1813
f 1644 574 801
f 1675 1418 1948
f 592 1607 2096
f 393 1914 692
f 1660 1971 887
f 1552 2207 324
f 2151 242 1132
f 151 1479 1332
f 994 1194 1040
f 700 674 67
f 1325 2100 38
f 1771 849 1400
f 1443 1449 807
f 1987 1 1594
f 159 562 476
f 86 1346 579
f 2044 1476 713
f 1425 737 2154
f 3 1782 1549
f 1639 1491 1511
f 937 2108 1371
f 466 2010 1722
f 1627 1762 1485
f 2186 1432 2083
f 486 2154 137
f 1387 1174 1561
f 375 1495 587
f 647 683 1907
f 801 584 446
f 1113 168 2094
f 845 1227 868
f 1586 1089 107
f 1993 196 1326
f 477 1885 440
f 698 211 725
f 1903 1739 1590
f 2188 931 2101
f 1193 1603 402
f 1663 989 950
f 1091 1693 563
f 1062 2149 654
f 1827 225 1324
f 1453 998 2176
f 950 1628 812
f 1215 1252 1934
f 1592 1538 982
f 566 681 2009
f 1540 1563 1728
f 1245 1749 1380
f 13 1417 1409
f 752 1770 771
f 1072 252 460
f 1804 241 1687
f 339 643 84
f 523 2210 2002
f 255 1364 1118
f 1983 1783 331
f 668 19 1398
f 915 208 740
f 398 208 915
f 513 1951 1899
f 1619 61 969
f 1800 1671 400
f 909 959 97
f 703 224 500
f 2212 341 676
f 683 647 1781
f 1459 1575 911
f 1107 1897 2193
f 912 1905 2213
f 1115 48 1716
f 84 1448 1842
f 527 1853 543
f 1750 1566 1126
f 854 2025 1266
f 2037 205 1730
f 4 1905 1162
f 1625 1217 59
f 1084 297 106
f 519 1974 1536
f 1458 1666 617
f 1690 1579 434
f 992 426 1171
f 283 247 1899
f 1857 1597 388
f 1866 237 1758
f 444 592 2096
f 591 1646 1556
f 667 512 2048
f 1695 1192 1023
f 699 576 2027
f 268 265 1164
f 1731 158 125
f 2205 628 1853
f 1659 2182 401
f 711 673 1573
f 1793 780 1422
f 1964 2172 1047
f 310 1106 712
f 821 1806 70
f 2059 1221 878
f 2058 1267 1732
f 2038 1789 339
f 1162 912 1297
f 374 111 800
f 643 1790 461
f 2011 2024 350
f 1821 1858 530
f 2171 1073 92
f 1496 1756 860
f 756 1494 153
f 2130 1027 813
f 689 99 191
f 575 1835 2089
f 1767 154 1250
f 762 438 1025
f 1452 1559 777
f 1361 1929 129
f 1353 1516 1640
f 1554 237 1144
f 1359 1609 2056
f 1929 1002 129
f 1420 704 2085
f 287 132 140
f 1501 2048 347
f 2131 443 1168
f 2200 1461 2112
f 345 1466 1880
f 1554 1463 1960
f 425 301 426
f 20 1990 2113
f 131 1721 2152
f 1767 313 103
f 364 1743 381
f 583 1980 2126
f 166 832 1320
f 1714 983 472
f 1380 2128 1264
f 2044 713 1943
f 272 445 568
f 1360 1887 1154
f 748 381 1743
f 101 2100 836
f 1303 1311 1079
f 1211 894 1966
f 2014 650 1128
f 2090 2147 603
f 2083 1432 1556
f 73 1747 54
f 1168 1490 993
f 2078 580 1953
f 1850 1414 570
f 1902 1101 2157
f 1846 277 1934
f 1873 1264 2128
f 1889 1605 1323
f 1159 1065 1579
f 629 550 2082
f 1213 372 865
f 1117 324 2207
f 1872 1239 1407
f 122 672 1796
f 1663 1925 9
f 712 1630 1935
f 2165 1651 1484
f 1112 2053 807
f 1406 1101 1902
f 1009 1818 1302
f 55 2013 1372
f 1778 970 1054
f 315 758 1669
f 2103 1324 651
f 854 1266 1087
f 598 1980 1282
f 427 1112 1449
f 109 48 1115
f 133 2073 976
f 288 1975 1069
f 1476 2189 831
f 182 880 75
f 1280 1933 250
f 1858 870 1650
f 56 2144 690
f 1517 130 358
f 594 1510 143
f 502 1430 658
f 917 1366 764
f 615 1759 1139
f 739 1721 1221
f 1146 1732 972
f 1355 1919 1170
f 1667 1236 141
f 888 1984 1189
f 1113 2057 927
f 1456 1503 562
f 1686 1841 2030
f 1225 416 1348
f 2056 1584 1915
f 2168 760 1970
f 1768 174 796
f 1436 898 539
f 874 472 2092
f 1184 116 1927
f 53 1916 1069
f 1514 2174 1525
f 409 2130 647
f 478 931 1740
f 503 961 4
f 736 2034 1186
f 2106 1983 331
f 2084 370 1314
f 1335 222 1248
f 1271 380 1495
f 1415 250 1344
f 92 1618 370
f 2049 1618 1024
f 1518 1349 630
f 290 148 688
f 59 1552 197
f 440 1316 1831
f 1390 629 1384
f 254 1284 40
f 1488 231 1738
f 418 314 1752
f 509 750 156
f 1751 1908 827
f 1770 752 1964
f 2001 1014 631
f 1548 227 358
f 349 380 1810
f 2105 572 2040
f 1691 1149 406
f 733 2208 1763
f 2171 743 638
f 219 1330 1600
f 1104 2051 1911
f 1140 910 602
f 2194 325 385
f 1540 1674 1945
f 1487 740 2183
f 220 497 37
f 276 1178 1717
f 496 1572 1891
f 276 1830 1178
f 1103 986 738
f 1580 2144 56
f 672 495 1601
f 915 740 1487
f 578 2050 2166
f 1848 620 2022
f 1159 1887 94
f 1870 1600 1330
f 633 874 316
f 1762 1760 1542
f 1737 10 1179
f 656 2172 484
f 1645 1774 305
f 1875 1008 50
f 653 42 594
f 496 1891 2132
f 1190 2074 1281
f 856 319 1647
f 823 1000 1783
f 1729 400 1671
f 1210 506 209
f 1378 564 1195
f 955 2149 1339
f 727 1006 1036
f 2203 934 1311
f 1767 848 154
f 2041 1228 369
f 2189 1476 239
f 2056 1681 1584
f 821 1522 935
f 598 229 1791
f 1800 1695 1725
f 491 279 2
f 1700 1636 2190
f 2211 1204 1995
f 763 70 332
f 575 717 1183
f 1115 1716 1507
f 1004 766 785
f 516 967 2134
f 40 1848 254
f 886 566 2009
f 1798 1228 1012
f 646 580 1792
f 348 439 2195
f 933 1461 1194
f 2162 1587 58
f 768 657 2141
f 1321 2119 1078
f 197 1625 59
f 1261 256 816
f 1624 260 423
f 822 409 971
f 1947 100 678
f 729 1616 1224
f 740 1367 342
f 2066 940 939
f 1078 706 845
f 1507 665 1115
f 1690 12 281
f 1740 1086 779
f 1453 1513 569
f 466 136 481
f 1640 1648 759
f 1256 879 1859
f 1711 1348 584
f 354 1687 241
f 192 897 1993
f 1479 151 866
f 517 585 1926
f 1474 1029 1546
f 650 1841 1686
f 881 1352 1467
f 1216 1969 473
f 1642 579 611
f 144 1976 108
f 1399 767 1913
f 1795 1930 1288
f 1033 780 1489
f 1183 1358 575
f 2111 630 1700
f 321 2067 680
f 1942 366 83
f 348 864 255
f 899 1840 1254
f 207 487 1769
f 1380 1264 1245
f 1544 652 858
f 507 1333 1621
f 499 124 1819
f 699 38 101
f 592 350 1607
f 1649 709 2179
f 1701 1991 745
f 2018 107 1089
f 1163 34 1049
f 159 476 166
f 1446 1509 979
f 1058 1201 2041
f 487 207 346
f 889 1924 298
f 1239 71 2127
f 663 1479 405
f 532 1109 224
f 1286 1972 1999
f 1344 2063 1415
f 1869 2068 917
f 1132 785 907
f 1224 1325 38
f 1119 209 1040
f 731 546 2140
f 619 820 1498
f 820 619 1883
f 1068 1116 761
f 2136 3 1549
f 1818 1009 1243
f 867 809 1742
f 2043 1009 1302
f 90 470 155
f 1489 1450 1825
f 1297 389 1262
f 27 1208 149
f 1054 949 589
f 636 1797 2071
f 1590 988 1882
f 2158 1307 262
f 1299 1979 612
f 701 2043 1302
f 164 1933 1672
f 1393 2146 80
f 1387 1561 270
f 1812 522 91
f 1828 1773 923
f 2161 2129 1150
f 1640 68 114
f 688 148 66
f 663 1332 1479
f 1764 2189 1807
f 467 79 980
f 606 1063 29
f 823 1983 946
f 1959 395 1301
f 1961 126 819
f 428 2206 816
f 279 1274 445
f 929 1947 922
f 324 1117 1699
f 575 2089 2064
f 932 921 2149
f 1136 1340 2180
f 1104 856 1138
f 1249 662 494
f 329 1219 1179
f 1386 2155 509
f 325 2194 660
f 989 511 950
f 565 627 280
f 1411 2065 28
f 485 94 2182
f 585 1812 1059
f 2094 1034 1113
f 1946 1183 482
f 1042 446 442
f 1307 1128 262
f 1547 1048 1142
f 1778 1617 1569
f 2206 1965 2023
f 86 579 1901
f 1506 675 425
f 851 1861 2039
f 1327 15 1197
f 1331 298 545
f 919 1245 1264
f 1816 859 2070
f 2039 1680 952
f 734 1093 33
f 88 960 8
f 1977 538 139
f 35 610 623
f 1619 852 61
f 591 635 1123
f 323 95 791
f 1849 576 185
f 665 1507 391
f 665 391 1515
f 1748 1315 1955
f 1061 1281 2074
f 38 2100 101
f 1527 1241 2135
f 360 1937 1057
f 2032 559 91
f 85 330 1238
f 1298 404 1439
f 792 886 184
f 200 1014 938
f 1610 535 1626
f 266 875 275
f 1971 2142 887
f 1587 2162 65
f 1919 1355 633
f 1749 918 1380
f 1866 1466 341
f 152 1627 1604
f 1879 1215 1934
f 1615 1950 1735
f 1515 1555 665
f 1682 490 1082
f 250 1933 1423
f 941 1486 497
f 1907 1530 971
f 182 2165 880
f 2175 40 1284
f 1804 1022 981
f 1926 1565 537
f 123 1021 2142
f 518 1768 1500
f 858 1010 1698
f 435 499 1819
f 1904 2128 1380
f 291 1892 2079
f 1037 857 1392
f 32 815 613
f 974 1413 415
f 476 161 166
f 926 949 599
f 512 2065 1200
f 621 1170 757
f 697 1108 408
f 1630 1435 493
f 119 1667 1424
f 1852 416 1225
f 863 1838 82
f 177 335 1548
f 416 186 1348
f 1302 2079 1892
f 1053 207 1769
f 1425 461 1790
f 929 1003 100
f 807 2053 1587
f 134 364 1108
f 76 1435 1106
f 1964 620 1770
f 1335 1259 222
f 1005 1467 403
f 1299 2102 916
f 1408 1629 1306
f 158 1830 1020
f 204 501 908
f 1841 1414 2030
f 1269 511 2170
f 1104 78 983
f 1045 533 2071
f 1149 1691 1279
f 700 859 1347
f 458 847 2114
f 1385 1921 1237
f 1458 213 940
f 1324 225 651
f 1278 220 59
f 955 2037 654
f 425 938 1223
f 1543 1889 1673
f 1591 866 347
f 1813 1672 1280
f 2188 1263 1867
f 712 1435 1630
f 1978 1338 489
f 515 1723 1488
f 2065 667 353
f 1015 912 2213
f 1515 811 1555
f 441 452 469
f 1385 1188 102
f 102 820 1385
f 153 1993 756
f 895 571 1512
f 1313 393 452
f 2000 607 1343
f 511 879 1628
f 660 1635 680
f 1602 2176 998
f 296 1684 1278
f 722 1386 156
f 813 775 891
f 1000 823 728
f 455 1171 456
f 873 1987 2109
f 1009 2043 1243
f 838 1826 1870
f 702 2004 1761
f 2086 1408 1362
f 1629 1408 1277
f 899 1802 2003
f 1576 975 343
f 1403 444 2096
f 1794 328 2040
f 1511 996 2073
f 195 542 1629
f 1936 1169 1208
f 757 1780 621
f 2162 1853 628
f 716 663 405
f 2029 1940 1298
f 1737 842 1991
f 589 1133 1570
f 1038 1314 429
f 653 190 1462
f 1364 1775 1118
f 275 144 108
f 939 489 2066
f 1952 1135 1431
f 1881 637 471
f 2171 308 1073
f 2069 1838 863
f 1661 1553 508
f 1466 720 341
f 1400 1663 1771
f 216 1878 146
f 735 1373 2211
f 2068 1869 1546
f 1685 1268 954
f 1118 1071 2099
f 1701 10 1737
f 182 2161 830
f 1901 579 742
f 529 112 1482
f 1024 1656 2049
f 1271 864 348
f 1770 1397 771
f 649 645 899
f 1313 452 984
f 1510 1140 602
f 6 1492 1768
f 1210 209 1119
f 2009 681 2156
f 1845 1727 1574
f 227 1548 335
f 2061 371 1849
f 698 1643 839
f 856 1647 1138
f 2016 1683 619
f 2087 1370 1178
f 711 1573 993
f 352 485 1678
f 1241 1339 10
f 2136 588 1279
f 1750 837 811
f 668 2075 1713
f 1232 1595 1147
f 299 60 1152
f 1035 302 1469
f 1324 2103 1827
f 1591 1200 741
f 105 1742 806
f 1866 69 237
f 288 1069 345
f 1149 2038 406
f 1562 1391 1748
f 1291 2111 1700
f 1340 797 2180
f 1113 1034 286
f 1306 404 1408
f 1182 54 157
f 1240 280 627
f 1120 1361 110
f 1992 28 353
f 1327 160 505
f 165 30 277
f 1715 166 161
f 428 1793 1422
f 928 985 1580
f 1876 1224 1616
f 2056 561 1359
f 2017 226 1100
f 1460 1307 1767
f 1918 1153 1597
f 2184 944 1734
f 114 1648 1640
f 2114 443 2131
f 1817 582 1121
f 2124 683 1781
f 1265 1202 548
f 2050 556 1867
f 1276 1316 1931
f 221 1568 1988
f 1274 568 445
f 1733 357 1814
f 313 1767 2158
f 538 1977 1654
f 2131 815 763
f 431 286 310
f 221 1988 1444
f 2190 1745 1407
f 799 2204 2009
f 1321 723 1230
f 1441 1694 687
f 1899 1049 1109
f 1496 1854 2167
f 1582 1696 1019
f 1681 1012 26
f 724 1070 708
f 1296 505 781
f 647 891 1781
f 228 1246 1109
f 2128 137 2091
f 406 900 3
f 1902 322 1406
f 512 1591 2048
f 689 191 642
f 302 1035 1095
f 2071 533 1357
f 773 395 721
f 892 1828 623
f 1664 361 444
f 1052 1501 2198
f 51 525 436
f 520 1808 1727
f 557 663 716
f 1903 947 1589
f 264 1862 364
f 1864 1608 173
f 603 2147 1167
f 1481 1054 804
f 1127 1308 544
f 1745 288 1872
f 1893 729 699
f 1964 1047 1076
f 2199 744 96
f 1403 1777 444
f 2049 1588 1618
f 992 200 426
f 710 1418 419
f 1290 1136 1909
f 1711 1225 1348
f 1494 1145 46
f 1250 1937 475
f 273 2089 1895
f 1626 535 355
f 2152 1721 46
f 2024 781 567
f 1727 1354 115
f 698 1585 1643
f 286 1106 310
f 478 1499 1413
f 808 1405 615
f 1818 1243 783
f 863 525 51
f 1865 1107 1709
f 299 1333 138
f 1036 219 727
f 1521 1657 470
f 63 1151 2134
f 1304 1928 81
f 1145 756 786
f 925 1865 241
f 1622 634 2212
f 1483 1150 590
f 851 2039 952
f 730 1682 940
f 1439 552 1298
f 1209 345 1880
f 2193 402 1603
f 616 570 1060
f 112 1175 1312
f 978 343 914
f 1791 500 1246
f 1117 698 839
f 1115 665 1555
f 742 579 1642
f 2070 67 1607
f 301 425 675
f 241 367 1893
f 1864 1045 793
f 196 1993 153
f 1297 1262 414
f 1455 41 1090
f 2143 549 326
f 1123 2073 133
f 1731 2118 1377
f 109 1115 1555
f 2003 2199 649
f 1251 1352 797
f 100 2002 678
f 353 28 2065
f 1487 1328 514
f 485 359 1678
f 525 863 82
f 491 2 407
f 1872 1598 755
f 331 809 1412
f 1896 1795 1288
f 249 1738 1371
f 1358 1183 449
f 791 682 1303
f 2174 1960 1986
f 857 251 1392
f 474 1083 1873
f 1530 536 1877
f 1301 1585 1959
f 354 1868 1599
f 2083 1855 1821
f 1710 707 447
f 666 431 2057
f 521 1457 2138
f 1174 694 1561
f 540 591 555
f 1065 434 1579
f 1496 2167 2006
f 855 1338 1978
f 1468 1559 1143
f 897 577 463
f 925 241 1804
f 992 1171 1613
f 887 2142 1524
f 1622 1980 598
f 2067 1537 128
f 1758 237 1554
f 437 2133 1066
f 387 1114 1064
f 2001 1286 789
f 634 1622 598
f 1641 2161 1150
f 198 78 1911
f 1447 295 1216
f 351 118 1992
f 1868 241 1893
f 641 250 1272
f 1501 347 2061
f 2090 388 2147
f 738 1232 1558
f 828 1914 120
f 2030 1414 1850
f 1559 1142 777
f 494 1615 1249
f 215 1766 1753
f 1204 1826 838
f 71 1165 294
f 770 2124 1781
f 2019 218 1682
f 1748 263 1562
f 1166 1585 725
f 2140 1133 589
f 1932 2169 1050
f 1705 655 1716
f 1612 902 397
f 172 2018 595
f 415 1413 1947
f 605 1930 1978
f 846 311 2046
f 305 1833 1645
f 151 2061 882
f 819 126 1125
f 1191 1637 1338
f 2019 1682 226
f 1084 2028 1473
f 164 1593 1513
f 1326 192 1993
f 2061 151 18
f 1959 1166 1436
f 1508 114 448
f 2089 1332 1895
f 1181 1611 399
f 281 1206 1690
f 1514 1525 212
f 117 1624 1287
f 1941 1132 242
f 963 1283 1309
f 784 269 1402
f 1668 391 965
f 831 713 1476
f 1889 1323 1059
f 447 495 2110
f 728 1867 1263
f 405 1703 716
f 969 61 294
f 710 687 1902
f 523 1226 2210
f 1954 191 217
f 1859 511 1269
f 1161 809 331
f 398 736 1257
f 893 1218 913
f 1967 742 704
f 1648 1942 83
f 410 1506 336
f 2172 1964 484
f 650 1686 1560
f 1313 124 393
f 987 810 213
f 552 324 1319
f 1007 330 1832
f 300 2095 254
f 441 469 111
f 105 806 1275
f 2138 1711 521
f 1143 279 491
f 1801 1591 405
f 31 846 547
f 1107 2193 16
f 77 2211 927
f 1351 1395 1694
f 1231 1322 1068
f 1457 1852 2138
f 603 1694 1857
f 1532 901 238
f 1173 1124 1877
f 1763 2208 169
f 1518 630 1080
f 1118 1956 394
f 2158 1948 313
f 1460 1250 2014
f 14 2195 817
f 648 966 1668
f 801 446 1644
f 1649 42 1044
f 1050 662 1249
f 1702 1053 1274
f 562 161 476
f 289 1018 334
f 2162 628 588
f 1167 1761 2004
f 1662 1924 732
f 293 790 1419
f 1089 1586 1386
f 1435 76 706
f 1114 1493 614
f 1107 1616 1709
f 1988 2209 139
f 465 1710 427
f 570 1414 1060
f 1784 1637 865
f 1716 942 1705
f 184 2010 466
f 1196 477 440
f 1073 2072 92
f 1426 1071 702
f 1850 1936 903
f 2079 488 291
f 1013 1973 829
f 1082 490 884
f 685 379 1070
f 1958 1141 2033
f 1795 1896 2133
f 2004 702 1071
f 480 1366 2068
f 1851 1990 1346
f 1244 975 1576
f 661 874 633
f 1496 1706 1890
f 2196 1308 2107
f 1086 236 292
f 2107 1794 1679
f 1180 1488 1723
f 876 1382 29
f 1799 1445 2192
f 268 1164 2145
f 1993 1521 468
f 1155 1455 457
f 221 1444 1834
f 874 1714 472
f 543 58 210
f 640 942 1716
f 1400 1445 327
f 1398 1550 668
f 530 1858 1650
f 696 558 535
f 1508 448 1765
f 690 2144 1310
f 1899 150 513
f 735 1995 1878
f 162 776 988
f 2177 1174 1016
f 836 1247 2198
f 2140 546 1133
f 894 1211 387
f 1907 409 647
f 1233 641 1631
f 1291 1226 1456
f 1532 638 69
f 1498 1534 963
f 2106 373 1550
f 1653 1319 324
f 708 697 408
f 1203 551 1704
f 599 1054 1481
f 489 45 62
f 880 903 75
f 2161 182 2129
f 1318 1688 1631
f 747 669 320
f 27 1804 2076
f 89 1948 144
f 674 700 1478
f 997 338 1205
f 1097 2038 1448
f 661 23 874
f 1501 1849 185
f 52 643 461
f 596 1427 2031
f 566 412 681
f 1363 112 529
f 2131 763 1974
f 426 200 938
f 768 581 1519
f 930 1551 248
f 1132 1900 2151
f 1303 323 791
f 2023 883 2206
f 1457 1184 1852
f 2121 819 1187
f 2005 1445 1400
f 76 1227 706
f 2045 1393 1287
f 790 505 1296
f 435 2124 499
f 1377 14 1805
f 2025 1671 1725
f 1235 694 1174
f 13 1997 266
f 951 1230 1837
f 1500 744 2003
f 1630 1329 1935
f 1546 1926 1242
f 892 623 878
f 1775 322 1395
f 546 1454 1420
f 2036 448 114
f 1577 1244 1193
f 1661 1877 263
f 242 2151 264
f 1666 1784 617
f 2101 1263 2188
f 1420 1454 1595
f 755 195 1239
f 637 751 1272
f 2028 304 707
f 2210 1226 1291
f 168 1373 1356
f 1924 626 298
f 621 1206 1090
f 140 1583 287
f 1067 2072 1073
f 2020 1129 1783
f 186 535 563
f 1922 1327 1197
f 1311 934 1079
f 1019 838 1870
f 7 1673 1889
f 825 624 1786
f 1171 301 456
f 328 2105 2040
f 1135 282 1431
f 89 144 1085
f 854 1329 2025
f 2154 486 1425
f 834 1735 1950
f 923 606 2077
f 358 227 1517
f 1303 1079 785
f 1717 141 276
f 1345 804 970
f 833 1793 428
f 1231 333 2000
f 1892 291 96
f 1578 1511 2073
f 2076 1551 27
f 1803 2191 193
f 66 1379 2042
f 1370 959 1185
f 87 1875 338
f 1360 1609 1359
f 899 2003 649
f 769 2173 291
f 1051 1532 238
f 497 463 941
f 952 1680 153
f 1347 883 700
f 1925 1780 778
f 1786 624 871
f 578 1589 947
f 942 1639 1705
f 1839 1728 118
f 1621 382 174
f 1367 109 957
f 534 1430 502
f 451 657 768
f 1522 821 392
f 1138 1647 1001
f 315 1641 1150
f 1208 1169 895
f 2201 1388 1108
f 1872 1407 1745
f 1848 300 254
f 1041 1123 133
f 2148 878 623
f 1097 223 900
f 300 879 1256
f 884 2185 778
f 1424 1635 119
f 410 336 953
f 1567 1935 854
f 759 1648 83
f 1266 219 1087
f 1981 711 2213
f 738 1967 1232
f 546 337 127
f 641 751 558
f 607 1437 771
f 1773 1221 1721
f 1705 1639 844
f 407 216 985
f 659 734 424
f 172 107 2018
f 1872 1025 1598
f 1158 1375 2164
f 245 1753 1304
f 1891 209 2132
f 2116 1198 1085
f 245 1846 783
f 1611 674 1478
f 1357 533 1984
f 1667 553 318
f 522 1812 753
f 206 1551 1687
f 203 1459 1048
f 915 736 398
f 1969 1255 473
f 303 896 1966
f 1362 1940 1644
f 1821 1374 1820
f 2146 1393 2045
f 1901 742 1967
f 697 708 379
f 1355 1177 23
f 1674 1073 308
f 748 1614 242
f 130 1796 358
f 984 441 1313
f 1373 735 57
f 1658 487 346
f 2015 1750 1126
f 94 485 1894
f 1583 817 287
f 1660 143 1510
f 79 467 1273
f 231 1125 126
f 551 1255 1704
f 782 1903 420
f 1874 2178 913
f 1826 1204 2211
f 610 1576 343
f 1771 950 849
f 1763 1378 1195
f 667 1992 353
f 882 2061 866
f 204 908 44
f 3 900 1482
f 1525 2174 1096
f 1614 323 242
f 478 974 931
f 2055 754 1728
f 1886 1270 805
f 1086 2115 779
f 249 1488 1738
f 1893 367 729
f 272 568 747
f 642 191 1954
f 373 867 1315
f 1227 2150 646
f 1410 15 2016
f 1217 1105 1684
f 1161 340 798
f 1448 2038 1842
f 646 1943 713
f 1828 2077 623
f 847 913 1102
f 1472 1550 1315
f 2098 1929 1077
f 377 500 1791
f 954 533 1685
f 764 1156 1645
f 715 518 819
f 894 1013 1966
f 1272 1423 637
f 850 724 1751
f 1735 834 1526
f 1583 97 817
f 1789 2038 1149
f 891 647 2130
f 1247 968 1052
f 436 492 705
f 507 1621 636
f 1340 1809 1251
f 1214 403 1994
f 1124 1295 1713
f 1019 1696 1968
f 1364 1823 1596
f 1733 544 1005
f 1188 1385 1237
f 84 52 982
f 210 1634 363
f 847 443 2114
f 517 1869 305
f 301 587 456
f 2013 1313 441
f 1585 1166 1959
f 1099 2069 401
f 1502 1203 1247
f 60 299 2043
f 1764 1807 717
f 1546 1869 1787
f 752 771 1437
f 1334 2129 182
f 1392 1670 1037
f 1751 766 1908
f 1147 1558 1232
f 2095 498 1284
f 559 2051 7
f 986 1244 1577
f 333 1050 1249
f 2015 1131 1750
f 1600 1826 77
f 1286 1581 789
f 785 766 907
f 923 2077 1828
f 276 141 1236
f 1325 516 2100
f 1863 724 408
f 1574 1836 1845
f 1247 1052 2198
f 1617 589 1570
f 479 304 2028
f 1967 86 1901
f 779 1529 1740
f 963 1827 1498
f 408 1108 958
f 1485 339 1789
f 1111 1219 1520
f 89 1085 1289
f 1192 727 1023
f 43 2183 342
f 961 1007 74
f 1668 2139 1557
f 1707 780 1793
f 1134 1859 39
f 787 693 772
f 767 8 960
f 594 906 1510
f 905 82 1838
f 609 2018 1089
f 1105 438 1684
f 238 1158 433
f 1130 1430 1318
f 1234 27 149
f 1714 874 23
f 505 1683 1327
f 975 1103 2032
f 419 5 1441
f 177 1548 358
f 873 1075 471
f 1267 195 1732
f 993 1573 613
f 368 1588 295
f 1996 1568 221
f 1574 1727 808
f 273 1895 951
f 1407 2127 625
f 1998 1633 235
f 2121 1187 189
f 1503 1003 922
f 1126 1566 1875
f 1035 526 1095
f 146 1995 1204
f 199 2201 2081
f 1094 936 731
f 1153 1918 5
f 572 178 791
f 554 1633 639
f 1583 909 97
f 904 360 970
f 174 1797 636
f 1592 909 140
f 1091 563 1610
f 925 1572 1865
f 1148 1320 1192
f 1352 1251 1467
f 790 944 1253
f 1061 1417 13
f 725 1585 698
f 1980 1622 676
f 981 925 1804
f 421 212 155
f 1084 106 1836
f 1142 1048 777
f 897 463 1657
f 1654 1977 33
f 1679 582 1374
f 788 108 1976
f 1728 1563 118
f 1171 426 301
f 182 830 2165
f 225 850 1751
f 555 384 1717
f 948 210 1252
f 1282 229 598
f 1874 913 662
f 1879 2117 1215
f 722 1516 1089
f 2195 1377 2118
f 317 1229 1668
f 2128 1904 356
f 2014 1060 1841
f 684 790 1157
f 848 1767 103
f 1104 983 856
f 1833 1869 917
f 1884 1285 2062
f 1405 2120 204
f 1652 1128 1560
f 404 1306 214
f 2054 1499 1697
f 924 898 192
f 1041 1374 1646
f 829 396 541
f 298 626 545
f 1490 1102 711
f 1237 943 307
f 760 1854 1496
f 528 775 1131
f 852 2176 678
f 307 943 1323
f 231 1180 1125
f 1384 767 1390
f 1813 1280 1440
f 1439 214 197
f 734 1032 424
f 15 1327 2016
f 1111 1520 186
f 1917 1192 1695
f 1730 205 1788
f 994 1888 933
f 919 1749 1245
f 1502 1623 551
f 99 1164 265
f 904 979 360
f 1503 922 843
f 411 1909 514
f 778 989 9
f 1524 2142 1021
f 1398 2106 1550
f 332 26 1012
f 1158 238 901
f 2050 1867 728
f 318 1236 1667
f 1582 2097 1824
f 311 1879 165
f 418 1529 782
f 1354 1808 1956
f 1741 1539 2194
f 1611 1181 1235
f 1598 542 755
f 1482 900 529
f 1967 738 986
f 422 1343 40
f 74 32 1573
f 173 1608 1034
f 1801 405 866
f 717 482 1183
f 365 1803 491
f 1626 355 637
f 1167 2147 1761
f 2001 1847 1014
f 907 766 1822
f 2040 1055 1121
f 1938 1972 1736
f 319 1177 175
f 1448 84 872
f 1418 2157 1976
f 1615 1437 607
f 367 1709 729
f 99 689 1164
f 850 685 1070
f 1990 1642 611
f 1018 1923 1438
f 740 208 1367
f 659 846 31
f 720 1916 1337
f 1388 199 1248
f 1840 550 2047
f 1706 860 1719
f 541 1934 233
f 792 597 420
f 475 1937 1509
f 1358 1641 1835
f 1290 72 1523
f 1943 793 718
f 519 458 2131
f 2103 651 827
f 1797 1492 718
f 1156 753 1645
f 752 1437 1779
f 1404 459 2085
f 767 960 826
f 1278 212 421
f 1044 1092 1098
f 453 1074 994
f 1772 162 1590
f 1030 1680 1861
f 955 1241 205
f 1952 1176 1309
f 2094 1356 1401
f 287 1956 1808
f 233 303 973
f 1670 1392 369
f 32 74 259
f 1812 1774 753
f 1211 1966 1114
f 1740 1752 478
f 1689 1156 764
f 951 1837 273
f 797 736 915
f 1796 1601 358
f 2175 1284 1999
f 1626 869 1610
f 1656 11 2049
f 1729 500 377
f 170 2007 1581
f 427 614 1493
f 2067 1726 1537
f 2057 77 927
f 1961 819 2121
f 248 1334 930
f 2085 337 1420
f 1679 976 2196
f 1704 968 1203
f 1377 1805 1720
f 596 2031 1186
f 635 1912 2073
f 1821 1820 1858
f 1345 970 1057
f 1946 482 239
f 1063 1588 368
f 685 1462 190
f 1688 1430 2063
f 772 806 1742
f 1931 1068 1276
f 1105 271 1598
f 1798 1012 1681
f 446 1091 442
f 2190 1636 1745
f 2181 132 106
f 664 75 962
f 30 1879 1934
f 2132 506 2122
f 129 719 1361
f 550 130 2082
f 386 898 1436
f 2019 226 1896
f 1124 1173 1295
f 1630 224 703
f 1662 626 1924
f 1842 339 84
f 99 1886 1832
f 2125 1712 1275
f 2031 1427 996
f 2048 1591 347
f 1533 181 1446
f 327 1799 1620
f 2160 321 2186
f 1767 1250 1460
f 1621 1333 299
f 1118 348 255
f 1587 65 807
f 1686 2030 1910
f 1864 173 1034
f 2133 2021 926
f 1693 1091 446
f 1333 215 138
f 1002 213 129
f 1106 1953 76
f 2167 1198 2006
f 632 61 852
f 1408 1940 1362
f 1147 1595 2092
f 1686 1910 880
f 2030 903 1910
f 419 1441 687
f 1865 1709 367
f 1130 390 932
f 881 1005 544
f 172 595 1188
f 125 608 380
f 676 1337 1980
f 530 2186 1821
f 658 654 1365
f 697 1524 2081
f 1287 2146 2045
f 980 1955 867
f 226 2017 1896
f 970 360 1057
f 2204 886 2009
f 716 150 557
f 461 1425 1368
f 1085 1198 1289
f 270 1561 1632
f 1352 1427 691
f 1537 1544 104
f 718 1492 2044
f 2032 201 1911
f 633 936 194
f 1121 582 1794
f 1812 91 559
f 2093 959 909
f 511 1628 950
f 1682 1082 226
f 552 1439 1552
f 1591 512 1200
f 924 1141 1632
f 1894 485 352
f 978 510 610
f 303 1966 973
f 444 1777 1664
f 1843 983 78
f 2184 1734 171
f 1265 548 1083
f 1320 1006 727
f 1601 495 177
f 2197 1561 1181
f 404 214 1439
f 36 2109 969
f 730 810 1682
f 2184 1253 944
f 599 949 1054
f 2157 1418 710
f 891 1744 1781
f 1219 1111 890
f 2186 2083 1821
f 781 1734 1296
f 1224 699 729
f 1364 1596 1406
f 291 2173 96
f 270 1632 1141
f 469 452 628
f 737 1757 1470
f 1055 870 1817
f 1106 286 1953
f 2110 1710 447
f 986 814 86
f 642 1010 858
f 855 1930 2159
f 1580 1451 2144
f 988 1590 162
f 2026 495 672
f 717 2064 1764
f 1523 1701 745
f 1520 535 186
f 682 791 178
f 2080 1476 2044
f 912 1015 389
f 941 577 1477
f 140 909 1583
f 1923 1026 1438
f 1612 397 2008
f 1174 1387 117
f 462 464 1643
f 1060 2014 1250
f 1833 305 1869
f 189 1254 1390
f 1993 468 756
f 1000 569 2020
f 1623 516 2134
f 763 905 392
f 1217 296 59
f 598 1791 228
f 723 868 1230
f 1691 406 3
f 382 1621 1152
f 323 1303 1941
f 751 641 1272
f 875 1085 275
f 280 1079 565
f 1193 402 1577
f 1499 1752 1697
f 1733 1814 1127
f 517 1812 585
f 1706 372 1890
f 782 597 1982
f 914 2032 522
f 633 316 936
f 93 1604 1279
f 734 1977 2209
f 578 2166 19
f 1607 350 2070
f 2151 1900 1677
f 1678 2081 1021
f 433 1944 1945
f 612 1570 1133
f 633 1355 661
f 2027 1868 1893
f 1344 250 641
f 808 1426 2120
f 1150 248 590
f 1852 890 416
f 1250 154 2168
f 1611 1478 24
f 1528 660 104
f 718 2071 1797
f 1016 1122 1366
f 1673 1001 1543
f 962 903 1936
f 1683 2016 1327
f 1340 1251 797
f 1421 1514 188
f 1071 1118 1775
f 219 1036 1330
f 1651 2165 449
f 252 1653 460
f 1750 966 1566
f 1525 1096 90
f 342 1367 695
f 521 1489 1457
f 945 767 1384
f 1816 2137 2153
f 1625 214 1306
f 67 2070 859
f 1742 1440 772
f 324 1699 1653
f 2206 179 1965
f 2102 612 127
f 1066 1896 1094
f 2115 292 782
f 544 1733 1127
f 1301 462 1643
f 506 732 459
f 363 1934 1252
f 327 1949 1925
f 1773 1018 1438
f 51 705 306
f 1898 733 1763
f 368 295 63
f 995 1283 454
f 982 1368 1592
f 1129 2020 1593
f 1289 1854 154
f 1737 1179 842
f 707 304 447
f 1489 1825 1033
f 794 996 1427
f 1891 1040 209
f 1230 1764 1837
f 885 1465 371
f 857 1047 251
f 80 644 510
f 430 402 2193
f 1484 1560 1686
f 419 1675 5
f 1037 849 812
f 776 1772 1906
f 1268 98 954
f 465 707 1710
f 684 1683 505
f 651 1751 827
f 1203 968 1247
f 606 1258 35
f 765 844 671
f 923 1773 1438
f 968 667 2048
f 1839 2055 1728
f 2194 85 1741
f 1991 1184 745
f 339 818 1790
f 2033 1030 1861
f 991 2174 1986
f 635 591 1655
f 43 1328 2183
f 1948 89 313
f 369 1798 2192
f 904 970 1778
f 1528 1698 325
f 148 290 2208
f 2206 428 179
f 195 1267 294
f 1658 346 1575
f 1062 1130 932
f 1553 1661 1776
f 645 1317 1796
f 1646 591 1123
f 646 868 1227
f 743 1144 638
f 1658 1989 560
f 151 758 18
f 1430 534 2063
f 554 235 1633
f 1919 633 194
f 1329 1729 1671
f 2094 168 1356
f 794 1427 1352
f 1917 1080 1148
f 1043 2117 1996
f 595 2018 1534
f 381 748 264
f 782 1529 2115
f 1120 1871 1929
f 1139 1759 1638
f 1831 1613 455
f 1125 1946 715
f 1913 767 945
f 1763 169 1378
f 515 1488 285
f 23 856 1714
f 225 1827 963
f 1434 2156 746
f 433 1163 1944
f 602 910 123
f 1820 870 1858
f 380 1708 1196
f 1287 1122 1016
f 1128 2108 262
f 539 399 1436
f 571 1533 1160
f 405 1591 741
f 868 831 2189
f 1012 1201 332
f 221 1043 1996
f 1882 1039 412
f 849 950 812
f 1739 1589 668
f 6 715 2080
f 1139 1574 615
f 142 1 1987
f 83 366 964
f 582 1817 1820
f 858 2145 689
f 1777 1754 1664
f 765 1705 844
f 840 992 531
f 1317 649 2199
f 1362 1644 1042
f 1293 1140 176
f 657 116 686
f 261 1962 1930
f 1416 827 1747
f 132 520 106
f 1752 1529 418
f 527 543 210
f 520 1845 106
f 1880 824 1209
f 1153 1675 262
f 1840 2047 1254
f 2133 437 2021
f 414 1020 1396
f 728 1263 1000
f 1473 2028 112
f 1580 985 1968
f 933 1786 1461
f 198 201 738
f 49 1704 351
f 1319 252 574
f 1099 401 1360
f 1679 133 976
f 801 252 274
f 142 1933 164
f 906 1140 1510
f 805 259 1832
f 1968 838 1019
f 1929 1134 39
f 2101 998 1263
f 122 769 894
f 189 1390 826
f 629 1390 2047
f 1434 2191 1369
f 549 1142 326
f 2152 991 1038
f 401 94 1360
f 1503 1480 562
f 1227 845 706
f 559 1059 1812
f 729 1709 1616
f 1669 1332 1835
f 75 903 962
f 252 801 574
f 606 1382 1258
f 1446 181 1509
f 636 1357 507
f 97 1805 14
f 1912 1578 2073
f 1050 2169 1874
f 1647 750 509
f 1270 1718 805
f 506 1662 732
f 479 2028 1084
f 2059 1207 851
f 306 618 359
f 143 1660 190
f 1304 81 245
f 1882 412 2035
f 1526 834 1392
f 2099 115 1354
f 1799 1887 1620
f 841 2069 376
f 1819 124 1394
f 2024 1922 2137
f 652 2145 858
f 2157 710 1902
f 1907 1031 536
f 1939 1100 1170
f 1357 1984 888
f 1244 1382 876
f 1991 1852 1184
f 893 803 1218
f 101 836 2198
f 2024 567 160
f 506 1210 1662
f 1999 1284 498
f 1149 1485 1789
f 1710 614 427
f 616 1509 181
f 1025 438 1105
f 724 850 1070
f 481 1505 184
f 754 1540 1728
f 747 568 1769
f 1079 1564 565
f 1969 121 1255
f 508 1553 822
f 26 1806 1915
f 1825 1450 1072
f 1309 225 963
f 1852 1991 842
f 980 1748 1955
f 339 1790 643
f 916 337 2085
f 215 1753 138
f 1637 1957 865
f 2182 94 401
f 1873 1757 474
f 1180 231 1488
f 1103 201 2032
f 720 1337 676
f 718 793 1045
f 1090 281 1011
f 477 1015 1541
f 279 445 2
f 345 1209 762
f 605 218 1288
f 460 1653 1699
f 2065 1411 513
f 1925 1663 601
f 2213 2178 1541
f 1351 1167 2004
f 337 916 2102
f 1137 1612 1268
f 1512 624 895
f 1150 524 315
f 1974 763 332
f 1064 1114 614
f 1852 1225 2138
f 1426 702 2120
f 1474 480 1029
f 435 1031 2124
f 1741 1667 1539
f 2152 1038 429
f 1090 41 621
f 867 105 980
f 728 823 2166
f 1961 312 1738
f 1734 2011 171
f 104 128 1537
f 2113 1851 1865
f 64 766 1751
f 607 1397 1343
f 2111 562 159
f 1704 49 968
f 1128 1652 2108
f 1416 1747 73
f 632 71 61
f 1519 2105 328
f 797 915 2180
f 1800 1260 795
f 1924 1299 732
f 1531 1724 1223
f 1026 1588 2123
f 553 1667 1741
f 1999 1190 1286
f 1958 2033 1624
f 61 71 294
f 455 1613 1171
f 1573 673 74
f 1827 2103 619
f 784 256 269
f 2136 1691 3
f 843 922 2054
f 98 1984 954
f 1259 705 243
f 17 765 671
f 523 100 1003
f 650 2014 1841
f 1850 244 1169
f 982 52 461
f 2010 145 920
f 1954 1010 642
f 115 1426 1727
f 1166 725 386
f 1450 521 274
f 2043 299 138
f 1419 1199 537
f 2033 1110 260
f 425 1223 336
f 1027 862 695
f 760 154 1854
f 313 89 103
f 961 503 1007
f 2041 1012 1228
f 1769 487 397
f 2099 1071 115
f 1044 1098 977
f 2031 1511 1491
f 1297 414 1396
f 1348 563 1693
f 1724 789 1581
f 510 978 861
f 2213 1102 2178
f 814 1222 86
f 765 17 257
f 1889 1586 1605
f 312 88 388
f 2028 707 1175
f 1906 1772 167
f 552 2029 1298
f 693 787 1415
f 2177 1403 2096
f 1381 1107 1865
f 575 1358 1835
f 265 1270 1886
f 1383 749 1571
f 469 628 2205
f 1003 1503 1226
f 89 1289 848
f 2081 618 1335
f 1519 451 768
f 448 2036 457
f 1948 21 144
f 639 692 528
f 1099 1359 376
f 701 1892 1464
f 1159 94 1894
f 152 1762 1627
f 68 1516 722
f 669 57 320
f 796 1500 1768
f 889 298 2187
f 375 587 573
f 1472 1315 1748
f 1024 1618 2072
f 1755 1575 1459
f 1862 264 1677
f 434 910 586
f 726 1039 55
f 801 1711 584
f 433 1158 34
f 110 1361 719
f 877 1141 924
f 267 1195 604
f 1844 873 471
f 448 12 1765
f 297 1084 1473
f 1792 2078 1608
f 43 526 411
f 97 959 1805
f 268 2145 2163
f 1196 1015 477
f 2012 1542 622
f 33 1977 734
f 1918 1597 1857
f 1895 663 557
f 1465 2027 576
f 1651 449 1183
f 1092 47 1098
f 1974 332 1201
f 1316 1276 1831
f 2106 1412 373
f 748 242 264
f 796 382 1475
f 228 1109 2164
f 1360 94 1887
f 1887 1159 1620
f 1949 327 1620
f 809 867 1412
f 499 120 124
f 1856 1934 541
f 1638 304 479
f 516 1502 2100
f 1048 1220 777
f 2144 202 920
f 1208 1334 664
f 2015 528 1131
f 2097 1582 1019
f 1855 1374 1821
f 959 1370 1805
f 1052 968 2048
f 409 1907 971
f 597 1505 1982
f 1456 1226 1503
f 1888 994 981
f 1308 2196 1341
f 1823 1364 255
f 799 1434 1369
f 853 653 1462
f 1971 602 123
f 278 1406 1596
f 1035 1730 526
f 526 43 284
f 888 507 1357
f 677 1429 748
f 1435 712 1106
f 137 356 1185
f 1313 2013 1394
f 1402 157 1240
f 1596 714 278
f 193 1468 1143
f 569 1000 998
f 1477 897 192
f 1736 1972 1286
f 1399 8 767
f 105 867 1742
f 738 201 1103
f 1911 201 198
f 38 699 1224
f 1519 328 1814
f 93 1998 235
f 765 257 1229
f 1928 311 165
f 351 1839 118
f 1292 1160 2060
f 1788 205 1527
f 1558 198 738
f 1236 1396 1020
f 2183 1328 1487
f 696 535 1520
f 380 608 1708
f 2141 2203 768
f 393 639 1633
f 1443 1175 465
f 1476 2080 239
f 1989 180 1189
f 600 195 1165
f 677 1650 1429
f 1042 1644 446
f 2168 154 760
f 2001 789 1847
f 1603 63 2193
f 1098 366 977
f 1206 1780 1081
f 223 1097 1448
f 480 2068 1029
f 399 773 721
f 1125 1180 1946
f 843 1379 1480
f 1578 1912 844
f 2122 2113 1815
f 2034 736 691
f 826 1390 767
f 573 301 675
f 1314 289 429
f 308 638 1532
f 809 798 1742
f 1486 211 497
f 980 105 467
f 286 1034 2078
f 229 1260 400
f 1457 1489 686
f 1938 1736 631
f 1084 1139 479
f 1819 167 435
f 239 1807 2189
f 1765 176 1508
f 227 335 44
f 1079 934 1212
f 2102 127 337
f 339 1842 2038
f 259 74 1007
f 131 2152 429
f 680 128 660
f 1855 1646 1374
f 1848 1397 1770
f 1673 2051 1138
f 812 1628 1037
f 1563 1945 1944
f 1468 193 326
f 1180 1723 1946
f 2046 1928 203
f 1102 2213 711
f 2119 1321 557
f 718 1045 2071
f 1648 114 1942
f 501 204 1606
f 585 1059 1323
f 1043 374 527
f 480 1016 1366
f 2098 1134 1929
f 1663 9 989
f 786 1096 991
f 2097 1504 1824
f 948 1252 1215
f 1281 1061 788
f 1809 745 2202
f 886 792 566
f 1400 849 1670
f 828 2124 770
f 211 1486 725
f 1497 1145 786
f 1419 790 1199
f 320 57 1878
f 1275 806 534
f 407 2 272
f 1477 386 941
f 1235 1181 694
f 384 555 1432
f 2147 88 8
f 489 62 2066
f 1792 1608 1943
f 2069 841 1838
f 498 2074 1999
f 847 458 893
f 902 669 397
f 345 762 288
f 965 765 317
f 539 1632 2197
f 744 1500 1475
f 2139 1668 1229
f 1459 203 1928
f 1057 1970 1345
f 719 1458 110
f 1031 435 536
f 2024 2070 350
f 369 2005 1670
f 67 2096 1607
f 1417 2095 1409
f 1498 102 595
f 62 45 1666
f 1871 1120 1756
f 1137 1268 1685
f 320 272 747
f 2018 609 1534
f 2132 209 506
f 1582 604 1696
f 2123 923 1026
f 857 1037 1628
f 1999 1938 2175
f 822 1553 1095
f 1979 1617 1570
f 32 613 1573
f 1833 917 764
f 1903 1589 1739
f 1467 2202 403
f 1736 1286 2001
f 1134 1256 1859
f 1866 341 2212
f 1614 748 1429
f 993 815 2131
f 871 1461 1786
f 844 1639 1578
f 940 218 939
f 894 769 483
f 391 1668 966
f 816 1347 1261
f 1860 1659 863
f 1638 479 1139
f 356 1904 1185
f 679 2194 1539
f 307 1323 1605
f 2163 2160 234
f 1727 1845 520
f 1680 196 153
f 298 1331 2187
f 322 1775 1364
f 1550 373 1315
f 2112 1461 871
f 606 35 2077
f 757 778 1780
f 1055 1817 1121
f 327 1925 601
f 344 1331 545
f 111 1834 1444
f 1320 1148 166
f 1026 923 1438
f 1464 96 744
f 2126 1916 1349
f 1610 563 535
f 840 531 631
f 1606 1761 1399
f 821 935 1806
f 2152 46 1497
f 2032 91 522
f 1890 804 1345
f 1238 330 1007
f 1283 995 1952
f 701 1302 1892
f 357 1214 451
f 630 2111 1080
f 1487 2180 915
f 676 1622 2212
f 680 2186 321
f 1239 195 600
f 1572 453 1891
f 1681 1609 1798
f 1348 1693 446
f 1643 464 839
f 1104 1138 2051
f 2072 1618 92
f 247 2119 150
f 336 1724 953
f 1472 2075 1550
f 661 1355 23
f 1565 1921 1419
f 1718 815 32
f 549 2143 1093
f 808 2120 1405
f 1660 887 379
f 1404 742 1676
f 821 70 763
f 622 1202 1920
f 1208 930 1334
f 1177 1355 621
f 1409 2095 1256
f 321 2160 1726
f 1135 1952 995
f 1212 1793 1564
f 1868 2027 1599
f 698 1117 211
f 946 1983 1398
f 2029 552 1319
f 2114 2131 458
f 1832 1886 805
f 1705 765 965
f 813 1746 1305
f 868 2189 1764
f 2143 1294 1093
f 1102 913 2178
f 2017 1094 1896
f 983 1714 856
f 1674 1051 1945
f 1093 734 31
f 1304 1755 1928
f 901 634 1158
f 2147 388 88
f 538 681 412
f 608 1262 1708
f 704 1232 1967
f 1408 2086 1277
f 18 758 230
f 2015 639 528
f 229 1282 1260
f 1505 597 792
f 302 1095 1553
f 1494 46 739
f 2052 1816 2153
f 1366 1122 764
f 1402 1240 627
f 1414 1841 1060
f 993 2131 1168
f 1521 413 468
f 332 1806 26
f 1917 1518 1080
f 1669 151 1332
f 178 1311 682
f 576 371 1465
f 1030 1326 196
f 730 213 810
f 2057 431 378
f 1536 1336 1950
f 344 545 1292
f 1630 283 224
f 310 712 1935
f 1433 123 910
f 839 1072 460
f 366 47 964
f 464 462 1033
f 398 1257 208
f 1523 745 1809
f 68 1640 1516
f 2082 945 629
f 1891 453 1040
f 481 184 466
f 804 1962 1481
f 1077 1871 2116
f 240 57 902
f 1536 1615 494
f 1161 1129 340
f 258 1188 1237
f 785 1132 1941
f 101 185 576
f 686 116 1457
f 1004 785 280
f 467 1275 1712
f 1289 154 848
f 1255 551 1623
f 311 1350 1879
f 528 1744 775
f 2089 1837 2064
f 2160 2186 530
f 1981 2213 1905
f 1731 1720 2087
f 631 1014 840
f 1355 1170 621
f 1506 573 675
f 491 1803 1143
f 519 494 1829
f 153 1494 952
f 1028 754 2055
f 1060 1250 475
f 1279 1627 1149
f 466 2208 136
f 1386 509 156
f 1651 515 285
f 882 866 151
f 1631 1688 1233
f 1222 1346 86
f 2037 1730 1469
f 2191 1803 504
f 1316 1932 1931
f 1347 816 883
f 1386 722 1089
f 2036 1155 457
f 314 1697 1752
f 197 1552 1439
f 1418 1976 21
f 2078 1953 286
f 1590 1295 1772
f 275 108 990
f 1231 2175 1938
f 271 1629 542
f 1826 2211 77
f 1202 1265 1757
f 794 1341 996
f 1202 1884 163
f 62 1666 2066
f 1104 1911 78
f 2113 2122 20
f 862 1027 284
f 105 1275 467
f 2168 1970 1937
f 897 1477 577
f 414 158 1020
f 2083 1556 1855
f 839 1699 1117
f 1829 458 519
f 1702 1452 777
f 289 370 1018
f 1795 2133 253
f 1064 2110 2026
f 236 2050 578
f 1296 1734 944
f 145 1310 920
f 1076 620 1964
f 1006 832 2088
f 794 1352 881
f 1274 1452 1702
f 376 1359 561
f 1975 288 1745
f 2149 955 654
f 1930 855 1978
f 928 56 504
f 1498 1827 619
f 495 447 177
f 610 510 2148
f 51 436 705
f 1837 1764 2064
f 1804 27 1234
f 2038 1097 406
f 510 644 2148
f 1658 560 2008
f 2196 2107 1679
f 1291 562 2111
f 275 990 266
f 147 139 1372
f 81 1928 165
f 2177 1235 1174
f 871 1160 1292
f 106 1845 1836
f 858 689 642
f 2144 920 1310
f 438 1209 824
f 991 1497 786
f 852 678 2002
f 1720 1805 2087
f 1043 1834 374
f 26 1915 1584
f 432 553 1741
f 1695 795 1518
f 803 1829 494
f 995 759 83
f 1269 987 39
f 1787 1869 1926
f 1965 179 1422
f 1014 1847 1531
f 1571 749 1471
f 1459 911 1220
f 1431 1176 1952
f 362 1144 743
f 164 1 142
f 1054 589 1617
f 559 7 1059
f 1804 1234 1022
f 1920 737 2012
f 1508 709 977
f 1261 1347 1816
f 295 1447 63
f 1782 807 1549
f 1026 1923 1618
f 646 831 868
f 1859 1269 39
f 1468 326 1559
f 1533 244 570
f 2145 1164 689
f 2040 572 1055
f 1321 1230 951
f 1218 494 662
f 2153 1197 135
f 1752 1740 1529
f 186 416 1111
f 1348 446 584
f 1797 174 1768
f 279 1559 1452
f 2129 1334 248
f 139 538 726
f 1336 1536 1058
f 1333 507 888
f 1707 2141 1088
f 1110 1861 851
f 293 246 1157
f 265 1886 99
f 2211 1373 168
f 987 1002 39
f 55 1372 726
f 1657 1521 897
f 1711 2138 1225
f 646 2150 580
f 2037 955 205
f 1626 637 1881
f 1544 1537 1726
f 1220 911 777
f 1123 635 2073
f 2157 1101 1190
f 64 1863 1822
f 1873 1083 417
f 807 1449 1112
f 1288 218 2019
f 1794 2040 1121
f 1880 1466 1758
f 1271 125 380
f 927 2211 168
f 1306 271 1105
f 1955 1315 867
f 1333 888 180
f 1813 1593 1672
f 1802 518 2003
f 328 2107 1814
f 632 2002 71
f 1860 306 1659
f 2022 1628 879
f 249 1371 1652
f 2007 278 714
f 1306 1105 1625
f 1545 846 659
f 612 1133 127
f 1519 357 451
f 1253 1474 1242
f 1093 31 547
f 413 1521 470
f 1114 387 1211
f 1936 664 962
f 1756 110 860
f 294 2058 36
f 413 786 468
f 250 1415 1280
f 997 1205 1557
f 74 673 1981
f 509 2155 1647
f 1126 50 2015
f 558 355 535
f 975 1244 986
f 993 1490 711
f 604 1195 564
f 234 243 2163
f 418 782 1982
f 400 377 229
f 220 2207 1552
f 612 1979 1570
f 1322 1116 1068
f 664 1936 1208
f 631 1736 2001
f 1259 234 749
f 1096 413 90
f 741 150 1703
f 1799 2192 1154
f 1119 626 1662
f 1766 1755 1304
f 1344 641 1233
f 736 797 691
f 72 2135 1701
f 53 1975 1636
f 1480 1503 843
f 1136 514 1909
f 232 688 2042
f 774 1063 368
f 1652 1371 2108
f 554 2015 50
f 1865 1815 2113
f 1743 677 748
f 818 737 1790
f 236 947 292
f 824 1684 438
f 267 1824 1504
f 824 1758 1428
f 1654 33 1294
f 492 268 2163
f 2091 1470 1757
f 1321 1078 845
f 1704 121 351
f 226 1082 1100
f 1357 636 2071
f 1351 603 1167
f 1568 1032 1988
f 92 370 2084
f 1325 967 516
f 1506 1823 573
f 548 1202 163
f 1062 654 658
f 835 235 554
f 1309 1176 1665
f 620 1076 2022
f 1534 609 1353
f 1411 1951 513
f 1507 655 391
f 1157 246 1683
f 1341 794 1308
f 1908 54 1747
f 1524 1021 2081
f 1539 1667 119
f 628 452 1633
f 2026 2110 495
f 191 330 217
f 604 1582 267
f 1680 1030 196
f 637 1844 471
f 2183 740 342
f 2056 1609 1681
f 2170 810 987
f 12 457 1011
f 253 261 1795
f 1564 1079 1212
f 1008 835 50
f 1176 685 1665
f 1847 789 1724
f 1253 1664 1754
f 750 41 1155
f 1558 1147 1843
f 1212 934 1707
f 2195 439 817
f 1542 2012 1485
f 369 1017 2041
f 663 1895 1332
f 1849 1501 2061
f 11 1588 2049
f 1462 1431 853
f 504 1803 365
f 622 1285 1884
f 125 1271 1731
f 1848 1770 620
f 616 475 1509
f 101 2198 185
f 394 348 1118
f 1364 1406 322
f 1725 1695 1023
f 67 674 1235
f 474 1265 1083
f 1480 1379 1376
f 190 653 143
f 1971 123 2142
f 1625 1105 1217
f 2204 1310 145
f 1638 1759 335
f 1595 1232 704
f 1749 1178 918
f 998 2101 1602
f 1799 327 1445
f 1463 1554 1144
f 397 669 1769
f 2052 2153 135
f 1269 2170 987
f 989 2185 2170
f 731 2140 437
f 965 391 655
f 290 232 136
f 1124 1713 2075
f 212 90 155
f 2206 883 816
f 1038 1056 1314
f 222 1383 1388
f 711 1981 673
f 658 1430 1130
f 1766 1304 1753
f 1226 523 1003
f 2170 511 989
f 1906 55 776
f 1318 696 390
f 512 667 2065
f 1571 134 1383
f 1116 631 531
f 939 1978 489
f 1318 390 1130
f 715 819 1125
f 515 1651 1183
f 1707 1088 780
f 1328 411 514
f 288 1025 1872
f 413 470 90
f 1502 1247 836
f 389 1297 912
f 1721 334 1773
f 1739 668 1713
f 135 1402 269
f 432 1741 85
f 25 2159 1962
f 546 1420 337
f 497 155 1657
f 572 581 178
f 2050 236 1086
f 1975 53 1069
f 706 1078 1046
f 1562 263 1391
f 687 322 1902
f 622 1884 1202
f 1554 1960 1442
f 1754 480 1474
f 285 1484 1651
f 57 735 1878
f 1455 1011 457
f 717 1807 482
f 724 1863 64
f 737 1470 2154
f 1685 533 1864
f 2186 1635 1424
f 1876 1616 1107
f 2029 1319 574
f 1335 199 2081
f 1053 911 346
f 1291 625 2210
f 578 19 1589
f 1259 749 1383
f 570 616 181
f 1017 1336 1058
f 1877 536 1173
f 1147 2092 472
f 1446 2187 1331
f 841 392 1838
f 488 1013 483
f 1689 978 1156
f 655 1507 1716
f 921 932 1219
f 1191 25 1957
f 1354 1727 1808
f 387 2026 672
f 1738 231 1961
f 885 1963 999
f 1954 1698 1010
f 26 1584 1681
f 755 542 195
f 1278 421 220
f 1830 158 2087
f 2203 2141 1707
f 1243 2043 1753
f 1614 870 95
f 462 1301 1965
f 790 1253 1199
f 1944 28 1563
f 1870 1826 1600
f 1861 1680 2039
f 560 1989 1189
f 758 524 230
f 1221 2059 851
f 1003 929 922
f 233 363 1634
f 1440 787 772
f 1073 1674 1067
f 764 1122 80
f 418 232 314
f 815 993 613
f 440 1885 1316
f 217 330 385
f 2091 137 1470
f 774 876 29
f 727 1266 1725
f 504 1369 2191
f 1278 59 296
f 2003 744 2199
f 187 656 1526
f 674 1611 1235
f 85 385 330
f 1133 546 127
f 545 2200 2112
f 1963 885 230
f 1884 2062 163
f 396 1856 541
f 1963 383 999
f 1094 1939 194
f 449 830 1641
f 667 49 351
f 655 1705 965
f 1271 2118 1731
f 102 1498 820
f 202 1722 920
f 1067 1674 754
f 407 365 491
f 1544 858 104
f 2022 879 300
f 2186 1424 1432
f 1189 1268 560
f 178 2203 1311
f 1441 1918 1857
f 428 1422 179
f 1513 1 164
f 282 1135 47
f 1210 1119 1662
f 948 527 210
f 525 1718 265
f 2055 1969 113
f 1219 390 1520
f 1299 1569 1979
f 2134 967 2193
f 1349 53 1636
f 87 2062 1285
f 333 1931 1050
f 1814 1308 1127
f 1403 2177 1016
f 290 688 232
f 163 2062 997
f 794 881 544
f 1865 1572 1815
f 1290 1909 72
f 822 284 1027
f 678 2176 1602
f 985 146 1968
f 1392 834 1017
f 1851 2113 1990
f 1591 1801 866
f 2043 701 60
f 1550 2075 668
f 1500 796 1475
f 1443 1312 1175
f 1964 752 484
f 983 1843 1147
f 1541 1874 1885
f 754 1674 1540
f 156 1155 2036
f 1137 1864 1401
f 1012 2041 1201
f 2109 1619 969
f 813 1367 957
f 680 2067 128
f 693 1415 2063
f 1608 793 1943
f 928 1580 56
f 263 79 1273
f 1093 1294 33
f 113 1656 1028
f 2121 189 826
f 1981 961 74
f 268 492 265
f 1119 545 626
f 1111 416 890
f 1065 910 434
f 890 1179 1219
f 1235 2177 2096
f 251 187 1526
f 1446 979 904
f 1623 1151 473
f 1802 819 518
f 432 503 553
f 1266 2025 1725
f 1894 352 1433
f 1658 2008 487
f 1173 536 167
f 1998 93 1279
f 2192 1445 2005
f 839 460 1699
f 1146 869 1626
f 818 339 1485
f 1292 1331 344
f 1791 1246 228
f 2095 1417 1061
f 45 1784 1666
f 1911 559 2032
f 2058 1732 1146
f 1526 656 484
f 2153 1922 1197
f 867 373 1412
f 274 1072 1450
f 745 1184 1927
f 1065 1894 1433
f 113 1216 1656
f 878 1207 2059
f 587 1495 456
f 1148 1192 1917
f 635 1655 1912
f 176 1765 1293
f 1646 1855 1556
f 87 1760 1008
f 2105 581 572
f 1794 2107 328
f 152 1604 93
f 1032 2209 1988
f 863 51 1860
f 1750 1305 837
f 72 1701 1523
f 1146 972 869
f 548 1557 2139
f 135 1182 157
f 215 1989 1755
f 980 79 1748
f 891 775 1744
f 1937 1970 1057
f 118 28 1992
f 1921 246 1419
f 2052 135 269
f 326 1142 1559
f 1919 1939 1170
f 180 1989 215
f 990 108 788
f 1823 410 1596
f 2126 795 583
f 2104 816 256
f 1185 1172 137
f 1856 783 1846
f 1510 1971 1660
f 588 65 2162
f 2050 1086 556
f 2074 1190 1999
f 1375 1158 634
f 1985 608 125
f 332 70 1806
f 953 714 410
f 1201 1536 1974
f 879 511 1859
f 20 1676 1990
f 1040 1194 2200
f 1495 380 349
f 1213 804 1890
f 850 1665 685
f 1475 183 1785
f 1491 1639 942
f 137 2154 1470
f 1358 449 1641
f 1779 1526 484
f 1940 1408 1298
f 853 42 653
f 1378 1722 564
f 442 972 1042
f 904 1778 2187
f 839 1825 1072
f 1797 1768 1492
f 1441 5 1918
f 640 1186 1491
f 988 776 55
f 1659 401 2069
f 924 192 877
f 770 1744 692
f 1407 1239 2127
f 1702 911 1053
f 1344 1233 2063
f 1087 1600 2057
f 437 1094 731
f 709 1649 1044
f 275 1085 144
f 161 1898 1715
f 1116 1322 1938
f 1032 2117 424
f 1994 1927 116
f 1028 1067 754
f 64 1751 724
f 2093 1592 1368
f 956 456 349
f 922 1413 2054
f 1758 1554 1442
f 1032 734 2209
f 1854 1198 2167
f 103 89 848
f 877 2033 1141
f 1652 1484 285
f 1083 1535 417
f 703 1329 1630
f 1504 2097 2088
f 935 1915 1806
f 2182 359 485
f 1239 600 71
f 788 1061 266
f 1542 1285 622
f 2210 2127 2002
f 243 705 492
f 18 885 371
f 1023 727 1725
f 234 1259 243
f 978 1689 861
f 1294 746 2156
f 142 1423 1933
f 1240 54 1004
f 880 1910 903
f 1546 1242 1474
f 552 1552 324
f 1342 1862 1677
f 412 1039 726
f 1462 685 1176
f 2085 704 742
f 884 490 2170
f 2034 596 1186
f 450 1496 1890
f 1336 1017 834
f 508 1530 1661
f 110 1756 1120
f 1045 1864 533
f 1496 2006 1756
f 1186 1257 736
f 2068 1366 917
f 107 258 1605
f 1069 1916 720
f 25 1191 2159
f 306 1335 618
f 1956 287 439
f 2097 1036 2088
f 721 395 1436
f 1629 1277 1732
f 2163 1726 2160
f 481 136 232
f 1365 654 1469
f 364 1571 1743
f 1939 1919 194
f 594 42 1649
f 1708 389 1015
f 1284 254 2095
f 2203 581 768
f 1679 1794 582
f 757 884 778
f 1216 473 1447
f 594 143 653
f 1995 146 1878
f 1870 1330 1036
f 1193 1244 876
f 798 1813 1440
f 828 770 1914
f 2057 378 1087
f 1058 1536 1201
f 2016 619 1416
f 370 1618 1923
f 1002 1929 39
f 2086 1362 1042
f 765 1229 317
f 393 692 639
f 1292 2112 871
f 383 1963 230
f 1017 369 1392
f 1943 646 1792
f 1142 549 1547
f 1409 1134 2098
f 782 947 1903
f 37 2207 220
f 571 1160 1512
f 190 1660 685
f 95 870 1055
f 600 1165 71
f 1458 940 2066
f 813 957 1746
f 1734 781 2011
f 1637 45 1338
f 1579 1206 1081
f 1207 423 1110
f 1654 681 538
f 847 1102 1490
f 60 701 183
f 1423 142 1844
f 1454 2092 1595
f 1834 1043 221
f 222 1259 1383
f 2192 1798 1154
f 1935 1329 854
f 2046 1547 846
f 450 1970 760
f 1753 783 1243
f 335 177 447
f 129 213 719
f 1381 1897 1107
f 1875 87 1008
f 405 1479 866
f 232 418 1505
f 1533 571 244
f 2079 1818 1973
f 1252 210 363
f 1401 1034 2094
f 304 1638 447
f 1363 872 297
f 1273 1712 1776
f 1921 1565 943
f 1712 2125 1553
f 1698 217 325
f 1056 362 743
f 66 148 1376
f 1941 1303 785
f 1005 881 1467
f 570 244 1850
f 706 493 1435
f 22 540 555
f 1929 1361 1120
f 1687 354 206
f 376 309 1522
f 493 706 1046
f 459 1404 1676
f 2163 243 492
f 2171 1056 743
f 1453 569 998
f 815 905 763
f 2128 356 137
f 2080 2044 1492
f 766 64 1822
f 1253 1754 1474
f 1339 921 329
f 481 232 1505
f 1890 372 1213
f 80 1122 1393
f 984 452 441
f 455 456 956
f 1140 1293 910
f 274 252 1072
f 25 1962 1213
f 448 457 12
f 10 1701 2135
f 1101 278 2007
f 1318 1631 696
f 327 601 1663
f 1969 2055 1839
f 2080 1946 239
f 132 2181 140
f 65 1549 807
f 405 741 1703
f 110 617 1719
f 1428 1442 188
f 1231 1068 1931
f 1024 2072 1028
f 146 1204 1968
f 1865 1851 1381
f 1163 433 34
f 1586 2155 1386
f 961 1981 4
f 439 394 1956
f 1547 2046 203
f 1049 1951 1163
f 1611 24 773
f 488 2079 1973
f 2196 976 1341
f 502 658 1365
f 1199 1253 1242
f 841 376 1522
f 1131 813 1305
f 2037 1469 654
f 2104 627 1564
f 849 1037 1670
f 977 366 1942
f 997 1557 163
f 1306 1629 271
f 523 2002 100
f 520 287 1808
f 420 1903 1590
f 2147 1399 1761
f 384 1424 141
f 1099 1360 1359
f 959 2093 1185
f 233 973 541
f 520 132 287
f 859 700 67
f 892 1221 1773
f 693 2063 806
f 1172 2093 1368
f 1287 1624 2146
f 45 1637 1784
f 1395 2004 1775
f 1075 2058 1389
f 483 769 291
f 1288 1930 605
f 37 211 1117
f 1281 2157 1190
f 2198 1501 185
f 1692 1092 42
f 1668 1557 1205
f 1916 53 1349
f 1281 788 1976
f 1013 488 1973
f 1810 380 1196
f 240 1137 1356
f 1004 280 1240
f 1997 875 266
f 1259 1335 705
f 1905 4 1981
f 135 1197 1182
f 586 1690 434
f 464 1825 839
f 1646 1123 1041
f 994 933 1194
f 603 1857 2090
f 1251 1809 2202
f 1931 1932 1050
f 2086 972 1277
f 1090 1011 1455
f 1739 1713 1295
f 1907 536 1530
f 678 415 1947
f 411 526 1788
f 2026 387 1064
f 604 1451 1696
f 117 1958 1624
f 1535 1229 257
f 1483 206 383
f 884 1100 1082
f 256 784 627
f 2193 1897 430
f 561 309 376
f 1409 1997 13
f 1558 1843 198
f 1453 1 1513
f 2144 1451 202
f 134 1571 364
f 443 847 1168
f 1908 1004 54
f 554 50 835
f 1395 687 1694
f 1246 500 224
f 237 69 1144
f 921 1219 329
f 1991 1701 1737
f 2205 1853 527
f 192 898 1477
f 84 982 1538
f 1489 521 1450
f 1659 2069 863
f 1906 167 1819
f 2170 490 810
f 1181 1561 694
f 124 1914 393
f 1191 855 2159
f 311 846 1545
f 1086 292 2115
f 610 1258 1576
f 1491 1186 2031
f 610 2148 623
f 2121 960 1961
f 1395 1351 2004
f 2208 290 136
f 1519 1814 357
f 1197 15 1182
f 1421 1960 2174
f 1605 1586 107
f 1028 2072 1067
f 1222 814 1577
f 220 1552 59
f 727 219 1266
f 1574 1139 1836
f 1689 80 861
f 587 301 573
f 2178 1874 1541
f 1231 2000 422
f 733 1898 161
f 1318 1430 1688
f 607 771 1397
f 701 1464 183
f 1456 562 1291
f 1730 1788 526
f 1957 1637 1191
f 2139 1229 1535
f 892 1773 1828
f 992 840 200
f 2122 506 1676
f 493 283 1630
f 395 773 24
f 1502 551 1203
f 1822 1342 1900
f 1985 158 414
f 1523 1340 1290
f 1915 935 309
f 230 524 1483
# 4422 faces, 0 coords texture

# End of File
